extracting to directory: /home/handerson/Descargas/sd/out_yad/HyProTech-1.3.2
  creado: META-INF/
 inflado: META-INF/MANIFEST.MF
  creado: com/
  creado: com/doctorreborn/
  creado: com/doctorreborn/hytale/
  creado: com/doctorreborn/hytale/api/
  creado: com/doctorreborn/hytale/api/energy/
  creado: com/doctorreborn/hytale/api/energy/v1/
 inflado: com/doctorreborn/hytale/api/energy/v1/EnergyConsumer.class
 inflado: com/doctorreborn/hytale/api/energy/v1/EnergyProducer.class
 inflado: com/doctorreborn/hytale/api/energy/v1/EnergyStorage.class
 inflado: com/doctorreborn/hytale/api/energy/v1/EnergyStorageLookup$Provider.class
 inflado: com/doctorreborn/hytale/api/energy/v1/EnergyStorageLookup.class
 inflado: com/doctorreborn/hytale/api/energy/v1/EnergyStorageUtil.class
 inflado: com/doctorreborn/hytale/api/energy/v1/EnergyStorageView.class
 inflado: com/doctorreborn/hytale/api/energy/v1/EnergyTransferer.class
 inflado: com/doctorreborn/hytale/api/energy/v1/SlottedEnergyStorage.class
  creado: com/doctorreborn/hytale/api/energy/v1/base/
 inflado: com/doctorreborn/hytale/api/energy/v1/base/BaseEnergyConsumer.class
 inflado: com/doctorreborn/hytale/api/energy/v1/base/BaseEnergyProducer.class
 inflado: com/doctorreborn/hytale/api/energy/v1/base/BaseEnergyTransferer.class
 inflado: com/doctorreborn/hytale/api/energy/v1/base/CombinedEnergyStorage$CombinedIterator.class
 inflado: com/doctorreborn/hytale/api/energy/v1/base/CombinedEnergyStorage.class
 inflado: com/doctorreborn/hytale/api/energy/v1/base/CombinedSlottedEnergyStorage.class
 inflado: com/doctorreborn/hytale/api/energy/v1/base/ExtractionOnlyEnergyStorage.class
 inflado: com/doctorreborn/hytale/api/energy/v1/base/FilteringEnergyStorage$1.class
 inflado: com/doctorreborn/hytale/api/energy/v1/base/FilteringEnergyStorage$2.class
 inflado: com/doctorreborn/hytale/api/energy/v1/base/FilteringEnergyStorage$FilteringEnergyStorageView.class
 inflado: com/doctorreborn/hytale/api/energy/v1/base/FilteringEnergyStorage.class
 inflado: com/doctorreborn/hytale/api/energy/v1/base/InfiniteEnergyStorage.class
 inflado: com/doctorreborn/hytale/api/energy/v1/base/InsertionOnlyEnergyStorage.class
 inflado: com/doctorreborn/hytale/api/energy/v1/base/MultiBufferEnergyStorage.class
 inflado: com/doctorreborn/hytale/api/energy/v1/base/SingleBufferEnergyConsumer.class
 inflado: com/doctorreborn/hytale/api/energy/v1/base/SingleBufferEnergyProducer.class
 inflado: com/doctorreborn/hytale/api/energy/v1/base/SingleBufferEnergyStorage.class
 inflado: com/doctorreborn/hytale/api/energy/v1/base/SingleSlotEnergyStorage.class
  creado: com/doctorreborn/hytale/api/energy/v2/
 inflado: com/doctorreborn/hytale/api/energy/v2/Energy.class
 inflado: com/doctorreborn/hytale/api/energy/v2/EnergyConsumer.class
 inflado: com/doctorreborn/hytale/api/energy/v2/EnergyPreconditions.class
 inflado: com/doctorreborn/hytale/api/energy/v2/EnergyProducer.class
 inflado: com/doctorreborn/hytale/api/energy/v2/EnergyTransferer.class
  creado: com/doctorreborn/hytale/api/energy/v2/base/
 inflado: com/doctorreborn/hytale/api/energy/v2/base/BaseEnergyConsumer.class
 inflado: com/doctorreborn/hytale/api/energy/v2/base/BaseEnergyProducer.class
 inflado: com/doctorreborn/hytale/api/energy/v2/base/BaseEnergyTransferer.class
 inflado: com/doctorreborn/hytale/api/energy/v2/base/BufferedEnergyConsumer.class
 inflado: com/doctorreborn/hytale/api/energy/v2/base/BufferedEnergyProducer.class
 inflado: com/doctorreborn/hytale/api/energy/v2/base/FilteringEnergyStorage.class
 inflado: com/doctorreborn/hytale/api/energy/v2/base/InfiniteEnergyStorage.class
 inflado: com/doctorreborn/hytale/api/energy/v2/base/MultiBufferEnergyStorage.class
 inflado: com/doctorreborn/hytale/api/energy/v2/base/SingleBufferEnergyStorage.class
 inflado: com/doctorreborn/hytale/api/energy/v2/base/VoidEnergyStorage.class
  creado: com/doctorreborn/hytale/impl/
  creado: com/doctorreborn/hytale/impl/energy/
 inflado: com/doctorreborn/hytale/impl/energy/EnergyApiImpl$1.class
 inflado: com/doctorreborn/hytale/impl/energy/EnergyApiImpl$2.class
 inflado: com/doctorreborn/hytale/impl/energy/EnergyApiImpl.class
  creado: com/example/
  creado: com/example/plugin/
 inflado: com/example/plugin/Machinarium.class
 inflado: com/example/plugin/MachinariumCommand.class
 inflado: com/example/plugin/MachinariumComponents.class
 inflado: com/example/plugin/MachinariumIds.class
 inflado: com/example/plugin/TieredIdUtil.class
 inflado: com/example/plugin/UpgradePersistence$1.class
 inflado: com/example/plugin/UpgradePersistence$PendingDrops.class
 inflado: com/example/plugin/UpgradePersistence$PendingUpgrade.class
 inflado: com/example/plugin/UpgradePersistence.class
  creado: com/example/plugin/changelog/
 inflado: com/example/plugin/changelog/ChangelogConfig$Entry.class
 inflado: com/example/plugin/changelog/ChangelogConfig.class
 inflado: com/example/plugin/changelog/ChangelogManager.class
  creado: com/example/plugin/config/
 inflado: com/example/plugin/config/ConfigArrays.class
  creado: com/example/plugin/energy/
 inflado: com/example/plugin/energy/BatteryUpgradeConfig$ConfigData.class
 inflado: com/example/plugin/energy/BatteryUpgradeConfig$Requirement.class
 inflado: com/example/plugin/energy/BatteryUpgradeConfig.class
 inflado: com/example/plugin/energy/CableUpgradeConfig$ConfigData.class
 inflado: com/example/plugin/energy/CableUpgradeConfig$Requirement.class
 inflado: com/example/plugin/energy/CableUpgradeConfig.class
 inflado: com/example/plugin/energy/EnergyNetworkSystem$1.class
 inflado: com/example/plugin/energy/EnergyNetworkSystem$CableNetwork.class
 inflado: com/example/plugin/energy/EnergyNetworkSystem$CableNode.class
 inflado: com/example/plugin/energy/EnergyNetworkSystem$CablePos.class
 inflado: com/example/plugin/energy/EnergyNetworkSystem$CableState.class
 inflado: com/example/plugin/energy/EnergyNetworkSystem$EnergyStorageSnapshot.class
 inflado: com/example/plugin/energy/EnergyNetworkSystem$ExternalNeighbor.class
 inflado: com/example/plugin/energy/EnergyNetworkSystem$NeighborNode.class
 inflado: com/example/plugin/energy/EnergyNetworkSystem$TransferBudget.class
 inflado: com/example/plugin/energy/EnergyNetworkSystem.class
 inflado: com/example/plugin/energy/EnergyNodeComponent$1.class
 inflado: com/example/plugin/energy/EnergyNodeComponent$NodeType.class
 inflado: com/example/plugin/energy/EnergyNodeComponent.class
 inflado: com/example/plugin/energy/EnergyNodeStorage.class
 inflado: com/example/plugin/energy/EnergySide.class
 inflado: com/example/plugin/energy/EnergySideMode.class
 inflado: com/example/plugin/energy/EnergyUnits.class
 inflado: com/example/plugin/energy/SolarUpgradeConfig$ConfigData.class
 inflado: com/example/plugin/energy/SolarUpgradeConfig$Requirement.class
 inflado: com/example/plugin/energy/SolarUpgradeConfig.class
 inflado: com/example/plugin/energy/SunlightUtil$TailState.class
 inflado: com/example/plugin/energy/SunlightUtil.class
 inflado: com/example/plugin/energy/WindUpgradeConfig$ConfigData.class
 inflado: com/example/plugin/energy/WindUpgradeConfig$Requirement.class
 inflado: com/example/plugin/energy/WindUpgradeConfig.class
 inflado: com/example/plugin/energy/WindUtil.class
  creado: com/example/plugin/furnace/
 inflado: com/example/plugin/furnace/FurnaceConfig$ConfigData.class
 inflado: com/example/plugin/furnace/FurnaceConfig.class
  creado: com/example/plugin/interaction/
 inflado: com/example/plugin/interaction/CableNetworkUpgradeInteraction.class
 inflado: com/example/plugin/interaction/CableSideToolInteraction$1.class
 inflado: com/example/plugin/interaction/CableSideToolInteraction.class
 inflado: com/example/plugin/interaction/OpenPoweredBenchInteraction.class
  creado: com/example/plugin/item/
 inflado: com/example/plugin/item/FilterMode.class
 inflado: com/example/plugin/item/ItemDistributionMode.class
 inflado: com/example/plugin/item/ItemMode.class
 inflado: com/example/plugin/item/ItemNetworkSystem$1.class
 inflado: com/example/plugin/item/ItemNetworkSystem$CableNetwork.class
 inflado: com/example/plugin/item/ItemNetworkSystem$CableNode.class
 inflado: com/example/plugin/item/ItemNetworkSystem$CablePos.class
 inflado: com/example/plugin/item/ItemNetworkSystem$CableState.class
 inflado: com/example/plugin/item/ItemNetworkSystem$ContainerLookup.class
 inflado: com/example/plugin/item/ItemNetworkSystem$Endpoint.class
 inflado: com/example/plugin/item/ItemNetworkSystem$MachineSlotLayout.class
 inflado: com/example/plugin/item/ItemNetworkSystem$NetworkKey.class
 inflado: com/example/plugin/item/ItemNetworkSystem$SinkEndpoint.class
 inflado: com/example/plugin/item/ItemNetworkSystem$SlotRange.class
 inflado: com/example/plugin/item/ItemNetworkSystem$SourceEndpoint.class
 inflado: com/example/plugin/item/ItemNetworkSystem.class
 inflado: com/example/plugin/item/ItemNodeComponent$1.class
 inflado: com/example/plugin/item/ItemNodeComponent.class
 inflado: com/example/plugin/item/ItemStorageConfigChunk.class
 inflado: com/example/plugin/item/ItemStorageConfigComponent.class
 inflado: com/example/plugin/item/ItemTarget.class
  creado: com/example/plugin/mac/
 inflado: com/example/plugin/mac/MacConfigBridge$BonusDropFactory.class
 inflado: com/example/plugin/mac/MacConfigBridge$ConfigBundle.class
 inflado: com/example/plugin/mac/MacConfigBridge$MacFieldFactory.class
 inflado: com/example/plugin/mac/MacConfigBridge$MacSchemaBuilder.class
 inflado: com/example/plugin/mac/MacConfigBridge$RequirementFactory.class
 inflado: com/example/plugin/mac/MacConfigBridge.class
 inflado: com/example/plugin/mac/MacSettings$AlloySmelter.class
 inflado: com/example/plugin/mac/MacSettings$Battery.class
 inflado: com/example/plugin/mac/MacSettings$BonusDrop.class
 inflado: com/example/plugin/mac/MacSettings$Cable.class
 inflado: com/example/plugin/mac/MacSettings$Furnace.class
 inflado: com/example/plugin/mac/MacSettings$OreCrusher.class
 inflado: com/example/plugin/mac/MacSettings$Quarry.class
 inflado: com/example/plugin/mac/MacSettings$Requirement.class
 inflado: com/example/plugin/mac/MacSettings$RequirementGroup.class
 inflado: com/example/plugin/mac/MacSettings$Solar.class
 inflado: com/example/plugin/mac/MacSettings$Wind.class
 inflado: com/example/plugin/mac/MacSettings.class
  creado: com/example/plugin/machine/
 inflado: com/example/plugin/machine/AlloySmelterConfig$BonusDrop.class
 inflado: com/example/plugin/machine/AlloySmelterConfig$ConfigData.class
 inflado: com/example/plugin/machine/AlloySmelterConfig$Requirement.class
 inflado: com/example/plugin/machine/AlloySmelterConfig.class
 inflado: com/example/plugin/machine/AlloySmelterMachine.class
 inflado: com/example/plugin/machine/AlloySmelterRecipes$RecipeEntry.class
 inflado: com/example/plugin/machine/AlloySmelterRecipes.class
 inflado: com/example/plugin/machine/MachineComponent.class
 inflado: com/example/plugin/machine/MachineContext.class
 inflado: com/example/plugin/machine/MachineDefinition.class
 inflado: com/example/plugin/machine/MachineItemAccess.class
 inflado: com/example/plugin/machine/MachineRegistry.class
 inflado: com/example/plugin/machine/MachineSystem.class
 inflado: com/example/plugin/machine/MasterMachine.class
 inflado: com/example/plugin/machine/OreCrusherConfig$BonusDrop.class
 inflado: com/example/plugin/machine/OreCrusherConfig$ConfigData.class
 inflado: com/example/plugin/machine/OreCrusherConfig$Requirement.class
 inflado: com/example/plugin/machine/OreCrusherConfig.class
 inflado: com/example/plugin/machine/OreCrusherMachine.class
 inflado: com/example/plugin/machine/OreCrusherRecipes$RecipeEntry.class
 inflado: com/example/plugin/machine/OreCrusherRecipes.class
 inflado: com/example/plugin/machine/QuarryAreaManager$BlockSnapshot.class
 inflado: com/example/plugin/machine/QuarryAreaManager$BorderRecord.class
 inflado: com/example/plugin/machine/QuarryAreaManager$Bounds.class
 inflado: com/example/plugin/machine/QuarryAreaManager$TorchBounds.class
 inflado: com/example/plugin/machine/QuarryAreaManager$TorchBoundsCache.class
 inflado: com/example/plugin/machine/QuarryAreaManager.class
 inflado: com/example/plugin/machine/QuarryConfig$ConfigData.class
 inflado: com/example/plugin/machine/QuarryConfig$Requirement.class
 inflado: com/example/plugin/machine/QuarryConfig.class
 inflado: com/example/plugin/machine/QuarryMachine$BackfillState.class
 inflado: com/example/plugin/machine/QuarryMachine$BlockTarget.class
 inflado: com/example/plugin/machine/QuarryMachine$Bounds.class
 inflado: com/example/plugin/machine/QuarryMachine$PendingBackfill.class
 inflado: com/example/plugin/machine/QuarryMachine.class
  creado: com/example/plugin/sound/
 inflado: com/example/plugin/sound/MachinariumSounds.class
  creado: com/example/plugin/ui/
 inflado: com/example/plugin/ui/AlloySmelterPage$DragSnapshot.class
 inflado: com/example/plugin/ui/AlloySmelterPage$GridType.class
 inflado: com/example/plugin/ui/AlloySmelterPage$PlayerIndexMode.class
 inflado: com/example/plugin/ui/AlloySmelterPage$SlotRef.class
 inflado: com/example/plugin/ui/AlloySmelterPage.class
 inflado: com/example/plugin/ui/AlloySmelterUiEvent.class
 inflado: com/example/plugin/ui/BatteryPage.class
 inflado: com/example/plugin/ui/CablePage$1.class
 inflado: com/example/plugin/ui/CablePage.class
 inflado: com/example/plugin/ui/CableUpgradeEvent.class
 inflado: com/example/plugin/ui/CableUpgradePage$CableType.class
 inflado: com/example/plugin/ui/CableUpgradePage$EnergyCableEntry.class
 inflado: com/example/plugin/ui/CableUpgradePage$EnergyNetworkSnapshot.class
 inflado: com/example/plugin/ui/CableUpgradePage$ItemCableEntry.class
 inflado: com/example/plugin/ui/CableUpgradePage$ItemNetworkSnapshot.class
 inflado: com/example/plugin/ui/CableUpgradePage$UpgradeKey.class
 inflado: com/example/plugin/ui/CableUpgradePage$UpgradeProgress.class
 inflado: com/example/plugin/ui/CableUpgradePage.class
 inflado: com/example/plugin/ui/ChangelogEvent.class
 inflado: com/example/plugin/ui/ChangelogPage.class
 inflado: com/example/plugin/ui/EmptyHud.class
 inflado: com/example/plugin/ui/FurnaceHud.class
 inflado: com/example/plugin/ui/FurnacePage$FurnaceEventData.class
 inflado: com/example/plugin/ui/FurnacePage.class
 inflado: com/example/plugin/ui/ItemCablePage$ConfigUpdate.class
 inflado: com/example/plugin/ui/ItemCablePage$ContainerLookup.class
 inflado: com/example/plugin/ui/ItemCablePage.class
 inflado: com/example/plugin/ui/ItemNetworkPriorityEvent.class
 inflado: com/example/plugin/ui/ItemNetworkPriorityPage$CableInfo.class
 inflado: com/example/plugin/ui/ItemNetworkPriorityPage$ConfigUpdate.class
 inflado: com/example/plugin/ui/ItemNetworkPriorityPage$ContainerLookup.class
 inflado: com/example/plugin/ui/ItemNetworkPriorityPage$NetworkSnapshot.class
 inflado: com/example/plugin/ui/ItemNetworkPriorityPage$StorageEntry.class
 inflado: com/example/plugin/ui/ItemNetworkPriorityPage.class
 inflado: com/example/plugin/ui/OpenCustomUIWithWindowsInteraction.class
 inflado: com/example/plugin/ui/OreCrusherPage$DragSnapshot.class
 inflado: com/example/plugin/ui/OreCrusherPage$GridType.class
 inflado: com/example/plugin/ui/OreCrusherPage$PlayerIndexMode.class
 inflado: com/example/plugin/ui/OreCrusherPage$SlotRef.class
 inflado: com/example/plugin/ui/OreCrusherPage.class
 inflado: com/example/plugin/ui/OreCrusherUiEvent.class
 inflado: com/example/plugin/ui/PlayerUiSystem$CableNetworkInfo.class
 inflado: com/example/plugin/ui/PlayerUiSystem$DisplayState.class
 inflado: com/example/plugin/ui/PlayerUiSystem$FurnaceHudState.class
 inflado: com/example/plugin/ui/PlayerUiSystem$ItemCableNetworkInfo.class
 inflado: com/example/plugin/ui/PlayerUiSystem$TargetKind.class
 inflado: com/example/plugin/ui/PlayerUiSystem.class
 inflado: com/example/plugin/ui/QuarryPage.class
 inflado: com/example/plugin/ui/SideToggleEvent.class
 inflado: com/example/plugin/ui/SolarHud.class
 inflado: com/example/plugin/ui/SolarPage.class
 inflado: com/example/plugin/ui/SolarUpgradeEvent.class
 inflado: com/example/plugin/ui/UiItemIds.class
 inflado: com/example/plugin/ui/WindPage.class
 inflado: com/example/plugin/ui/WindUpgradeEvent.class
 inflado: com/example/plugin/ui/WindowProvider.class
 inflado: com/example/plugin/ui/WindowlessPage.class
  creado: com/google/
  creado: com/google/common/
  creado: com/google/common/base/
 inflado: com/google/common/base/Supplier.class
  creado: com/google/common/collect/
 inflado: com/google/common/collect/Iterators$1.class
 inflado: com/google/common/collect/Iterators$2.class
 inflado: com/google/common/collect/Iterators.class
  creado: com/shailist/
  creado: com/shailist/hytale/
  creado: com/shailist/hytale/api/
  creado: com/shailist/hytale/api/transfer/
  creado: com/shailist/hytale/api/transfer/v1/
  creado: com/shailist/hytale/api/transfer/v1/storage/
 inflado: com/shailist/hytale/api/transfer/v1/storage/Storage.class
 inflado: com/shailist/hytale/api/transfer/v1/storage/StoragePreconditions.class
 inflado: com/shailist/hytale/api/transfer/v1/storage/StorageView.class
  creado: com/shailist/hytale/api/transfer/v1/storage/base/
 inflado: com/shailist/hytale/api/transfer/v1/storage/base/CombinedSlottedStorage$1.class
 inflado: com/shailist/hytale/api/transfer/v1/storage/base/CombinedSlottedStorage.class
 inflado: com/shailist/hytale/api/transfer/v1/storage/base/ExtractionOnlyStorage.class
 inflado: com/shailist/hytale/api/transfer/v1/storage/base/FilteringStorage$1.class
 inflado: com/shailist/hytale/api/transfer/v1/storage/base/FilteringStorage$FilteringStorageView.class
 inflado: com/shailist/hytale/api/transfer/v1/storage/base/FilteringStorage.class
 inflado: com/shailist/hytale/api/transfer/v1/storage/base/InsertionOnlyStorage.class
 inflado: com/shailist/hytale/api/transfer/v1/storage/base/ResourceAmount.class
 inflado: com/shailist/hytale/api/transfer/v1/storage/base/SingleSlotStorage.class
  creado: com/shailist/hytale/api/transfer/v1/transaction/
 inflado: com/shailist/hytale/api/transfer/v1/transaction/Transaction.class
 inflado: com/shailist/hytale/api/transfer/v1/transaction/TransactionContext.class
  creado: com/shailist/hytale/api/transfer/v1/transaction/base/
 inflado: com/shailist/hytale/api/transfer/v1/transaction/base/SnapshotParticipant.class
  creado: com/shailist/hytale/impl/
  creado: com/shailist/hytale/impl/transfer/
 inflado: com/shailist/hytale/impl/transfer/TransferApiImpl.class
  creado: org/
  creado: org/jspecify/
  creado: org/jspecify/annotations/
 inflado: org/jspecify/annotations/NonNull.class
 inflado: org/jspecify/annotations/Nullable.class
 inflado: manifest.json
  creado: Common/
  creado: Common/Audio/
  creado: Common/Audio/SoundEvents/
 inflado: Common/Audio/SoundEvents/Machinarium_Electric_Furnace.json
 inflado: Common/Audio/SoundEvents/Machinarium_Solar_Panel.json
 inflado: Common/Audio/SoundEvents/Machinarium_Wind_Turbine.json
  creado: Common/BlockTextures/
 inflado: Common/BlockTextures/BasicBaterry.png
 inflado: Common/BlockTextures/BasicBaterry_T1.png
 inflado: Common/BlockTextures/BasicBaterry_T2.png
 inflado: Common/BlockTextures/BasicBaterry_T3.png
 inflado: Common/BlockTextures/BasicBaterry_T4.png
 inflado: Common/BlockTextures/BasicBaterry_T5.png
 inflado: Common/BlockTextures/Border.png
 inflado: Common/BlockTextures/ElectricFurnace.png
 inflado: Common/BlockTextures/ElectricFurnace_T1.png
 inflado: Common/BlockTextures/ElectricFurnace_T2.png
 inflado: Common/BlockTextures/ElectricFurnace_T3.png
 inflado: Common/BlockTextures/ElectricFurnace_T4.png
 inflado: Common/BlockTextures/ElectricFurnace_T5.png
 inflado: Common/BlockTextures/ElectricalWorkbench.png
 inflado: Common/BlockTextures/OreCrusher.png
 inflado: Common/BlockTextures/Quarry_T0.png
 inflado: Common/BlockTextures/Quarry_T1.png
 inflado: Common/BlockTextures/Quarry_T2.png
 inflado: Common/BlockTextures/Quarry_T3.png
 inflado: Common/BlockTextures/Quarry_T4.png
 inflado: Common/BlockTextures/Quarry_T5.png
 inflado: Common/BlockTextures/SolarPanel.png
 inflado: Common/BlockTextures/SolarPanel5x5.png
 inflado: Common/BlockTextures/SolarPanelT3.png
 inflado: Common/BlockTextures/SolarPanel_T1.png
 inflado: Common/BlockTextures/SolarPanel_T2.png
 inflado: Common/BlockTextures/SolarPanel_T3.png
 inflado: Common/BlockTextures/SolarPanel_T4.png
 inflado: Common/BlockTextures/SolarPanel_T5.png
 inflado: Common/BlockTextures/SolarPanel_š.png
 inflado: Common/BlockTextures/cable.png
 inflado: Common/BlockTextures/cable_black.png
 inflado: Common/BlockTextures/cable_blue.png
 inflado: Common/BlockTextures/cable_brown.png
 inflado: Common/BlockTextures/cable_green.png
 inflado: Common/BlockTextures/cable_item.png
 inflado: Common/BlockTextures/cable_item_t1.png
 inflado: Common/BlockTextures/cable_item_t2.png
 inflado: Common/BlockTextures/cable_item_t3.png
 inflado: Common/BlockTextures/cable_item_t4.png
 inflado: Common/BlockTextures/cable_item_t5.png
 inflado: Common/BlockTextures/cable_t1.png
 inflado: Common/BlockTextures/cable_t2.png
 inflado: Common/BlockTextures/cable_t3.png
 inflado: Common/BlockTextures/cable_t4.png
 inflado: Common/BlockTextures/cable_t5.png
 inflado: Common/BlockTextures/energycableinside.png
 inflado: Common/BlockTextures/machinarium_battery.png
 inflado: Common/BlockTextures/machinarium_electric_furnace.png
 inflado: Common/BlockTextures/machinarium_energy_cable.png
 inflado: Common/BlockTextures/machinarium_solar_panel.png
 inflado: Common/BlockTextures/quarry.png
 inflado: Common/BlockTextures/s.png
 inflado: Common/BlockTextures/sd.png
  creado: Common/Blocks/
  creado: Common/Blocks/Machinarium/
  creado: Common/Blocks/Machinarium/Alloy Smelter/
 inflado: Common/Blocks/Machinarium/Alloy Smelter/AlloySmelter.blockyanim
 inflado: Common/Blocks/Machinarium/Alloy Smelter/AlloySmelter.blockymodel
 inflado: Common/Blocks/Machinarium/Alloy Smelter/AlloySmelter.png
 inflado: Common/Blocks/Machinarium/Alloy Smelter/AlloySmelter_T1.png
 inflado: Common/Blocks/Machinarium/Alloy Smelter/AlloySmelter_T2.png
 inflado: Common/Blocks/Machinarium/Alloy Smelter/AlloySmelter_T3.png
 inflado: Common/Blocks/Machinarium/Alloy Smelter/AlloySmelter_T4.png
 inflado: Common/Blocks/Machinarium/Alloy Smelter/AlloySmelter_T5.png
  creado: Common/Blocks/Machinarium/BasicBattery/
 inflado: Common/Blocks/Machinarium/BasicBattery/BasicBattery.blockymodel
 inflado: Common/Blocks/Machinarium/BasicBattery/Cable.blockymodel
  creado: Common/Blocks/Machinarium/BorderTorch/
 inflado: Common/Blocks/Machinarium/BorderTorch/Torch_Texture.png
 inflado: Common/Blocks/Machinarium/BorderTorch/borderTorch.blockymodel
  creado: Common/Blocks/Machinarium/Cable/
 inflado: Common/Blocks/Machinarium/Cable/CableInput.blockymodel
 inflado: Common/Blocks/Machinarium/Cable/CableOutput.blockymodel
 inflado: Common/Blocks/Machinarium/Cable/Cable_00.blockymodel
 inflado: Common/Blocks/Machinarium/Cable/Cable_01.blockymodel
 inflado: Common/Blocks/Machinarium/Cable/Cable_02.blockymodel
 inflado: Common/Blocks/Machinarium/Cable/Cable_03.blockymodel
 inflado: Common/Blocks/Machinarium/Cable/Cable_04.blockymodel
 inflado: Common/Blocks/Machinarium/Cable/Cable_05.blockymodel
 inflado: Common/Blocks/Machinarium/Cable/Cable_06.blockymodel
 inflado: Common/Blocks/Machinarium/Cable/Cable_07.blockymodel
 inflado: Common/Blocks/Machinarium/Cable/Cable_08.blockymodel
 inflado: Common/Blocks/Machinarium/Cable/Cable_09.blockymodel
 inflado: Common/Blocks/Machinarium/Cable/Cable_10.blockymodel
 inflado: Common/Blocks/Machinarium/Cable/Cable_11.blockymodel
 inflado: Common/Blocks/Machinarium/Cable/Cable_12.blockymodel
 inflado: Common/Blocks/Machinarium/Cable/Cable_13.blockymodel
 inflado: Common/Blocks/Machinarium/Cable/Cable_14.blockymodel
 inflado: Common/Blocks/Machinarium/Cable/Cable_15.blockymodel
 inflado: Common/Blocks/Machinarium/Cable/Cable_16.blockymodel
 inflado: Common/Blocks/Machinarium/Cable/Cable_17.blockymodel
 inflado: Common/Blocks/Machinarium/Cable/Cable_18.blockymodel
 inflado: Common/Blocks/Machinarium/Cable/Cable_19.blockymodel
 inflado: Common/Blocks/Machinarium/Cable/Cable_20.blockymodel
 inflado: Common/Blocks/Machinarium/Cable/Cable_21.blockymodel
 inflado: Common/Blocks/Machinarium/Cable/Cable_22.blockymodel
 inflado: Common/Blocks/Machinarium/Cable/Cable_23.blockymodel
 inflado: Common/Blocks/Machinarium/Cable/Cable_24.blockymodel
 inflado: Common/Blocks/Machinarium/Cable/Cable_25.blockymodel
 inflado: Common/Blocks/Machinarium/Cable/Cable_26.blockymodel
 inflado: Common/Blocks/Machinarium/Cable/Cable_27.blockymodel
 inflado: Common/Blocks/Machinarium/Cable/Cable_28.blockymodel
 inflado: Common/Blocks/Machinarium/Cable/Cable_29.blockymodel
 inflado: Common/Blocks/Machinarium/Cable/Cable_30.blockymodel
 inflado: Common/Blocks/Machinarium/Cable/Cable_31.blockymodel
 inflado: Common/Blocks/Machinarium/Cable/Cable_32.blockymodel
 inflado: Common/Blocks/Machinarium/Cable/Cable_33.blockymodel
 inflado: Common/Blocks/Machinarium/Cable/Cable_34.blockymodel
 inflado: Common/Blocks/Machinarium/Cable/Cable_35.blockymodel
 inflado: Common/Blocks/Machinarium/Cable/Cable_36.blockymodel
 inflado: Common/Blocks/Machinarium/Cable/Cable_37.blockymodel
 inflado: Common/Blocks/Machinarium/Cable/Cable_38.blockymodel
 inflado: Common/Blocks/Machinarium/Cable/Cable_39.blockymodel
 inflado: Common/Blocks/Machinarium/Cable/Cable_40.blockymodel
 inflado: Common/Blocks/Machinarium/Cable/Cable_41.blockymodel
 inflado: Common/Blocks/Machinarium/Cable/Cable_42.blockymodel
 inflado: Common/Blocks/Machinarium/Cable/Cable_43.blockymodel
 inflado: Common/Blocks/Machinarium/Cable/Cable_44.blockymodel
 inflado: Common/Blocks/Machinarium/Cable/Cable_45.blockymodel
 inflado: Common/Blocks/Machinarium/Cable/Cable_46.blockymodel
 inflado: Common/Blocks/Machinarium/Cable/Cable_47.blockymodel
 inflado: Common/Blocks/Machinarium/Cable/Cable_48.blockymodel
 inflado: Common/Blocks/Machinarium/Cable/Cable_49.blockymodel
 inflado: Common/Blocks/Machinarium/Cable/Cable_50.blockymodel
 inflado: Common/Blocks/Machinarium/Cable/Cable_51.blockymodel
 inflado: Common/Blocks/Machinarium/Cable/Cable_52.blockymodel
 inflado: Common/Blocks/Machinarium/Cable/Cable_53.blockymodel
 inflado: Common/Blocks/Machinarium/Cable/Cable_54.blockymodel
 inflado: Common/Blocks/Machinarium/Cable/Cable_55.blockymodel
 inflado: Common/Blocks/Machinarium/Cable/Cable_56.blockymodel
 inflado: Common/Blocks/Machinarium/Cable/Cable_57.blockymodel
 inflado: Common/Blocks/Machinarium/Cable/Cable_58.blockymodel
 inflado: Common/Blocks/Machinarium/Cable/Cable_59.blockymodel
 inflado: Common/Blocks/Machinarium/Cable/Cable_60.blockymodel
 inflado: Common/Blocks/Machinarium/Cable/Cable_61.blockymodel
 inflado: Common/Blocks/Machinarium/Cable/Cable_62.blockymodel
 inflado: Common/Blocks/Machinarium/Cable/Cable_63.blockymodel
  creado: Common/Blocks/Machinarium/CastingTablemetalPress/
 inflado: Common/Blocks/Machinarium/CastingTablemetalPress/Metal Plate Press.bbmodel
 inflado: Common/Blocks/Machinarium/CastingTablemetalPress/Metal Plate Press.blockymodel
 inflado: Common/Blocks/Machinarium/CastingTablemetalPress/metal plate press.png
  creado: Common/Blocks/Machinarium/ElectricFurnace/
 inflado: Common/Blocks/Machinarium/ElectricFurnace/ElectricFurnace.blockymodel
 inflado: Common/Blocks/Machinarium/ElectricFurnace/FurnaceOn.blockyanim
 inflado: Common/Blocks/Machinarium/ElectricFurnace/furnace_close.blockyanim
 inflado: Common/Blocks/Machinarium/ElectricFurnace/furnace_open.blockyanim
  creado: Common/Blocks/Machinarium/ElectricalWorkbench/
 inflado: Common/Blocks/Machinarium/ElectricalWorkbench/Workbench.blockymodel
  creado: Common/Blocks/Machinarium/Large Battery/
 inflado: Common/Blocks/Machinarium/Large Battery/LargeBattery.bbmodel
 inflado: Common/Blocks/Machinarium/Large Battery/LargeBattery.blockymodel
 inflado: Common/Blocks/Machinarium/Large Battery/LargeBattery.png
  creado: Common/Blocks/Machinarium/MachineFrame/
 inflado: Common/Blocks/Machinarium/MachineFrame/Frame_Base.blockymodel
 inflado: Common/Blocks/Machinarium/MachineFrame/MachineFrame_Base.bbmodel
 inflado: Common/Blocks/Machinarium/MachineFrame/ReinforcedFrame_Base.bbmodel
 inflado: Common/Blocks/Machinarium/MachineFrame/ReinforcedFrame_Base.blockymodel
 inflado: Common/Blocks/Machinarium/MachineFrame/machineframe.png
 inflado: Common/Blocks/Machinarium/MachineFrame/reinforcemachineframe.png
  creado: Common/Blocks/Machinarium/OreCrusher/
 inflado: Common/Blocks/Machinarium/OreCrusher/OreCrusher.blockymodel
 inflado: Common/Blocks/Machinarium/OreCrusher/OreCrusher.png
 inflado: Common/Blocks/Machinarium/OreCrusher/crusher.blockyanim
  creado: Common/Blocks/Machinarium/Quarry/
 inflado: Common/Blocks/Machinarium/Quarry/BasicQuarry.bbmodel
 inflado: Common/Blocks/Machinarium/Quarry/Quarry_T0.blockymodel
 inflado: Common/Blocks/Machinarium/Quarry/Quarry_T1.blockymodel
 inflado: Common/Blocks/Machinarium/Quarry/Quarry_T2.blockymodel
 inflado: Common/Blocks/Machinarium/Quarry/Quarry_T3.blockymodel
 inflado: Common/Blocks/Machinarium/Quarry/Quarry_T4.blockymodel
 inflado: Common/Blocks/Machinarium/Quarry/Quarry_T5.blockymodel
  creado: Common/Blocks/Machinarium/SolarPanel/
 inflado: Common/Blocks/Machinarium/SolarPanel/SolarPanel.blockyanim
 inflado: Common/Blocks/Machinarium/SolarPanel/SolarPanel.blockymodel
 inflado: Common/Blocks/Machinarium/SolarPanel/SolarPanel5x5.blockymodel
  creado: Common/Blocks/Machinarium/Turret/
 inflado: Common/Blocks/Machinarium/Turret/Turret.blockyanim
 inflado: Common/Blocks/Machinarium/Turret/Turret.blockymodel
 inflado: Common/Blocks/Machinarium/Turret/Turret.png
 inflado: Common/Blocks/Machinarium/Turret/TurretBAse.blockymodel
 inflado: Common/Blocks/Machinarium/Turret/TurretHead.blockymodel
  creado: Common/Blocks/Machinarium/WindTurbine/
 inflado: Common/Blocks/Machinarium/WindTurbine/WindTurbine.blockyanim
 inflado: Common/Blocks/Machinarium/WindTurbine/WindTurbine.blockymodel
 inflado: Common/Blocks/Machinarium/WindTurbine/WindTurbine.png
 inflado: Common/Blocks/Machinarium/WindTurbine/WindTurbine_T1.png
 inflado: Common/Blocks/Machinarium/WindTurbine/WindTurbine_T2.png
 inflado: Common/Blocks/Machinarium/WindTurbine/WindTurbine_T3.png
 inflado: Common/Blocks/Machinarium/WindTurbine/WindTurbine_T4.png
 inflado: Common/Blocks/Machinarium/WindTurbine/WindTurbine_T5.png
  creado: Common/Blocks/Machinarium/border/
 inflado: Common/Blocks/Machinarium/border/BorderLine.blockymodel
 inflado: Common/Blocks/Machinarium/border/BorderLineBack.blockymodel
 inflado: Common/Blocks/Machinarium/border/BorderLineBackFront.blockymodel
 inflado: Common/Blocks/Machinarium/border/BorderLineBackUp.blockymodel
 inflado: Common/Blocks/Machinarium/border/BorderLineCornerLEFTBACK.blockymodel
 inflado: Common/Blocks/Machinarium/border/BorderLineCornerLEFTFRONT.blockymodel
 inflado: Common/Blocks/Machinarium/border/BorderLineCornerRIGHTBACK.blockymodel
 inflado: Common/Blocks/Machinarium/border/BorderLineCornerRIGHTFRONT.blockymodel
 inflado: Common/Blocks/Machinarium/border/BorderLineCornerUP.blockymodel
 inflado: Common/Blocks/Machinarium/border/BorderLineCornerUPLeftBackMiddle.blockymodel
 inflado: Common/Blocks/Machinarium/border/BorderLineCornerUPLeftFrontMiddle.blockymodel
 inflado: Common/Blocks/Machinarium/border/BorderLineCornerUPRightBackMiddle.blockymodel
 inflado: Common/Blocks/Machinarium/border/BorderLineCornerUPRightFrontMiddle.blockymodel
 inflado: Common/Blocks/Machinarium/border/BorderLineCorneruUPLEFTBACK.blockymodel
 inflado: Common/Blocks/Machinarium/border/BorderLineCorneruUPLEFTFRONT.blockymodel
 inflado: Common/Blocks/Machinarium/border/BorderLineCorneruUPRIGHTBACK.blockymodel
 inflado: Common/Blocks/Machinarium/border/BorderLineCorneruUPRIGHTFRONT.blockymodel
 inflado: Common/Blocks/Machinarium/border/BorderLineSIDE.blockymodel
 inflado: Common/Blocks/Machinarium/border/BorderLineSIDELeft.blockymodel
 inflado: Common/Blocks/Machinarium/border/BorderLineSIDEUPLeft.blockymodel
 inflado: Common/Blocks/Machinarium/border/BorderLineSIDEUPRight.blockymodel
 inflado: Common/Blocks/Machinarium/border/texture.png
  creado: Common/Icons/
  creado: Common/Icons/ItemsGenerated/
 inflado: Common/Icons/ItemsGenerated/Machinarium_Allosy_Smelter_T4.png
 inflado: Common/Icons/ItemsGenerated/Machinarium_Alloy_Bronze.png
 inflado: Common/Icons/ItemsGenerated/Machinarium_Alloy_Constantan.png
 inflado: Common/Icons/ItemsGenerated/Machinarium_Alloy_Electrum.png
 inflado: Common/Icons/ItemsGenerated/Machinarium_Alloy_Invar.png
 inflado: Common/Icons/ItemsGenerated/Machinarium_Alloy_Smelster_T2.png
 inflado: Common/Icons/ItemsGenerated/Machinarium_Alloy_Smeltser_T1.png
 inflado: Common/Icons/ItemsGenerated/Machinarium_Alloy_Steel.png
 inflado: Common/Icons/ItemsGenerated/Machinarium_Aluminum_Ingot.png
 inflado: Common/Icons/ItemsGenerated/Machinarium_Chromium_Ingot.png
 inflado: Common/Icons/ItemsGenerated/Machinarium_Circuit_Board.png
 inflado: Common/Icons/ItemsGenerated/Machinarium_Composite_Alloy_Ingot.png
 inflado: Common/Icons/ItemsGenerated/Machinarium_Gears.png
 inflado: Common/Icons/ItemsGenerated/Machinarium_Heavy_Spring.png
 inflado: Common/Icons/ItemsGenerated/Machinarium_High_Tier_Alloy_Blend.png
 inflado: Common/Icons/ItemsGenerated/Machinarium_Lithium_Ingot.png
 inflado: Common/Icons/ItemsGenerated/Machinarium_Machine_Frame.png
 inflado: Common/Icons/ItemsGenerated/Machinarium_Manganese_Ingot.png
 inflado: Common/Icons/ItemsGenerated/Machinarium_Metal_Plate.png
 inflado: Common/Icons/ItemsGenerated/Machinarium_Metal_Rod.png
 inflado: Common/Icons/ItemsGenerated/Machinarium_Nickel_Ingot.png
 inflado: Common/Icons/ItemsGenerated/Machinarium_Plutonium_Ingot.png
 inflado: Common/Icons/ItemsGenerated/Machinarium_Reinforced_Frame.png
 inflado: Common/Icons/ItemsGenerated/Machinarium_Reinforced_Gears.png
 inflado: Common/Icons/ItemsGenerated/Machinarium_Reinforced_Plate.png
 inflado: Common/Icons/ItemsGenerated/Machinarium_Reinforced_Rod.png
 inflado: Common/Icons/ItemsGenerated/Machinarium_Superalloy_Blend.png
 inflado: Common/Icons/ItemsGenerated/Machinarium_Tin_Ingot.png
 inflado: Common/Icons/ItemsGenerated/Machinarium_Titanium_Ingot.png
 inflado: Common/Icons/ItemsGenerated/Machinarium_Titanium_Plate.png
 inflado: Common/Icons/ItemsGenerated/Machinarium_Titanium_Vanadium_Alloy.png
 inflado: Common/Icons/ItemsGenerated/Machinarium_Tungsten_Ingot.png
 inflado: Common/Icons/ItemsGenerated/Machinarium_Tungsten_Plate.png
 inflado: Common/Icons/ItemsGenerated/Machinarium_Uranium_Ingot.png
 inflado: Common/Icons/ItemsGenerated/Machinarium_Vanadium_Ingot.png
 inflado: Common/Icons/ItemsGenerated/Ore_Bauxite.png
 inflado: Common/Icons/ItemsGenerated/Ore_Bauxite_Basalt.png
 inflado: Common/Icons/ItemsGenerated/Ore_Bauxite_Calcite.png
 inflado: Common/Icons/ItemsGenerated/Ore_Bauxite_Dry_Mud.png
 inflado: Common/Icons/ItemsGenerated/Ore_Bauxite_Magma.png
 inflado: Common/Icons/ItemsGenerated/Ore_Bauxite_Sandstone.png
 inflado: Common/Icons/ItemsGenerated/Ore_Bauxite_Shale.png
 inflado: Common/Icons/ItemsGenerated/Ore_Bauxite_Slate.png
 inflado: Common/Icons/ItemsGenerated/Ore_Bauxite_Stone.png
 inflado: Common/Icons/ItemsGenerated/Ore_Bauxite_Volcanic.png
 inflado: Common/Icons/ItemsGenerated/Ore_Cassiterite.png
 inflado: Common/Icons/ItemsGenerated/Ore_Cassiterite_Basalt.png
 inflado: Common/Icons/ItemsGenerated/Ore_Cassiterite_Calcite.png
 inflado: Common/Icons/ItemsGenerated/Ore_Cassiterite_Dry_Mud.png
 inflado: Common/Icons/ItemsGenerated/Ore_Cassiterite_Magma.png
 inflado: Common/Icons/ItemsGenerated/Ore_Cassiterite_Sandstone.png
 inflado: Common/Icons/ItemsGenerated/Ore_Cassiterite_Shale.png
 inflado: Common/Icons/ItemsGenerated/Ore_Cassiterite_Slate.png
 inflado: Common/Icons/ItemsGenerated/Ore_Cassiterite_Stone.png
 inflado: Common/Icons/ItemsGenerated/Ore_Cassiterite_Volcanic.png
 inflado: Common/Icons/ItemsGenerated/Ore_Chromite.png
 inflado: Common/Icons/ItemsGenerated/Ore_Chromite_Basalt.png
 inflado: Common/Icons/ItemsGenerated/Ore_Chromite_Calcite.png
 inflado: Common/Icons/ItemsGenerated/Ore_Chromite_Dry_Mud.png
 inflado: Common/Icons/ItemsGenerated/Ore_Chromite_Magma.png
 inflado: Common/Icons/ItemsGenerated/Ore_Chromite_Sandstone.png
 inflado: Common/Icons/ItemsGenerated/Ore_Chromite_Shale.png
 inflado: Common/Icons/ItemsGenerated/Ore_Chromite_Slate.png
 inflado: Common/Icons/ItemsGenerated/Ore_Chromite_Stone.png
 inflado: Common/Icons/ItemsGenerated/Ore_Chromite_Volcanic.png
 inflado: Common/Icons/ItemsGenerated/Ore_Ilmenite.png
 inflado: Common/Icons/ItemsGenerated/Ore_Ilmenite_Basalt.png
 inflado: Common/Icons/ItemsGenerated/Ore_Ilmenite_Calcite.png
 inflado: Common/Icons/ItemsGenerated/Ore_Ilmenite_Dry_Mud.png
 inflado: Common/Icons/ItemsGenerated/Ore_Ilmenite_Magma.png
 inflado: Common/Icons/ItemsGenerated/Ore_Ilmenite_Sandstone.png
 inflado: Common/Icons/ItemsGenerated/Ore_Ilmenite_Shale.png
 inflado: Common/Icons/ItemsGenerated/Ore_Ilmenite_Slate.png
 inflado: Common/Icons/ItemsGenerated/Ore_Ilmenite_Stone.png
 inflado: Common/Icons/ItemsGenerated/Ore_Ilmenite_Volcanic.png
 inflado: Common/Icons/ItemsGenerated/Ore_Manganese.png
 inflado: Common/Icons/ItemsGenerated/Ore_Manganese_Basalt.png
 inflado: Common/Icons/ItemsGenerated/Ore_Manganese_Calcite.png
 inflado: Common/Icons/ItemsGenerated/Ore_Manganese_Dry_Mud.png
 inflado: Common/Icons/ItemsGenerated/Ore_Manganese_Magma.png
 inflado: Common/Icons/ItemsGenerated/Ore_Manganese_Sandstone.png
 inflado: Common/Icons/ItemsGenerated/Ore_Manganese_Shale.png
 inflado: Common/Icons/ItemsGenerated/Ore_Manganese_Slate.png
 inflado: Common/Icons/ItemsGenerated/Ore_Manganese_Stone.png
 inflado: Common/Icons/ItemsGenerated/Ore_Manganese_Volcanic.png
 inflado: Common/Icons/ItemsGenerated/Ore_Pentlandite.png
 inflado: Common/Icons/ItemsGenerated/Ore_Pentlandite_Basalt.png
 inflado: Common/Icons/ItemsGenerated/Ore_Pentlandite_Calcite.png
 inflado: Common/Icons/ItemsGenerated/Ore_Pentlandite_Dry_Mud.png
 inflado: Common/Icons/ItemsGenerated/Ore_Pentlandite_Magma.png
 inflado: Common/Icons/ItemsGenerated/Ore_Pentlandite_Sandstone.png
 inflado: Common/Icons/ItemsGenerated/Ore_Pentlandite_Shale.png
 inflado: Common/Icons/ItemsGenerated/Ore_Pentlandite_Slate.png
 inflado: Common/Icons/ItemsGenerated/Ore_Pentlandite_Stone.png
 inflado: Common/Icons/ItemsGenerated/Ore_Pentlandite_Volcanic.png
 inflado: Common/Icons/ItemsGenerated/Ore_Quartzite.png
 inflado: Common/Icons/ItemsGenerated/Ore_Quartzite_Basalt.png
 inflado: Common/Icons/ItemsGenerated/Ore_Quartzite_Calcite.png
 inflado: Common/Icons/ItemsGenerated/Ore_Quartzite_Dry_Mud.png
 inflado: Common/Icons/ItemsGenerated/Ore_Quartzite_Magma.png
 inflado: Common/Icons/ItemsGenerated/Ore_Quartzite_Sandstone.png
 inflado: Common/Icons/ItemsGenerated/Ore_Quartzite_Shale.png
 inflado: Common/Icons/ItemsGenerated/Ore_Quartzite_Slate.png
 inflado: Common/Icons/ItemsGenerated/Ore_Quartzite_Stone.png
 inflado: Common/Icons/ItemsGenerated/Ore_Quartzite_Volcanic.png
 inflado: Common/Icons/ItemsGenerated/Ore_Scheelite.png
 inflado: Common/Icons/ItemsGenerated/Ore_Scheelite_Basalt.png
 inflado: Common/Icons/ItemsGenerated/Ore_Scheelite_Calcite.png
 inflado: Common/Icons/ItemsGenerated/Ore_Scheelite_Dry_Mud.png
 inflado: Common/Icons/ItemsGenerated/Ore_Scheelite_Magma.png
 inflado: Common/Icons/ItemsGenerated/Ore_Scheelite_Sandstone.png
 inflado: Common/Icons/ItemsGenerated/Ore_Scheelite_Shale.png
 inflado: Common/Icons/ItemsGenerated/Ore_Scheelite_Slate.png
 inflado: Common/Icons/ItemsGenerated/Ore_Scheelite_Stone.png
 inflado: Common/Icons/ItemsGenerated/Ore_Scheelite_Volcanic.png
 inflado: Common/Icons/ItemsGenerated/Ore_Spodumene.png
 inflado: Common/Icons/ItemsGenerated/Ore_Spodumene_Basalt.png
 inflado: Common/Icons/ItemsGenerated/Ore_Spodumene_Calcite.png
 inflado: Common/Icons/ItemsGenerated/Ore_Spodumene_Dry_Mud.png
 inflado: Common/Icons/ItemsGenerated/Ore_Spodumene_Magma.png
 inflado: Common/Icons/ItemsGenerated/Ore_Spodumene_Sandstone.png
 inflado: Common/Icons/ItemsGenerated/Ore_Spodumene_Shale.png
 inflado: Common/Icons/ItemsGenerated/Ore_Spodumene_Slate.png
 inflado: Common/Icons/ItemsGenerated/Ore_Spodumene_Stone.png
 inflado: Common/Icons/ItemsGenerated/Ore_Spodumene_Volcanic.png
 inflado: Common/Icons/ItemsGenerated/Ore_Uraninite.png
 inflado: Common/Icons/ItemsGenerated/Ore_Uraninite_Basalt.png
 inflado: Common/Icons/ItemsGenerated/Ore_Uraninite_Calcite.png
 inflado: Common/Icons/ItemsGenerated/Ore_Uraninite_Dry_Mud.png
 inflado: Common/Icons/ItemsGenerated/Ore_Uraninite_Magma.png
 inflado: Common/Icons/ItemsGenerated/Ore_Uraninite_Sandstone.png
 inflado: Common/Icons/ItemsGenerated/Ore_Uraninite_Shale.png
 inflado: Common/Icons/ItemsGenerated/Ore_Uraninite_Slate.png
 inflado: Common/Icons/ItemsGenerated/Ore_Uraninite_Stone.png
 inflado: Common/Icons/ItemsGenerated/Ore_Uraninite_Volcanic.png
 inflado: Common/Icons/ItemsGenerated/Ore_Vanadinite.png
 inflado: Common/Icons/ItemsGenerated/Ore_Vanadinite_Basalt.png
 inflado: Common/Icons/ItemsGenerated/Ore_Vanadinite_Calcite.png
 inflado: Common/Icons/ItemsGenerated/Ore_Vanadinite_Dry_Mud.png
 inflado: Common/Icons/ItemsGenerated/Ore_Vanadinite_Magma.png
 inflado: Common/Icons/ItemsGenerated/Ore_Vanadinite_Sandstone.png
 inflado: Common/Icons/ItemsGenerated/Ore_Vanadinite_Shale.png
 inflado: Common/Icons/ItemsGenerated/Ore_Vanadinite_Slate.png
 inflado: Common/Icons/ItemsGenerated/Ore_Vanadinite_Stone.png
 inflado: Common/Icons/ItemsGenerated/Ore_Vanadinite_Volcanic.png
 inflado: Common/Icons/ItemsGenerated/machinarium_adamantite_powder.png
 inflado: Common/Icons/ItemsGenerated/machinarium_alloy_constantan_powder.png
 inflado: Common/Icons/ItemsGenerated/machinarium_alloy_electrum_powder.png
 inflado: Common/Icons/ItemsGenerated/machinarium_alloy_invar_powder.png
 inflado: Common/Icons/ItemsGenerated/machinarium_alloy_smelter.png
 inflado: Common/Icons/ItemsGenerated/machinarium_alloy_smelter_t1.png
 inflado: Common/Icons/ItemsGenerated/machinarium_alloy_smelter_t2.png
 inflado: Common/Icons/ItemsGenerated/machinarium_alloy_smelter_t3.png
 inflado: Common/Icons/ItemsGenerated/machinarium_alloy_smelter_t4.png
 inflado: Common/Icons/ItemsGenerated/machinarium_alloy_smelter_t5.png
 inflado: Common/Icons/ItemsGenerated/machinarium_alloy_steel_powder.png
 inflado: Common/Icons/ItemsGenerated/machinarium_alloy_thorium.png
 inflado: Common/Icons/ItemsGenerated/machinarium_aluminum_powder.png
 inflado: Common/Icons/ItemsGenerated/machinarium_battery.png
 inflado: Common/Icons/ItemsGenerated/machinarium_battery_T1.png
 inflado: Common/Icons/ItemsGenerated/machinarium_battery_T2.png
 inflado: Common/Icons/ItemsGenerated/machinarium_battery_T3.png
 inflado: Common/Icons/ItemsGenerated/machinarium_battery_T4.png
 inflado: Common/Icons/ItemsGenerated/machinarium_battery_T5.png
 inflado: Common/Icons/ItemsGenerated/machinarium_border_torch.png
 inflado: Common/Icons/ItemsGenerated/machinarium_chromium_powder.png
 inflado: Common/Icons/ItemsGenerated/machinarium_cobalt_powder.png
 inflado: Common/Icons/ItemsGenerated/machinarium_composite_alloy_powder.png
 inflado: Common/Icons/ItemsGenerated/machinarium_copper_powder.png
 inflado: Common/Icons/ItemsGenerated/machinarium_electric_furnace.png
 inflado: Common/Icons/ItemsGenerated/machinarium_electric_furnace_T1.png
 inflado: Common/Icons/ItemsGenerated/machinarium_electric_furnace_T2.png
 inflado: Common/Icons/ItemsGenerated/machinarium_electric_furnace_T3.png
 inflado: Common/Icons/ItemsGenerated/machinarium_electric_furnace_T4.png
 inflado: Common/Icons/ItemsGenerated/machinarium_electric_furnace_T5.png
 inflado: Common/Icons/ItemsGenerated/machinarium_electrical_workbench.png
 inflado: Common/Icons/ItemsGenerated/machinarium_energy_cable.png
 inflado: Common/Icons/ItemsGenerated/machinarium_energy_cable_T1.png
 inflado: Common/Icons/ItemsGenerated/machinarium_energy_cable_T2.png
 inflado: Common/Icons/ItemsGenerated/machinarium_energy_cable_T3.png
 inflado: Common/Icons/ItemsGenerated/machinarium_energy_cable_T4.png
 inflado: Common/Icons/ItemsGenerated/machinarium_energy_cable_T5.png
 inflado: Common/Icons/ItemsGenerated/machinarium_gold_powder.png
 inflado: Common/Icons/ItemsGenerated/machinarium_high_tier_alloy_blend_powder.png
 inflado: Common/Icons/ItemsGenerated/machinarium_iron_powder.png
 inflado: Common/Icons/ItemsGenerated/machinarium_item_cable.png
 inflado: Common/Icons/ItemsGenerated/machinarium_item_cable_T1.png
 inflado: Common/Icons/ItemsGenerated/machinarium_item_cable_T2.png
 inflado: Common/Icons/ItemsGenerated/machinarium_item_cable_T3.png
 inflado: Common/Icons/ItemsGenerated/machinarium_item_cable_T4.png
 inflado: Common/Icons/ItemsGenerated/machinarium_item_cable_T5.png
 inflado: Common/Icons/ItemsGenerated/machinarium_large_battery.png
 inflado: Common/Icons/ItemsGenerated/machinarium_lithium_powder.png
 inflado: Common/Icons/ItemsGenerated/machinarium_manganese_powder.png
 inflado: Common/Icons/ItemsGenerated/machinarium_metal_plate_press.png
 inflado: Common/Icons/ItemsGenerated/machinarium_nickel_powder.png
 inflado: Common/Icons/ItemsGenerated/machinarium_ore_chips.png
 inflado: Common/Icons/ItemsGenerated/machinarium_ore_crusher.png
 inflado: Common/Icons/ItemsGenerated/machinarium_quarry.png
 inflado: Common/Icons/ItemsGenerated/machinarium_quarry_T1.png
 inflado: Common/Icons/ItemsGenerated/machinarium_quarry_T2.png
 inflado: Common/Icons/ItemsGenerated/machinarium_quarry_T3.png
 inflado: Common/Icons/ItemsGenerated/machinarium_quarry_T4.png
 inflado: Common/Icons/ItemsGenerated/machinarium_quarry_T5.png
 inflado: Common/Icons/ItemsGenerated/machinarium_scrap.png
 inflado: Common/Icons/ItemsGenerated/machinarium_silicon_powder.png
 inflado: Common/Icons/ItemsGenerated/machinarium_silver_powder.png
 inflado: Common/Icons/ItemsGenerated/machinarium_slag.png
 inflado: Common/Icons/ItemsGenerated/machinarium_solar_panel.png
 inflado: Common/Icons/ItemsGenerated/machinarium_solar_panel_T1.png
 inflado: Common/Icons/ItemsGenerated/machinarium_solar_panel_T2.png
 inflado: Common/Icons/ItemsGenerated/machinarium_solar_panel_T3.png
 inflado: Common/Icons/ItemsGenerated/machinarium_solar_panel_T4.png
 inflado: Common/Icons/ItemsGenerated/machinarium_solar_panel_T5.png
 inflado: Common/Icons/ItemsGenerated/machinarium_stone_dust.png
 inflado: Common/Icons/ItemsGenerated/machinarium_superalloy_blend_powder.png
 inflado: Common/Icons/ItemsGenerated/machinarium_thorium_powder.png
 inflado: Common/Icons/ItemsGenerated/machinarium_tin_powder.png
 inflado: Common/Icons/ItemsGenerated/machinarium_titanium_powder.png
 inflado: Common/Icons/ItemsGenerated/machinarium_titanium_vanadium_alloy_powder.png
 inflado: Common/Icons/ItemsGenerated/machinarium_tungsten_powder.png
 inflado: Common/Icons/ItemsGenerated/machinarium_uranium_powder.png
 inflado: Common/Icons/ItemsGenerated/machinarium_vanadium_powder.png
 inflado: Common/Icons/ItemsGenerated/machinarium_wind_turbine.png
 inflado: Common/Icons/ItemsGenerated/machinarium_wind_turbine_T1.png
 inflado: Common/Icons/ItemsGenerated/machinarium_wind_turbine_T2.png
 inflado: Common/Icons/ItemsGenerated/machinarium_wind_turbine_T3.png
 inflado: Common/Icons/ItemsGenerated/machinarium_wind_turbine_T4.png
 inflado: Common/Icons/ItemsGenerated/machinarium_wind_turbine_T5.png
 inflado: Common/Icons/ItemsGenerated/machinarium_wrench.png
  creado: Common/Icons/ItemsGenerated/News/
 inflado: Common/Icons/ItemsGenerated/News/Machinarium_Alloy_Constantan.png
 inflado: Common/Icons/ItemsGenerated/News/Machinarium_Alloy_Electrum.png
 inflado: Common/Icons/ItemsGenerated/News/Machinarium_Alloy_Invar.png
 inflado: Common/Icons/ItemsGenerated/News/Machinarium_Alloy_Steel.png
 inflado: Common/Icons/ItemsGenerated/News/Machinarium_Aluminum_Ingot.png
 inflado: Common/Icons/ItemsGenerated/News/Machinarium_Chromium_Ingot.png
 inflado: Common/Icons/ItemsGenerated/News/Machinarium_Circuit_Board.png
 inflado: Common/Icons/ItemsGenerated/News/Machinarium_Composite_Alloy_Ingot.png
 inflado: Common/Icons/ItemsGenerated/News/Machinarium_Gears.png
 inflado: Common/Icons/ItemsGenerated/News/Machinarium_Heavy_Spring.png
 inflado: Common/Icons/ItemsGenerated/News/Machinarium_High_Tier_Alloy_Blend.png
 inflado: Common/Icons/ItemsGenerated/News/Machinarium_Large_Battery.png
 inflado: Common/Icons/ItemsGenerated/News/Machinarium_Lithium_Ingot.png
 inflado: Common/Icons/ItemsGenerated/News/Machinarium_Machine_Frame.png
 inflado: Common/Icons/ItemsGenerated/News/Machinarium_Manganese_Ingot.png
 inflado: Common/Icons/ItemsGenerated/News/Machinarium_Metal_Plate.png
 inflado: Common/Icons/ItemsGenerated/News/Machinarium_Metal_Plate_Press.png
 inflado: Common/Icons/ItemsGenerated/News/Machinarium_Metal_Rod.png
 inflado: Common/Icons/ItemsGenerated/News/Machinarium_Nickel_Ingot.png
 inflado: Common/Icons/ItemsGenerated/News/Machinarium_Plutonium_Ingot.png
 inflado: Common/Icons/ItemsGenerated/News/Machinarium_Reinforced_Frame.png
 inflado: Common/Icons/ItemsGenerated/News/Machinarium_Reinforced_Gears.png
 inflado: Common/Icons/ItemsGenerated/News/Machinarium_Reinforced_Plate.png
 inflado: Common/Icons/ItemsGenerated/News/Machinarium_Reinforced_Rod.png
 inflado: Common/Icons/ItemsGenerated/News/Machinarium_Superalloy_Blend.png
 inflado: Common/Icons/ItemsGenerated/News/Machinarium_Tin_Ingot.png
 inflado: Common/Icons/ItemsGenerated/News/Machinarium_Titanium_Ingot.png
 inflado: Common/Icons/ItemsGenerated/News/Machinarium_Titanium_Plate.png
 inflado: Common/Icons/ItemsGenerated/News/Machinarium_Titanium_Vanadium_Alloy.png
 inflado: Common/Icons/ItemsGenerated/News/Machinarium_Tungsten_Ingot.png
 inflado: Common/Icons/ItemsGenerated/News/Machinarium_Tungsten_Plate.png
 inflado: Common/Icons/ItemsGenerated/News/Machinarium_Uranium_Ingot.png
 inflado: Common/Icons/ItemsGenerated/News/Machinarium_Vanadium_Ingot.png
 inflado: Common/Icons/ItemsGenerated/News/Ore_Bauxite.png
 inflado: Common/Icons/ItemsGenerated/News/Ore_Bauxite_Basalt.png
 inflado: Common/Icons/ItemsGenerated/News/Ore_Bauxite_Magma.png
 inflado: Common/Icons/ItemsGenerated/News/Ore_Bauxite_Shale.png
 inflado: Common/Icons/ItemsGenerated/News/Ore_Bauxite_Slate.png
 inflado: Common/Icons/ItemsGenerated/News/Ore_Bauxite_Stone.png
 inflado: Common/Icons/ItemsGenerated/News/Ore_Bauxite_Volcanic.png
 inflado: Common/Icons/ItemsGenerated/News/Ore_Cassiterite.png
 inflado: Common/Icons/ItemsGenerated/News/Ore_Cassiterite_Basalt.png
 inflado: Common/Icons/ItemsGenerated/News/Ore_Cassiterite_Magma.png
 inflado: Common/Icons/ItemsGenerated/News/Ore_Cassiterite_Shale.png
 inflado: Common/Icons/ItemsGenerated/News/Ore_Cassiterite_Slate.png
 inflado: Common/Icons/ItemsGenerated/News/Ore_Cassiterite_Stone.png
 inflado: Common/Icons/ItemsGenerated/News/Ore_Cassiterite_Volcanic.png
 inflado: Common/Icons/ItemsGenerated/News/Ore_Chromite.png
 inflado: Common/Icons/ItemsGenerated/News/Ore_Chromite_Basalt.png
 inflado: Common/Icons/ItemsGenerated/News/Ore_Chromite_Magma.png
 inflado: Common/Icons/ItemsGenerated/News/Ore_Chromite_Shale.png
 inflado: Common/Icons/ItemsGenerated/News/Ore_Chromite_Slate.png
 inflado: Common/Icons/ItemsGenerated/News/Ore_Chromite_Stone.png
 inflado: Common/Icons/ItemsGenerated/News/Ore_Chromite_Volcanic.png
 inflado: Common/Icons/ItemsGenerated/News/Ore_Ilmenite.png
 inflado: Common/Icons/ItemsGenerated/News/Ore_Ilmenite_Basalt.png
 inflado: Common/Icons/ItemsGenerated/News/Ore_Ilmenite_Magma.png
 inflado: Common/Icons/ItemsGenerated/News/Ore_Ilmenite_Shale.png
 inflado: Common/Icons/ItemsGenerated/News/Ore_Ilmenite_Slate.png
 inflado: Common/Icons/ItemsGenerated/News/Ore_Ilmenite_Stone.png
 inflado: Common/Icons/ItemsGenerated/News/Ore_Ilmenite_Volcanic.png
 inflado: Common/Icons/ItemsGenerated/News/Ore_Manganese.png
 inflado: Common/Icons/ItemsGenerated/News/Ore_Manganese_Basalt.png
 inflado: Common/Icons/ItemsGenerated/News/Ore_Manganese_Magma.png
 inflado: Common/Icons/ItemsGenerated/News/Ore_Manganese_Shale.png
 inflado: Common/Icons/ItemsGenerated/News/Ore_Manganese_Slate.png
 inflado: Common/Icons/ItemsGenerated/News/Ore_Manganese_Stone.png
 inflado: Common/Icons/ItemsGenerated/News/Ore_Manganese_Volcanic.png
 inflado: Common/Icons/ItemsGenerated/News/Ore_Pentlandite.png
 inflado: Common/Icons/ItemsGenerated/News/Ore_Pentlandite_Basalt.png
 inflado: Common/Icons/ItemsGenerated/News/Ore_Pentlandite_Magma.png
 inflado: Common/Icons/ItemsGenerated/News/Ore_Pentlandite_Shale.png
 inflado: Common/Icons/ItemsGenerated/News/Ore_Pentlandite_Slate.png
 inflado: Common/Icons/ItemsGenerated/News/Ore_Pentlandite_Stone.png
 inflado: Common/Icons/ItemsGenerated/News/Ore_Pentlandite_Volcanic.png
 inflado: Common/Icons/ItemsGenerated/News/Ore_Quartzite.png
 inflado: Common/Icons/ItemsGenerated/News/Ore_Quartzite_Basalt.png
 inflado: Common/Icons/ItemsGenerated/News/Ore_Quartzite_Magma.png
 inflado: Common/Icons/ItemsGenerated/News/Ore_Quartzite_Shale.png
 inflado: Common/Icons/ItemsGenerated/News/Ore_Quartzite_Slate.png
 inflado: Common/Icons/ItemsGenerated/News/Ore_Quartzite_Stone.png
 inflado: Common/Icons/ItemsGenerated/News/Ore_Quartzite_Volcanic.png
 inflado: Common/Icons/ItemsGenerated/News/Ore_Scheelite.png
 inflado: Common/Icons/ItemsGenerated/News/Ore_Scheelite_Basalt.png
 inflado: Common/Icons/ItemsGenerated/News/Ore_Scheelite_Magma.png
 inflado: Common/Icons/ItemsGenerated/News/Ore_Scheelite_Shale.png
 inflado: Common/Icons/ItemsGenerated/News/Ore_Scheelite_Slate.png
 inflado: Common/Icons/ItemsGenerated/News/Ore_Scheelite_Stone.png
 inflado: Common/Icons/ItemsGenerated/News/Ore_Scheelite_Volcanic.png
 inflado: Common/Icons/ItemsGenerated/News/Ore_Spodumene.png
 inflado: Common/Icons/ItemsGenerated/News/Ore_Spodumene_Basalt.png
 inflado: Common/Icons/ItemsGenerated/News/Ore_Spodumene_Magma.png
 inflado: Common/Icons/ItemsGenerated/News/Ore_Spodumene_Shale.png
 inflado: Common/Icons/ItemsGenerated/News/Ore_Spodumene_Slate.png
 inflado: Common/Icons/ItemsGenerated/News/Ore_Spodumene_Stone.png
 inflado: Common/Icons/ItemsGenerated/News/Ore_Spodumene_Volcanic.png
 inflado: Common/Icons/ItemsGenerated/News/Ore_Uraninite.png
 inflado: Common/Icons/ItemsGenerated/News/Ore_Uraninite_Basalt.png
 inflado: Common/Icons/ItemsGenerated/News/Ore_Uraninite_Magma.png
 inflado: Common/Icons/ItemsGenerated/News/Ore_Uraninite_Shale.png
 inflado: Common/Icons/ItemsGenerated/News/Ore_Uraninite_Slate.png
 inflado: Common/Icons/ItemsGenerated/News/Ore_Uraninite_Stone.png
 inflado: Common/Icons/ItemsGenerated/News/Ore_Uraninite_Volcanic.png
 inflado: Common/Icons/ItemsGenerated/News/Ore_Vanadinite.png
 inflado: Common/Icons/ItemsGenerated/News/Ore_Vanadinite_Basalt.png
 inflado: Common/Icons/ItemsGenerated/News/Ore_Vanadinite_Magma.png
 inflado: Common/Icons/ItemsGenerated/News/Ore_Vanadinite_Shale.png
 inflado: Common/Icons/ItemsGenerated/News/Ore_Vanadinite_Slate.png
 inflado: Common/Icons/ItemsGenerated/News/Ore_Vanadinite_Stone.png
 inflado: Common/Icons/ItemsGenerated/News/Ore_Vanadinite_Volcanic.png
  creado: Common/Items/
  creado: Common/Items/CraftingItems/
 inflado: Common/Items/CraftingItems/OreChips.blockymodel
 inflado: Common/Items/CraftingItems/PowderBag.blockymodel
 inflado: Common/Items/CraftingItems/Scrap.blockymodel
 inflado: Common/Items/CraftingItems/Slag.blockymodel
  creado: Common/Items/CraftingItems/Alloys/
 inflado: Common/Items/CraftingItems/Alloys/Alloy.blockymodel
 inflado: Common/Items/CraftingItems/Alloys/Constantan Ingot.png
 inflado: Common/Items/CraftingItems/Alloys/Electrum.png
 inflado: Common/Items/CraftingItems/Alloys/Invar.png
 inflado: Common/Items/CraftingItems/Alloys/Steel.png
 inflado: Common/Items/CraftingItems/Alloys/SuperAlloy.png
 inflado: Common/Items/CraftingItems/Alloys/compositealloy.png
 inflado: Common/Items/CraftingItems/Alloys/hightier.png
 inflado: Common/Items/CraftingItems/Alloys/titanium-vanadium.png
  creado: Common/Items/CraftingItems/Circuitboard/
 inflado: Common/Items/CraftingItems/Circuitboard/Circuitboard.blockymodel
 inflado: Common/Items/CraftingItems/Circuitboard/Circuitboard.png
 inflado: Common/Items/CraftingItems/Circuitboard/model.bbmodel
  creado: Common/Items/CraftingItems/Gear/
 inflado: Common/Items/CraftingItems/Gear/Gear_Base.bbmodel
 inflado: Common/Items/CraftingItems/Gear/Gear_Base.blockymodel
 inflado: Common/Items/CraftingItems/Gear/Iron Gear.png
 inflado: Common/Items/CraftingItems/Gear/Reinforced Gear.png
  creado: Common/Items/CraftingItems/Ingots/
 inflado: Common/Items/CraftingItems/Ingots/Aluminum.png
 inflado: Common/Items/CraftingItems/Ingots/Chromium.png
 inflado: Common/Items/CraftingItems/Ingots/Ingot.blockymodel
 inflado: Common/Items/CraftingItems/Ingots/Lithium.png
 inflado: Common/Items/CraftingItems/Ingots/Manganese.png
 inflado: Common/Items/CraftingItems/Ingots/Nickel.png
 inflado: Common/Items/CraftingItems/Ingots/Plutonium.png
 inflado: Common/Items/CraftingItems/Ingots/Tin.png
 inflado: Common/Items/CraftingItems/Ingots/Titanium.png
 inflado: Common/Items/CraftingItems/Ingots/Tungsten.png
 inflado: Common/Items/CraftingItems/Ingots/Uranium.png
 inflado: Common/Items/CraftingItems/Ingots/Vanadium.png
  creado: Common/Items/CraftingItems/Metal Plates/
 inflado: Common/Items/CraftingItems/Metal Plates/Iron Plate.png
 inflado: Common/Items/CraftingItems/Metal Plates/Plate Project.bbmodel
 inflado: Common/Items/CraftingItems/Metal Plates/Plate_Base.blockymodel
 inflado: Common/Items/CraftingItems/Metal Plates/Reinforced Iron Plate.png
 inflado: Common/Items/CraftingItems/Metal Plates/Titanium Plate.png
 inflado: Common/Items/CraftingItems/Metal Plates/Tungsten Plate.png
  creado: Common/Items/CraftingItems/Ores/
 inflado: Common/Items/CraftingItems/Ores/Bauxite.png
 inflado: Common/Items/CraftingItems/Ores/Cassiterite.png
 inflado: Common/Items/CraftingItems/Ores/Chromite.png
 inflado: Common/Items/CraftingItems/Ores/Ilmenite.png
 inflado: Common/Items/CraftingItems/Ores/Manganese.png
 inflado: Common/Items/CraftingItems/Ores/Ore.blockymodel
 inflado: Common/Items/CraftingItems/Ores/Pentlandite.png
 inflado: Common/Items/CraftingItems/Ores/Quartzite.png
 inflado: Common/Items/CraftingItems/Ores/Scheelite.png
 inflado: Common/Items/CraftingItems/Ores/Spodumene.png
 inflado: Common/Items/CraftingItems/Ores/Uraninite.png
 inflado: Common/Items/CraftingItems/Ores/Vanadinite.png
  creado: Common/Items/CraftingItems/Powders/
 inflado: Common/Items/CraftingItems/Powders/OREV2.bbmodel
 inflado: Common/Items/CraftingItems/Powders/OREV2.blockymodel
 inflado: Common/Items/CraftingItems/Powders/copper_powder.png
  creado: Common/Items/CraftingItems/Rods/
 inflado: Common/Items/CraftingItems/Rods/Iron Rod.png
 inflado: Common/Items/CraftingItems/Rods/Reinforced Rod.png
 inflado: Common/Items/CraftingItems/Rods/Rod_Base.bbmodel
 inflado: Common/Items/CraftingItems/Rods/Rod_Base.blockymodel
  creado: Common/Items/CraftingItems/Spring/
 inflado: Common/Items/CraftingItems/Spring/Spring.bbmodel
 inflado: Common/Items/CraftingItems/Spring/Spring.blockymodel
 inflado: Common/Items/CraftingItems/Spring/Spring.png
  creado: Common/Items/CraftingItems/textures/
 inflado: Common/Items/CraftingItems/textures/Adamantite_powder.png
 inflado: Common/Items/CraftingItems/textures/Thorium_powder.png
 inflado: Common/Items/CraftingItems/textures/aluminum_powder.png
 inflado: Common/Items/CraftingItems/textures/chromium_powder.png
 inflado: Common/Items/CraftingItems/textures/cobalt_powder.png
 inflado: Common/Items/CraftingItems/textures/composite_alloy_powder.png
 inflado: Common/Items/CraftingItems/textures/constantan_powder.png
 inflado: Common/Items/CraftingItems/textures/copper_powder.png
 inflado: Common/Items/CraftingItems/textures/electrum_powder.png
 inflado: Common/Items/CraftingItems/textures/gold_powder.png
 inflado: Common/Items/CraftingItems/textures/high_tier_alloy_blend_powder.png
 inflado: Common/Items/CraftingItems/textures/invar_powder.png
 inflado: Common/Items/CraftingItems/textures/iron_powder.png
 inflado: Common/Items/CraftingItems/textures/lithium_powder.png
 inflado: Common/Items/CraftingItems/textures/manganese_powder.png
 inflado: Common/Items/CraftingItems/textures/nickel_powder.png
 inflado: Common/Items/CraftingItems/textures/ore_chip.png
 inflado: Common/Items/CraftingItems/textures/scrap.png
 inflado: Common/Items/CraftingItems/textures/silicon_powder.png
 inflado: Common/Items/CraftingItems/textures/silver_powder.png
 inflado: Common/Items/CraftingItems/textures/slag.png
 inflado: Common/Items/CraftingItems/textures/steel_powder.png
 inflado: Common/Items/CraftingItems/textures/stone_dust.png
 inflado: Common/Items/CraftingItems/textures/superalloy_blend_powder.png
 inflado: Common/Items/CraftingItems/textures/tin_powder.png
 inflado: Common/Items/CraftingItems/textures/titanium_powder.png
 inflado: Common/Items/CraftingItems/textures/titanium_vanadium_alloy_powder.png
 inflado: Common/Items/CraftingItems/textures/tungsten_powder.png
 inflado: Common/Items/CraftingItems/textures/uranium_powder.png
 inflado: Common/Items/CraftingItems/textures/vanadium_powder.png
  creado: Common/Items/Tools/
 inflado: Common/Items/Tools/Wrench.blockymodel
 inflado: Common/Items/Tools/wrenchtext.png
  creado: Common/Languages/
 inflado: Common/Languages/fallback.lang
  creado: Common/Languages/en-US/
 inflado: Common/Languages/en-US/items.lang
  creado: Common/Sounds/
 inflado: Common/Sounds/ElectricFurnace.ogg
 inflado: Common/Sounds/SolarPanel.ogg
 inflado: Common/Sounds/WindTurbine.ogg
  creado: Common/TexturesUI/
 inflado: Common/TexturesUI/filter.png
 inflado: Common/TexturesUI/quarrysetup.png
  creado: Common/Tools/
 inflado: Common/Tools/Wrench.blockymodel
 inflado: Common/Tools/wrenchtext.png
  creado: Common/UI/
  creado: Common/UI/Custom/
 inflado: Common/UI/Custom/Machinarium_AlloySmelter_HyUI.ui
 inflado: Common/UI/Custom/Machinarium_AlloySmelter_HyUI_v2.ui
 inflado: Common/UI/Custom/Machinarium_Battery.ui
 inflado: Common/UI/Custom/Machinarium_Cable.ui
 inflado: Common/UI/Custom/Machinarium_CableUpgrade.ui
 inflado: Common/UI/Custom/Machinarium_Changelog.ui
 inflado: Common/UI/Custom/Machinarium_EmptyHud.ui
 inflado: Common/UI/Custom/Machinarium_Furnace.ui
 inflado: Common/UI/Custom/Machinarium_FurnaceHud.ui
 inflado: Common/UI/Custom/Machinarium_Item_Cable.ui
 inflado: Common/UI/Custom/Machinarium_Item_Priority.ui
 inflado: Common/UI/Custom/Machinarium_Master.ui
 inflado: Common/UI/Custom/Machinarium_OreCrusher.ui
 inflado: Common/UI/Custom/Machinarium_OreCrusher_HyUI.ui
 inflado: Common/UI/Custom/Machinarium_OreCrusher_HyUI_v2.ui
 inflado: Common/UI/Custom/Machinarium_Quarry.ui
 inflado: Common/UI/Custom/Machinarium_Solar.ui
 inflado: Common/UI/Custom/Machinarium_SolarHud.ui
 inflado: Common/UI/Custom/Machinarium_Wind.ui
 inflado: Common/UI/Custom/com.example_HyProTech.png
  creado: Common/UI/Custom/Pages/
 inflado: Common/UI/Custom/Pages/LEFT.png
 inflado: Common/UI/Custom/Pages/hYPROtECHLOGO.png
 inflado: Common/UI/Custom/Pages/id-card.png
  creado: Common/UI/Custom/Pages/Elements/
 inflado: Common/UI/Custom/Pages/Elements/ItemGrid.ui
  creado: Common/UI/Custom/TexturesUI/
 inflado: Common/UI/Custom/TexturesUI/filter.png
 inflado: Common/UI/Custom/TexturesUI/quarrysetup.png
  creado: Ore_Gen/
 inflado: Ore_Gen/CustomOreTypes.xml
  creado: Server/
  creado: Server/Item/
  creado: Server/Item/Block/
  creado: Server/Item/Block/Hitboxes/
  creado: Server/Item/Block/Hitboxes/Machinarium/
 inflado: Server/Item/Block/Hitboxes/Machinarium/Machinarium_Border_Hit_None.json
 inflado: Server/Item/Block/Hitboxes/Machinarium/Machinarium_Border_Interact.json
 inflado: Server/Item/Block/Hitboxes/Machinarium/Machinarium_Cable_Hit.json
 inflado: Server/Item/Block/Hitboxes/Machinarium/Machinarium_Cable_Hit_00.json
 inflado: Server/Item/Block/Hitboxes/Machinarium/Machinarium_Cable_Hit_01.json
 inflado: Server/Item/Block/Hitboxes/Machinarium/Machinarium_Cable_Hit_02.json
 inflado: Server/Item/Block/Hitboxes/Machinarium/Machinarium_Cable_Hit_03.json
 inflado: Server/Item/Block/Hitboxes/Machinarium/Machinarium_Cable_Hit_04.json
 inflado: Server/Item/Block/Hitboxes/Machinarium/Machinarium_Cable_Hit_05.json
 inflado: Server/Item/Block/Hitboxes/Machinarium/Machinarium_Cable_Hit_06.json
 inflado: Server/Item/Block/Hitboxes/Machinarium/Machinarium_Cable_Hit_07.json
 inflado: Server/Item/Block/Hitboxes/Machinarium/Machinarium_Cable_Hit_08.json
 inflado: Server/Item/Block/Hitboxes/Machinarium/Machinarium_Cable_Hit_09.json
 inflado: Server/Item/Block/Hitboxes/Machinarium/Machinarium_Cable_Hit_10.json
 inflado: Server/Item/Block/Hitboxes/Machinarium/Machinarium_Cable_Hit_11.json
 inflado: Server/Item/Block/Hitboxes/Machinarium/Machinarium_Cable_Hit_12.json
 inflado: Server/Item/Block/Hitboxes/Machinarium/Machinarium_Cable_Hit_13.json
 inflado: Server/Item/Block/Hitboxes/Machinarium/Machinarium_Cable_Hit_14.json
 inflado: Server/Item/Block/Hitboxes/Machinarium/Machinarium_Cable_Hit_15.json
 inflado: Server/Item/Block/Hitboxes/Machinarium/Machinarium_Cable_Hit_16.json
 inflado: Server/Item/Block/Hitboxes/Machinarium/Machinarium_Cable_Hit_17.json
 inflado: Server/Item/Block/Hitboxes/Machinarium/Machinarium_Cable_Hit_18.json
 inflado: Server/Item/Block/Hitboxes/Machinarium/Machinarium_Cable_Hit_19.json
 inflado: Server/Item/Block/Hitboxes/Machinarium/Machinarium_Cable_Hit_20.json
 inflado: Server/Item/Block/Hitboxes/Machinarium/Machinarium_Cable_Hit_21.json
 inflado: Server/Item/Block/Hitboxes/Machinarium/Machinarium_Cable_Hit_22.json
 inflado: Server/Item/Block/Hitboxes/Machinarium/Machinarium_Cable_Hit_23.json
 inflado: Server/Item/Block/Hitboxes/Machinarium/Machinarium_Cable_Hit_24.json
 inflado: Server/Item/Block/Hitboxes/Machinarium/Machinarium_Cable_Hit_25.json
 inflado: Server/Item/Block/Hitboxes/Machinarium/Machinarium_Cable_Hit_26.json
 inflado: Server/Item/Block/Hitboxes/Machinarium/Machinarium_Cable_Hit_27.json
 inflado: Server/Item/Block/Hitboxes/Machinarium/Machinarium_Cable_Hit_28.json
 inflado: Server/Item/Block/Hitboxes/Machinarium/Machinarium_Cable_Hit_29.json
 inflado: Server/Item/Block/Hitboxes/Machinarium/Machinarium_Cable_Hit_30.json
 inflado: Server/Item/Block/Hitboxes/Machinarium/Machinarium_Cable_Hit_31.json
 inflado: Server/Item/Block/Hitboxes/Machinarium/Machinarium_Cable_Hit_32.json
 inflado: Server/Item/Block/Hitboxes/Machinarium/Machinarium_Cable_Hit_33.json
 inflado: Server/Item/Block/Hitboxes/Machinarium/Machinarium_Cable_Hit_34.json
 inflado: Server/Item/Block/Hitboxes/Machinarium/Machinarium_Cable_Hit_35.json
 inflado: Server/Item/Block/Hitboxes/Machinarium/Machinarium_Cable_Hit_36.json
 inflado: Server/Item/Block/Hitboxes/Machinarium/Machinarium_Cable_Hit_37.json
 inflado: Server/Item/Block/Hitboxes/Machinarium/Machinarium_Cable_Hit_38.json
 inflado: Server/Item/Block/Hitboxes/Machinarium/Machinarium_Cable_Hit_39.json
 inflado: Server/Item/Block/Hitboxes/Machinarium/Machinarium_Cable_Hit_40.json
 inflado: Server/Item/Block/Hitboxes/Machinarium/Machinarium_Cable_Hit_41.json
 inflado: Server/Item/Block/Hitboxes/Machinarium/Machinarium_Cable_Hit_42.json
 inflado: Server/Item/Block/Hitboxes/Machinarium/Machinarium_Cable_Hit_43.json
 inflado: Server/Item/Block/Hitboxes/Machinarium/Machinarium_Cable_Hit_44.json
 inflado: Server/Item/Block/Hitboxes/Machinarium/Machinarium_Cable_Hit_45.json
 inflado: Server/Item/Block/Hitboxes/Machinarium/Machinarium_Cable_Hit_46.json
 inflado: Server/Item/Block/Hitboxes/Machinarium/Machinarium_Cable_Hit_47.json
 inflado: Server/Item/Block/Hitboxes/Machinarium/Machinarium_Cable_Hit_48.json
 inflado: Server/Item/Block/Hitboxes/Machinarium/Machinarium_Cable_Hit_49.json
 inflado: Server/Item/Block/Hitboxes/Machinarium/Machinarium_Cable_Hit_50.json
 inflado: Server/Item/Block/Hitboxes/Machinarium/Machinarium_Cable_Hit_51.json
 inflado: Server/Item/Block/Hitboxes/Machinarium/Machinarium_Cable_Hit_52.json
 inflado: Server/Item/Block/Hitboxes/Machinarium/Machinarium_Cable_Hit_53.json
 inflado: Server/Item/Block/Hitboxes/Machinarium/Machinarium_Cable_Hit_54.json
 inflado: Server/Item/Block/Hitboxes/Machinarium/Machinarium_Cable_Hit_55.json
 inflado: Server/Item/Block/Hitboxes/Machinarium/Machinarium_Cable_Hit_56.json
 inflado: Server/Item/Block/Hitboxes/Machinarium/Machinarium_Cable_Hit_57.json
 inflado: Server/Item/Block/Hitboxes/Machinarium/Machinarium_Cable_Hit_58.json
 inflado: Server/Item/Block/Hitboxes/Machinarium/Machinarium_Cable_Hit_59.json
 inflado: Server/Item/Block/Hitboxes/Machinarium/Machinarium_Cable_Hit_60.json
 inflado: Server/Item/Block/Hitboxes/Machinarium/Machinarium_Cable_Hit_61.json
 inflado: Server/Item/Block/Hitboxes/Machinarium/Machinarium_Cable_Hit_62.json
 inflado: Server/Item/Block/Hitboxes/Machinarium/Machinarium_Cable_Hit_63.json
 inflado: Server/Item/Block/Hitboxes/Machinarium/Machinarium_Cable_Interact_00.json
 inflado: Server/Item/Block/Hitboxes/Machinarium/Machinarium_Cable_Interact_01.json
 inflado: Server/Item/Block/Hitboxes/Machinarium/Machinarium_Cable_Interact_02.json
 inflado: Server/Item/Block/Hitboxes/Machinarium/Machinarium_Cable_Interact_03.json
 inflado: Server/Item/Block/Hitboxes/Machinarium/Machinarium_Cable_Interact_04.json
 inflado: Server/Item/Block/Hitboxes/Machinarium/Machinarium_Cable_Interact_05.json
 inflado: Server/Item/Block/Hitboxes/Machinarium/Machinarium_Cable_Interact_06.json
 inflado: Server/Item/Block/Hitboxes/Machinarium/Machinarium_Cable_Interact_07.json
 inflado: Server/Item/Block/Hitboxes/Machinarium/Machinarium_Cable_Interact_08.json
 inflado: Server/Item/Block/Hitboxes/Machinarium/Machinarium_Cable_Interact_09.json
 inflado: Server/Item/Block/Hitboxes/Machinarium/Machinarium_Cable_Interact_10.json
 inflado: Server/Item/Block/Hitboxes/Machinarium/Machinarium_Cable_Interact_11.json
 inflado: Server/Item/Block/Hitboxes/Machinarium/Machinarium_Cable_Interact_12.json
 inflado: Server/Item/Block/Hitboxes/Machinarium/Machinarium_Cable_Interact_13.json
 inflado: Server/Item/Block/Hitboxes/Machinarium/Machinarium_Cable_Interact_14.json
 inflado: Server/Item/Block/Hitboxes/Machinarium/Machinarium_Cable_Interact_15.json
 inflado: Server/Item/Block/Hitboxes/Machinarium/Machinarium_Cable_Interact_16.json
 inflado: Server/Item/Block/Hitboxes/Machinarium/Machinarium_Cable_Interact_17.json
 inflado: Server/Item/Block/Hitboxes/Machinarium/Machinarium_Cable_Interact_18.json
 inflado: Server/Item/Block/Hitboxes/Machinarium/Machinarium_Cable_Interact_19.json
 inflado: Server/Item/Block/Hitboxes/Machinarium/Machinarium_Cable_Interact_20.json
 inflado: Server/Item/Block/Hitboxes/Machinarium/Machinarium_Cable_Interact_21.json
 inflado: Server/Item/Block/Hitboxes/Machinarium/Machinarium_Cable_Interact_22.json
 inflado: Server/Item/Block/Hitboxes/Machinarium/Machinarium_Cable_Interact_23.json
 inflado: Server/Item/Block/Hitboxes/Machinarium/Machinarium_Cable_Interact_24.json
 inflado: Server/Item/Block/Hitboxes/Machinarium/Machinarium_Cable_Interact_25.json
 inflado: Server/Item/Block/Hitboxes/Machinarium/Machinarium_Cable_Interact_26.json
 inflado: Server/Item/Block/Hitboxes/Machinarium/Machinarium_Cable_Interact_27.json
 inflado: Server/Item/Block/Hitboxes/Machinarium/Machinarium_Cable_Interact_28.json
 inflado: Server/Item/Block/Hitboxes/Machinarium/Machinarium_Cable_Interact_29.json
 inflado: Server/Item/Block/Hitboxes/Machinarium/Machinarium_Cable_Interact_30.json
 inflado: Server/Item/Block/Hitboxes/Machinarium/Machinarium_Cable_Interact_31.json
 inflado: Server/Item/Block/Hitboxes/Machinarium/Machinarium_Cable_Interact_32.json
 inflado: Server/Item/Block/Hitboxes/Machinarium/Machinarium_Cable_Interact_33.json
 inflado: Server/Item/Block/Hitboxes/Machinarium/Machinarium_Cable_Interact_34.json
 inflado: Server/Item/Block/Hitboxes/Machinarium/Machinarium_Cable_Interact_35.json
 inflado: Server/Item/Block/Hitboxes/Machinarium/Machinarium_Cable_Interact_36.json
 inflado: Server/Item/Block/Hitboxes/Machinarium/Machinarium_Cable_Interact_37.json
 inflado: Server/Item/Block/Hitboxes/Machinarium/Machinarium_Cable_Interact_38.json
 inflado: Server/Item/Block/Hitboxes/Machinarium/Machinarium_Cable_Interact_39.json
 inflado: Server/Item/Block/Hitboxes/Machinarium/Machinarium_Cable_Interact_40.json
 inflado: Server/Item/Block/Hitboxes/Machinarium/Machinarium_Cable_Interact_41.json
 inflado: Server/Item/Block/Hitboxes/Machinarium/Machinarium_Cable_Interact_42.json
 inflado: Server/Item/Block/Hitboxes/Machinarium/Machinarium_Cable_Interact_43.json
 inflado: Server/Item/Block/Hitboxes/Machinarium/Machinarium_Cable_Interact_44.json
 inflado: Server/Item/Block/Hitboxes/Machinarium/Machinarium_Cable_Interact_45.json
 inflado: Server/Item/Block/Hitboxes/Machinarium/Machinarium_Cable_Interact_46.json
 inflado: Server/Item/Block/Hitboxes/Machinarium/Machinarium_Cable_Interact_47.json
 inflado: Server/Item/Block/Hitboxes/Machinarium/Machinarium_Cable_Interact_48.json
 inflado: Server/Item/Block/Hitboxes/Machinarium/Machinarium_Cable_Interact_49.json
 inflado: Server/Item/Block/Hitboxes/Machinarium/Machinarium_Cable_Interact_50.json
 inflado: Server/Item/Block/Hitboxes/Machinarium/Machinarium_Cable_Interact_51.json
 inflado: Server/Item/Block/Hitboxes/Machinarium/Machinarium_Cable_Interact_52.json
 inflado: Server/Item/Block/Hitboxes/Machinarium/Machinarium_Cable_Interact_53.json
 inflado: Server/Item/Block/Hitboxes/Machinarium/Machinarium_Cable_Interact_54.json
 inflado: Server/Item/Block/Hitboxes/Machinarium/Machinarium_Cable_Interact_55.json
 inflado: Server/Item/Block/Hitboxes/Machinarium/Machinarium_Cable_Interact_56.json
 inflado: Server/Item/Block/Hitboxes/Machinarium/Machinarium_Cable_Interact_57.json
 inflado: Server/Item/Block/Hitboxes/Machinarium/Machinarium_Cable_Interact_58.json
 inflado: Server/Item/Block/Hitboxes/Machinarium/Machinarium_Cable_Interact_59.json
 inflado: Server/Item/Block/Hitboxes/Machinarium/Machinarium_Cable_Interact_60.json
 inflado: Server/Item/Block/Hitboxes/Machinarium/Machinarium_Cable_Interact_61.json
 inflado: Server/Item/Block/Hitboxes/Machinarium/Machinarium_Cable_Interact_62.json
 inflado: Server/Item/Block/Hitboxes/Machinarium/Machinarium_Cable_Interact_63.json
 inflado: Server/Item/Block/Hitboxes/Machinarium/Machinarium_Electric_Furnace_1x1_Tall copy.json
 inflado: Server/Item/Block/Hitboxes/Machinarium/Machinarium_Electric_Furnace_1x1_Tall.json
 inflado: Server/Item/Block/Hitboxes/Machinarium/Machinarium_Wind_Turbine_1x1_Tall.json
 inflado: Server/Item/Block/Hitboxes/Machinarium/Machinarium_cable_thin.json
 inflado: Server/Item/Block/Hitboxes/Machinarium/Machinarium_cable_thin_wall.json
  creado: Server/Item/Interactions/
  creado: Server/Item/Interactions/Block/
 inflado: Server/Item/Interactions/Block/Machinarium_Open_Powered_Bench.json
  creado: Server/Item/Items/
 inflado: Server/Item/Items/Machinarium_AI_Control_Unit.json
 inflado: Server/Item/Items/Machinarium_Acid_Solution.json
 inflado: Server/Item/Items/Machinarium_Adamantite_Powder.json
 inflado: Server/Item/Items/Machinarium_Advanced_Circuit.json
 inflado: Server/Item/Items/Machinarium_Advanced_Machine_Frame.json
 inflado: Server/Item/Items/Machinarium_Advanced_Processor.json
 inflado: Server/Item/Items/Machinarium_Advanced_Reactor_Casing.json
 inflado: Server/Item/Items/Machinarium_Aerospace_Frame.json
 inflado: Server/Item/Items/Machinarium_Alloy_Constantan.json
 inflado: Server/Item/Items/Machinarium_Alloy_Constantan_Powder.json
 inflado: Server/Item/Items/Machinarium_Alloy_Electrum.json
 inflado: Server/Item/Items/Machinarium_Alloy_Electrum_Powder.json
 inflado: Server/Item/Items/Machinarium_Alloy_Invar.json
 inflado: Server/Item/Items/Machinarium_Alloy_Invar_Powder.json
 inflado: Server/Item/Items/Machinarium_Alloy_Smelter.json
 inflado: Server/Item/Items/Machinarium_Alloy_Smelter_T1.json
 inflado: Server/Item/Items/Machinarium_Alloy_Smelter_T2.json
 inflado: Server/Item/Items/Machinarium_Alloy_Smelter_T3.json
 inflado: Server/Item/Items/Machinarium_Alloy_Smelter_T4.json
 inflado: Server/Item/Items/Machinarium_Alloy_Smelter_T5.json
 inflado: Server/Item/Items/Machinarium_Alloy_Steel.json
 inflado: Server/Item/Items/Machinarium_Alloy_Steel_Powder.json
 inflado: Server/Item/Items/Machinarium_Aluminum_Ingot.json
 inflado: Server/Item/Items/Machinarium_Aluminum_Powder.json
 inflado: Server/Item/Items/Machinarium_Arc_Furnace.json
 inflado: Server/Item/Items/Machinarium_Armor_Plating.json
 inflado: Server/Item/Items/Machinarium_Basic_Circuits.json
 inflado: Server/Item/Items/Machinarium_Battery.json
 inflado: Server/Item/Items/Machinarium_Battery_Casing.json
 inflado: Server/Item/Items/Machinarium_Battery_Cell.json
 inflado: Server/Item/Items/Machinarium_Battery_Pack.json
 inflado: Server/Item/Items/Machinarium_Battery_T1.json
 inflado: Server/Item/Items/Machinarium_Battery_T2.json
 inflado: Server/Item/Items/Machinarium_Battery_T3.json
 inflado: Server/Item/Items/Machinarium_Battery_T4.json
 inflado: Server/Item/Items/Machinarium_Battery_T5.json
 inflado: Server/Item/Items/Machinarium_Bearing.json
 inflado: Server/Item/Items/Machinarium_Bolted_Frame.json
 inflado: Server/Item/Items/Machinarium_Bolts.json
 inflado: Server/Item/Items/Machinarium_Border_Torch.json
 inflado: Server/Item/Items/Machinarium_Breeder_Catalyst.json
 inflado: Server/Item/Items/Machinarium_Breeder_Reactor_Module.json
 inflado: Server/Item/Items/Machinarium_Breeder_Reactor_Module_Machine.json
 inflado: Server/Item/Items/Machinarium_Bronze_Blend.json
 inflado: Server/Item/Items/Machinarium_Cable_Tool.json
 inflado: Server/Item/Items/Machinarium_Cable_Upgrade_Tool.json
 inflado: Server/Item/Items/Machinarium_Capacitor_Bank.json
 inflado: Server/Item/Items/Machinarium_Catalyst_Bed.json
 inflado: Server/Item/Items/Machinarium_Centrifuge.json
 inflado: Server/Item/Items/Machinarium_Charging_Port.json
 inflado: Server/Item/Items/Machinarium_Chemical_Canister.json
 inflado: Server/Item/Items/Machinarium_Chemical_Leacher.json
 inflado: Server/Item/Items/Machinarium_Chromium_Ingot.json
 inflado: Server/Item/Items/Machinarium_Chromium_Powder.json
 inflado: Server/Item/Items/Machinarium_Circuit_Board.json
 inflado: Server/Item/Items/Machinarium_Cobalt_Powder.json
 inflado: Server/Item/Items/Machinarium_Combustion_Chamber.json
 inflado: Server/Item/Items/Machinarium_Composite_Alloy_Ingot.json
 inflado: Server/Item/Items/Machinarium_Composite_Alloy_Powder.json
 inflado: Server/Item/Items/Machinarium_Composite_Binder.json
 inflado: Server/Item/Items/Machinarium_Composite_Panel.json
 inflado: Server/Item/Items/Machinarium_Composite_Shielding_Plate.json
 inflado: Server/Item/Items/Machinarium_Compressor_Disk.json
 inflado: Server/Item/Items/Machinarium_Containment_Barrel.json
 inflado: Server/Item/Items/Machinarium_Containment_Dome_Segment.json
 inflado: Server/Item/Items/Machinarium_Control_Module.json
 inflado: Server/Item/Items/Machinarium_Control_Rod_Assembly.json
 inflado: Server/Item/Items/Machinarium_Coolant_Fluid.json
 inflado: Server/Item/Items/Machinarium_Cooling_Cell.json
 inflado: Server/Item/Items/Machinarium_Cooling_Module.json
 inflado: Server/Item/Items/Machinarium_Copper_Cable.json
 inflado: Server/Item/Items/Machinarium_Copper_Powder.json
 inflado: Server/Item/Items/Machinarium_Copper_Wire.json
 inflado: Server/Item/Items/Machinarium_Core_Stabilizer.json
 inflado: Server/Item/Items/Machinarium_Corrosion_Proof_Casing.json
 inflado: Server/Item/Items/Machinarium_Cryogenic_Cooler.json
 inflado: Server/Item/Items/Machinarium_Data_Bus_Cable.json
 inflado: Server/Item/Items/Machinarium_Dense_Composite_Plate.json
 inflado: Server/Item/Items/Machinarium_Dense_Counterweight.json
 inflado: Server/Item/Items/Machinarium_Distillation_Column.json
 inflado: Server/Item/Items/Machinarium_Electric_Furnace.json
 inflado: Server/Item/Items/Machinarium_Electric_Furnace_T1.json
 inflado: Server/Item/Items/Machinarium_Electric_Furnace_T2.json
 inflado: Server/Item/Items/Machinarium_Electric_Furnace_T3.json
 inflado: Server/Item/Items/Machinarium_Electric_Furnace_T4.json
 inflado: Server/Item/Items/Machinarium_Electric_Furnace_T5.json
 inflado: Server/Item/Items/Machinarium_Electrical_Workbench.json
 inflado: Server/Item/Items/Machinarium_Electrolyte_Gel.json
 inflado: Server/Item/Items/Machinarium_Electrolyzer.json
 inflado: Server/Item/Items/Machinarium_Electrolyzer_Membrane.json
 inflado: Server/Item/Items/Machinarium_Electronic_Chip.json
 inflado: Server/Item/Items/Machinarium_Elite_Gear_Set.json
 inflado: Server/Item/Items/Machinarium_Emergency_SCRAM_Unit.json
 inflado: Server/Item/Items/Machinarium_Emergency_Shutdown_Module.json
 inflado: Server/Item/Items/Machinarium_Energy_Cable.json
 inflado: Server/Item/Items/Machinarium_Energy_Cable_T1.json
 inflado: Server/Item/Items/Machinarium_Energy_Cable_T2.json
 inflado: Server/Item/Items/Machinarium_Energy_Cable_T3.json
 inflado: Server/Item/Items/Machinarium_Energy_Cable_T4.json
 inflado: Server/Item/Items/Machinarium_Energy_Cable_T5.json
 inflado: Server/Item/Items/Machinarium_Energy_Matrix.json
 inflado: Server/Item/Items/Machinarium_Energy_Regulator.json
 inflado: Server/Item/Items/Machinarium_Energy_Storage_Pack.json
 inflado: Server/Item/Items/Machinarium_Enriched_Uranium.json
 inflado: Server/Item/Items/Machinarium_Filter.json
 inflado: Server/Item/Items/Machinarium_Fluid_Sensor.json
 inflado: Server/Item/Items/Machinarium_Fluid_Tank.json
 inflado: Server/Item/Items/Machinarium_Fuel_Assembly.json
 inflado: Server/Item/Items/Machinarium_Fuel_Rod.json
 inflado: Server/Item/Items/Machinarium_Furnace_Lining.json
 inflado: Server/Item/Items/Machinarium_Fusion_Igniter.json
 inflado: Server/Item/Items/Machinarium_Fusion_Ignition_Pellet.json
 inflado: Server/Item/Items/Machinarium_Gearbox.json
 inflado: Server/Item/Items/Machinarium_Gears.json
 inflado: Server/Item/Items/Machinarium_Glass_Fiber.json
 inflado: Server/Item/Items/Machinarium_Gold_Powder.json
 inflado: Server/Item/Items/Machinarium_Grinder.json
 inflado: Server/Item/Items/Machinarium_Hardened_Machine_Parts.json
 inflado: Server/Item/Items/Machinarium_Hazard_Containment_Unit.json
 inflado: Server/Item/Items/Machinarium_Heat_Exchanger.json
 inflado: Server/Item/Items/Machinarium_Heat_Resistant_Nozzle_Liner.json
 inflado: Server/Item/Items/Machinarium_Heat_Resistant_Plates.json
 inflado: Server/Item/Items/Machinarium_Heat_Resistant_Tubing.json
 inflado: Server/Item/Items/Machinarium_Heat_Sink.json
 inflado: Server/Item/Items/Machinarium_Heating_Coil.json
 inflado: Server/Item/Items/Machinarium_Heatproof_Alloy_Casing.json
 inflado: Server/Item/Items/Machinarium_Heavy_Duty_Tools.json
 inflado: Server/Item/Items/Machinarium_Heavy_Spring.json
 inflado: Server/Item/Items/Machinarium_Heavy_Tool_Heads.json
 inflado: Server/Item/Items/Machinarium_High_Capacity_Battery.json
 inflado: Server/Item/Items/Machinarium_High_Density_Capacitor.json
 inflado: Server/Item/Items/Machinarium_High_Output_Reactor_Core.json
 inflado: Server/Item/Items/Machinarium_High_Temperature_Crucible.json
 inflado: Server/Item/Items/Machinarium_High_Tier_Alloy_Blend.json
 inflado: Server/Item/Items/Machinarium_High_Tier_Alloy_Blend_Powder.json
 inflado: Server/Item/Items/Machinarium_High_Tier_Casing.json
 inflado: Server/Item/Items/Machinarium_High_Voltage_Coil.json
 inflado: Server/Item/Items/Machinarium_Hydraulic_Piston.json
 inflado: Server/Item/Items/Machinarium_Industrial_Blades.json
 inflado: Server/Item/Items/Machinarium_Industrial_Shaft.json
 inflado: Server/Item/Items/Machinarium_Industrial_Solvent.json
 inflado: Server/Item/Items/Machinarium_Insulated_Cable.json
 inflado: Server/Item/Items/Machinarium_Iron_Powder.json
 inflado: Server/Item/Items/Machinarium_Isotope_Separator.json
 inflado: Server/Item/Items/Machinarium_Isotope_Separator_Machine.json
 inflado: Server/Item/Items/Machinarium_Item_Cable.json
 inflado: Server/Item/Items/Machinarium_Item_Cable_T1.json
 inflado: Server/Item/Items/Machinarium_Item_Cable_T2.json
 inflado: Server/Item/Items/Machinarium_Item_Cable_T3.json
 inflado: Server/Item/Items/Machinarium_Item_Cable_T4.json
 inflado: Server/Item/Items/Machinarium_Item_Cable_T5.json
 inflado: Server/Item/Items/Machinarium_Jet_Turbine_Parts.json
 inflado: Server/Item/Items/Machinarium_Large_Battery.json
 inflado: Server/Item/Items/Machinarium_Lead_Shielding_Block.json
 inflado: Server/Item/Items/Machinarium_Lightweight_Armor_Plate.json
 inflado: Server/Item/Items/Machinarium_Lightweight_Casing.json
 inflado: Server/Item/Items/Machinarium_Lithium_Battery.json
 inflado: Server/Item/Items/Machinarium_Lithium_Ingot.json
 inflado: Server/Item/Items/Machinarium_Lithium_Powder.json
 inflado: Server/Item/Items/Machinarium_Logic_Controller.json
 inflado: Server/Item/Items/Machinarium_Logic_Gate_Set.json
 inflado: Server/Item/Items/Machinarium_Lubricant.json
 inflado: Server/Item/Items/Machinarium_MOX_Fuel_Rod.json
 inflado: Server/Item/Items/Machinarium_Machine_Chassis.json
 inflado: Server/Item/Items/Machinarium_Machine_Frame.json
 inflado: Server/Item/Items/Machinarium_Manganese_Ingot.json
 inflado: Server/Item/Items/Machinarium_Manganese_Powder.json
 inflado: Server/Item/Items/Machinarium_Mechanical_Actuator.json
 inflado: Server/Item/Items/Machinarium_Metal_Plate.json
 inflado: Server/Item/Items/Machinarium_Metal_Plate_Press.json
 inflado: Server/Item/Items/Machinarium_Metal_Rod.json
 inflado: Server/Item/Items/Machinarium_Motor.json
 inflado: Server/Item/Items/Machinarium_Motor_Rotor.json
 inflado: Server/Item/Items/Machinarium_Motor_Stator.json
 inflado: Server/Item/Items/Machinarium_Neutron_Absorber_Plate.json
 inflado: Server/Item/Items/Machinarium_Neutron_Moderator.json
 inflado: Server/Item/Items/Machinarium_Neutron_Reflector.json
 inflado: Server/Item/Items/Machinarium_Nichrome_Coil.json
 inflado: Server/Item/Items/Machinarium_Nickel_Ingot.json
 inflado: Server/Item/Items/Machinarium_Nickel_Powder.json
 inflado: Server/Item/Items/Machinarium_Nuclear_Reprocessing_Acid.json
 inflado: Server/Item/Items/Machinarium_Nuclear_Waste_Barrel.json
 inflado: Server/Item/Items/Machinarium_Ore_Chips.json
 inflado: Server/Item/Items/Machinarium_Ore_Crusher.json
 inflado: Server/Item/Items/Machinarium_Ore_Crusher_T1.json
 inflado: Server/Item/Items/Machinarium_Ore_Crusher_T2.json
 inflado: Server/Item/Items/Machinarium_Ore_Crusher_T3.json
 inflado: Server/Item/Items/Machinarium_Ore_Crusher_T4.json
 inflado: Server/Item/Items/Machinarium_Ore_Crusher_T5.json
 inflado: Server/Item/Items/Machinarium_Ore_Washer.json
 inflado: Server/Item/Items/Machinarium_Plutonium_Charge_Capsule.json
 inflado: Server/Item/Items/Machinarium_Plutonium_Core.json
 inflado: Server/Item/Items/Machinarium_Plutonium_Fuel_Pellet.json
 inflado: Server/Item/Items/Machinarium_Plutonium_Fuel_Rod.json
 inflado: Server/Item/Items/Machinarium_Plutonium_Ingot.json
 inflado: Server/Item/Items/Machinarium_Plutonium_Slurry.json
 inflado: Server/Item/Items/Machinarium_Polymer_Resin.json
 inflado: Server/Item/Items/Machinarium_Portable_Power_Unit.json
 inflado: Server/Item/Items/Machinarium_Power_Conduit.json
 inflado: Server/Item/Items/Machinarium_Power_Distribution_Hub.json
 inflado: Server/Item/Items/Machinarium_Power_Regulator.json
 inflado: Server/Item/Items/Machinarium_Power_Relay.json
 inflado: Server/Item/Items/Machinarium_Precision_Drill_Head.json
 inflado: Server/Item/Items/Machinarium_Pressure_Vessel.json
 inflado: Server/Item/Items/Machinarium_Pressurized_Pipe_Segment.json
 inflado: Server/Item/Items/Machinarium_Printed_Circuit_Board.json
 inflado: Server/Item/Items/Machinarium_Processor.json
 inflado: Server/Item/Items/Machinarium_Processor_Unit.json
 inflado: Server/Item/Items/Machinarium_Programmable_Chip.json
 inflado: Server/Item/Items/Machinarium_Pump.json
 inflado: Server/Item/Items/Machinarium_Quantum_Assembler.json
 inflado: Server/Item/Items/Machinarium_Quantum_Core.json
 inflado: Server/Item/Items/Machinarium_Quantum_Reactor_Cell.json
 inflado: Server/Item/Items/Machinarium_Quarry.json
 inflado: Server/Item/Items/Machinarium_Quarry_Border.json
 inflado: Server/Item/Items/Machinarium_Quarry_T1.json
 inflado: Server/Item/Items/Machinarium_Quarry_T2.json
 inflado: Server/Item/Items/Machinarium_Quarry_T3.json
 inflado: Server/Item/Items/Machinarium_Quarry_T4.json
 inflado: Server/Item/Items/Machinarium_Quarry_T5.json
 inflado: Server/Item/Items/Machinarium_Radiation_Filter.json
 inflado: Server/Item/Items/Machinarium_Radiation_Sealant.json
 inflado: Server/Item/Items/Machinarium_Radiation_Shielding.json
 inflado: Server/Item/Items/Machinarium_Radiation_Suit_Fabric.json
 inflado: Server/Item/Items/Machinarium_Radiator_Panel.json
 inflado: Server/Item/Items/Machinarium_Reactor_Coolant_Cell.json
 inflado: Server/Item/Items/Machinarium_Reactor_Core_Segment.json
 inflado: Server/Item/Items/Machinarium_Reactor_Monitoring_Unit.json
 inflado: Server/Item/Items/Machinarium_Reactor_Shielding_Casing.json
 inflado: Server/Item/Items/Machinarium_Reactor_Shielding_Plate.json
 inflado: Server/Item/Items/Machinarium_Reactor_Vent.json
 inflado: Server/Item/Items/Machinarium_Reactor_Vessel_Lining.json
 inflado: Server/Item/Items/Machinarium_Reinforced_Bunker_Wall.json
 inflado: Server/Item/Items/Machinarium_Reinforced_Engine_Parts.json
 inflado: Server/Item/Items/Machinarium_Reinforced_Frame.json
 inflado: Server/Item/Items/Machinarium_Reinforced_Gears.json
 inflado: Server/Item/Items/Machinarium_Reinforced_Plate.json
 inflado: Server/Item/Items/Machinarium_Reinforced_Rod.json
 inflado: Server/Item/Items/Machinarium_Reprocessed_Nuclear_Waste.json
 inflado: Server/Item/Items/Machinarium_Reprocessing_Plant.json
 inflado: Server/Item/Items/Machinarium_Rivets.json
 inflado: Server/Item/Items/Machinarium_Robotic_Arm.json
 inflado: Server/Item/Items/Machinarium_Scrap.json
 inflado: Server/Item/Items/Machinarium_Screws.json
 inflado: Server/Item/Items/Machinarium_Sensor_Array.json
 inflado: Server/Item/Items/Machinarium_Sensor_Module.json
 inflado: Server/Item/Items/Machinarium_Servo.json
 inflado: Server/Item/Items/Machinarium_Servo_Driver.json
 inflado: Server/Item/Items/Machinarium_Shielded_Panel.json
 inflado: Server/Item/Items/Machinarium_Shock_Resistant_Frame.json
 inflado: Server/Item/Items/Machinarium_Sifter.json
 inflado: Server/Item/Items/Machinarium_Silicon.json
 inflado: Server/Item/Items/Machinarium_Silicon_Powder.json
 inflado: Server/Item/Items/Machinarium_Silicon_Wafer.json
 inflado: Server/Item/Items/Machinarium_Silver_Powder.json
 inflado: Server/Item/Items/Machinarium_Slag.json
 inflado: Server/Item/Items/Machinarium_Solar_Cell_Component.json
 inflado: Server/Item/Items/Machinarium_Solar_Panel.json
 inflado: Server/Item/Items/Machinarium_Solar_Panel_T1.json
 inflado: Server/Item/Items/Machinarium_Solar_Panel_T2.json
 inflado: Server/Item/Items/Machinarium_Solar_Panel_T3.json
 inflado: Server/Item/Items/Machinarium_Solar_Panel_T4.json
 inflado: Server/Item/Items/Machinarium_Solar_Panel_T5.json
 inflado: Server/Item/Items/Machinarium_Solder_Wire.json
 inflado: Server/Item/Items/Machinarium_Spent_Fuel_Rod.json
 inflado: Server/Item/Items/Machinarium_Spring.json
 inflado: Server/Item/Items/Machinarium_Stone_Dust.json
 inflado: Server/Item/Items/Machinarium_Structural_Beam.json
 inflado: Server/Item/Items/Machinarium_Structural_Panel.json
 inflado: Server/Item/Items/Machinarium_Superalloy_Blend.json
 inflado: Server/Item/Items/Machinarium_Superalloy_Blend_Powder.json
 inflado: Server/Item/Items/Machinarium_Superconductive_Rod.json
 inflado: Server/Item/Items/Machinarium_Supercritical_Fuel_Cell.json
 inflado: Server/Item/Items/Machinarium_Support_Bracket.json
 inflado: Server/Item/Items/Machinarium_Thermal_Insulation.json
 inflado: Server/Item/Items/Machinarium_Thermal_Paste.json
 inflado: Server/Item/Items/Machinarium_Thermal_Regulator.json
 inflado: Server/Item/Items/Machinarium_Thermal_Shielding.json
 inflado: Server/Item/Items/Machinarium_Thorium_Powder.json
 inflado: Server/Item/Items/Machinarium_Thruster_Nozzle.json
 inflado: Server/Item/Items/Machinarium_Tin_Ingot.json
 inflado: Server/Item/Items/Machinarium_Tin_Plating.json
 inflado: Server/Item/Items/Machinarium_Tin_Powder.json
 inflado: Server/Item/Items/Machinarium_Titanium_Ingot.json
 inflado: Server/Item/Items/Machinarium_Titanium_Plate.json
 inflado: Server/Item/Items/Machinarium_Titanium_Powder.json
 inflado: Server/Item/Items/Machinarium_Titanium_Vanadium_Alloy.json
 inflado: Server/Item/Items/Machinarium_Titanium_Vanadium_Alloy_Powder.json
 inflado: Server/Item/Items/Machinarium_Toxic_Waste_Canister.json
 inflado: Server/Item/Items/Machinarium_Transformer_Unit.json
 inflado: Server/Item/Items/Machinarium_Tungsten_Carbide_Chunk.json
 inflado: Server/Item/Items/Machinarium_Tungsten_Ingot.json
 inflado: Server/Item/Items/Machinarium_Tungsten_Plate.json
 inflado: Server/Item/Items/Machinarium_Tungsten_Powder.json
 inflado: Server/Item/Items/Machinarium_Turbine_Blade.json
 inflado: Server/Item/Items/Machinarium_Uranium_Fuel_Pellet.json
 inflado: Server/Item/Items/Machinarium_Uranium_Ingot.json
 inflado: Server/Item/Items/Machinarium_Uranium_Powder.json
 inflado: Server/Item/Items/Machinarium_Valve.json
 inflado: Server/Item/Items/Machinarium_Vanadium_Ingot.json
 inflado: Server/Item/Items/Machinarium_Vanadium_Powder.json
 inflado: Server/Item/Items/Machinarium_Waste_Reprocessing_Unit.json
 inflado: Server/Item/Items/Machinarium_Wind_Turbine.json
 inflado: Server/Item/Items/Machinarium_Wind_Turbine_T1.json
 inflado: Server/Item/Items/Machinarium_Wind_Turbine_T2.json
 inflado: Server/Item/Items/Machinarium_Wind_Turbine_T3.json
 inflado: Server/Item/Items/Machinarium_Wind_Turbine_T4.json
 inflado: Server/Item/Items/Machinarium_Wind_Turbine_T5.json
 inflado: Server/Item/Items/Ore_Bauxite.json
 inflado: Server/Item/Items/Ore_Bauxite_Basalt.json
 inflado: Server/Item/Items/Ore_Bauxite_Calcite.json
 inflado: Server/Item/Items/Ore_Bauxite_Dry_Mud.json
 inflado: Server/Item/Items/Ore_Bauxite_Magma.json
 inflado: Server/Item/Items/Ore_Bauxite_Sandstone.json
 inflado: Server/Item/Items/Ore_Bauxite_Shale.json
 inflado: Server/Item/Items/Ore_Bauxite_Slate.json
 inflado: Server/Item/Items/Ore_Bauxite_Stone.json
 inflado: Server/Item/Items/Ore_Bauxite_Volcanic.json
 inflado: Server/Item/Items/Ore_Cassiterite.json
 inflado: Server/Item/Items/Ore_Cassiterite_Basalt.json
 inflado: Server/Item/Items/Ore_Cassiterite_Calcite.json
 inflado: Server/Item/Items/Ore_Cassiterite_Dry_Mud.json
 inflado: Server/Item/Items/Ore_Cassiterite_Magma.json
 inflado: Server/Item/Items/Ore_Cassiterite_Sandstone.json
 inflado: Server/Item/Items/Ore_Cassiterite_Shale.json
 inflado: Server/Item/Items/Ore_Cassiterite_Slate.json
 inflado: Server/Item/Items/Ore_Cassiterite_Stone.json
 inflado: Server/Item/Items/Ore_Cassiterite_Volcanic.json
 inflado: Server/Item/Items/Ore_Chromite.json
 inflado: Server/Item/Items/Ore_Chromite_Basalt.json
 inflado: Server/Item/Items/Ore_Chromite_Calcite.json
 inflado: Server/Item/Items/Ore_Chromite_Dry_Mud.json
 inflado: Server/Item/Items/Ore_Chromite_Magma.json
 inflado: Server/Item/Items/Ore_Chromite_Sandstone.json
 inflado: Server/Item/Items/Ore_Chromite_Shale.json
 inflado: Server/Item/Items/Ore_Chromite_Slate.json
 inflado: Server/Item/Items/Ore_Chromite_Stone.json
 inflado: Server/Item/Items/Ore_Chromite_Volcanic.json
 inflado: Server/Item/Items/Ore_Ilmenite.json
 inflado: Server/Item/Items/Ore_Ilmenite_Basalt.json
 inflado: Server/Item/Items/Ore_Ilmenite_Calcite.json
 inflado: Server/Item/Items/Ore_Ilmenite_Dry_Mud.json
 inflado: Server/Item/Items/Ore_Ilmenite_Magma.json
 inflado: Server/Item/Items/Ore_Ilmenite_Sandstone.json
 inflado: Server/Item/Items/Ore_Ilmenite_Shale.json
 inflado: Server/Item/Items/Ore_Ilmenite_Slate.json
 inflado: Server/Item/Items/Ore_Ilmenite_Stone.json
 inflado: Server/Item/Items/Ore_Ilmenite_Volcanic.json
 inflado: Server/Item/Items/Ore_Manganese.json
 inflado: Server/Item/Items/Ore_Manganese_Basalt.json
 inflado: Server/Item/Items/Ore_Manganese_Calcite.json
 inflado: Server/Item/Items/Ore_Manganese_Dry_Mud.json
 inflado: Server/Item/Items/Ore_Manganese_Magma.json
 inflado: Server/Item/Items/Ore_Manganese_Sandstone.json
 inflado: Server/Item/Items/Ore_Manganese_Shale.json
 inflado: Server/Item/Items/Ore_Manganese_Slate.json
 inflado: Server/Item/Items/Ore_Manganese_Stone.json
 inflado: Server/Item/Items/Ore_Manganese_Volcanic.json
 inflado: Server/Item/Items/Ore_Pentlandite.json
 inflado: Server/Item/Items/Ore_Pentlandite_Basalt.json
 inflado: Server/Item/Items/Ore_Pentlandite_Calcite.json
 inflado: Server/Item/Items/Ore_Pentlandite_Dry_Mud.json
 inflado: Server/Item/Items/Ore_Pentlandite_Magma.json
 inflado: Server/Item/Items/Ore_Pentlandite_Sandstone.json
 inflado: Server/Item/Items/Ore_Pentlandite_Shale.json
 inflado: Server/Item/Items/Ore_Pentlandite_Slate.json
 inflado: Server/Item/Items/Ore_Pentlandite_Stone.json
 inflado: Server/Item/Items/Ore_Pentlandite_Volcanic.json
 inflado: Server/Item/Items/Ore_Quartzite.json
 inflado: Server/Item/Items/Ore_Quartzite_Basalt.json
 inflado: Server/Item/Items/Ore_Quartzite_Calcite.json
 inflado: Server/Item/Items/Ore_Quartzite_Dry_Mud.json
 inflado: Server/Item/Items/Ore_Quartzite_Magma.json
 inflado: Server/Item/Items/Ore_Quartzite_Sandstone.json
 inflado: Server/Item/Items/Ore_Quartzite_Shale.json
 inflado: Server/Item/Items/Ore_Quartzite_Slate.json
 inflado: Server/Item/Items/Ore_Quartzite_Stone.json
 inflado: Server/Item/Items/Ore_Quartzite_Volcanic.json
 inflado: Server/Item/Items/Ore_Scheelite.json
 inflado: Server/Item/Items/Ore_Scheelite_Basalt.json
 inflado: Server/Item/Items/Ore_Scheelite_Calcite.json
 inflado: Server/Item/Items/Ore_Scheelite_Dry_Mud.json
 inflado: Server/Item/Items/Ore_Scheelite_Magma.json
 inflado: Server/Item/Items/Ore_Scheelite_Sandstone.json
 inflado: Server/Item/Items/Ore_Scheelite_Shale.json
 inflado: Server/Item/Items/Ore_Scheelite_Slate.json
 inflado: Server/Item/Items/Ore_Scheelite_Stone.json
 inflado: Server/Item/Items/Ore_Scheelite_Volcanic.json
 inflado: Server/Item/Items/Ore_Spodumene.json
 inflado: Server/Item/Items/Ore_Spodumene_Basalt.json
 inflado: Server/Item/Items/Ore_Spodumene_Calcite.json
 inflado: Server/Item/Items/Ore_Spodumene_Dry_Mud.json
 inflado: Server/Item/Items/Ore_Spodumene_Magma.json
 inflado: Server/Item/Items/Ore_Spodumene_Sandstone.json
 inflado: Server/Item/Items/Ore_Spodumene_Shale.json
 inflado: Server/Item/Items/Ore_Spodumene_Slate.json
 inflado: Server/Item/Items/Ore_Spodumene_Stone.json
 inflado: Server/Item/Items/Ore_Spodumene_Volcanic.json
 inflado: Server/Item/Items/Ore_Uraninite.json
 inflado: Server/Item/Items/Ore_Uraninite_Basalt.json
 inflado: Server/Item/Items/Ore_Uraninite_Calcite.json
 inflado: Server/Item/Items/Ore_Uraninite_Dry_Mud.json
 inflado: Server/Item/Items/Ore_Uraninite_Magma.json
 inflado: Server/Item/Items/Ore_Uraninite_Sandstone.json
 inflado: Server/Item/Items/Ore_Uraninite_Shale.json
 inflado: Server/Item/Items/Ore_Uraninite_Slate.json
 inflado: Server/Item/Items/Ore_Uraninite_Stone.json
 inflado: Server/Item/Items/Ore_Uraninite_Volcanic.json
 inflado: Server/Item/Items/Ore_Vanadinite.json
 inflado: Server/Item/Items/Ore_Vanadinite_Basalt.json
 inflado: Server/Item/Items/Ore_Vanadinite_Calcite.json
 inflado: Server/Item/Items/Ore_Vanadinite_Dry_Mud.json
 inflado: Server/Item/Items/Ore_Vanadinite_Magma.json
 inflado: Server/Item/Items/Ore_Vanadinite_Sandstone.json
 inflado: Server/Item/Items/Ore_Vanadinite_Shale.json
 inflado: Server/Item/Items/Ore_Vanadinite_Slate.json
 inflado: Server/Item/Items/Ore_Vanadinite_Stone.json
 inflado: Server/Item/Items/Ore_Vanadinite_Volcanic.json
  creado: Server/Item/Items/Armor/
  creado: Server/Item/Items/Armor/Bronze/
 inflado: Server/Item/Items/Armor/Bronze/Armor_Bronze_Chest.json
 inflado: Server/Item/Items/Armor/Bronze/Armor_Bronze_Hands.json
 inflado: Server/Item/Items/Armor/Bronze/Armor_Bronze_Head.json
 inflado: Server/Item/Items/Armor/Bronze/Armor_Bronze_Legs.json
  creado: Server/Item/Items/Armor/Bronze_Ornate/
 inflado: Server/Item/Items/Armor/Bronze_Ornate/Armor_Bronze_Ornate_Chest.json
 inflado: Server/Item/Items/Armor/Bronze_Ornate/Armor_Bronze_Ornate_Hands.json
 inflado: Server/Item/Items/Armor/Bronze_Ornate/Armor_Bronze_Ornate_Head.json
  creado: Server/Item/Items/Weapon/
  creado: Server/Item/Items/Weapon/Daggers/
 inflado: Server/Item/Items/Weapon/Daggers/Weapon_Daggers_Bronze.json
 inflado: Server/Item/Items/Weapon/Daggers/Weapon_Daggers_Bronze_Ancient.json
  creado: Server/Item/Items/Weapon/Shortbow/
 inflado: Server/Item/Items/Weapon/Shortbow/Weapon_Shortbow_Bronze.json
  creado: Server/Item/Items/Weapon/Spear/
 inflado: Server/Item/Items/Weapon/Spear/Weapon_Spear_Bronze.json
  creado: Server/Item/Items/Weapon/Staff/
 inflado: Server/Item/Items/Weapon/Staff/Weapon_Staff_Bronze.json
  creado: Server/Item/Items/Weapon/Sword/
 inflado: Server/Item/Items/Weapon/Sword/Weapon_Sword_Bronze.json
 inflado: Server/Item/Items/Weapon/Sword/Weapon_Sword_Bronze_Ancient.json
  creado: Server/Item/RootInteractions/
  creado: Server/Item/RootInteractions/Block/
 inflado: Server/Item/RootInteractions/Block/Machinarium_Open_Powered_Bench.json
  creado: Server/Languages/
 inflado: Server/Languages/fallback.lang
  creado: Server/Languages/en-US/
 inflado: Server/Languages/en-US/items.lang
 inflado: Server/Languages/en-US/server.lang
  creado: Server/Languages/es-ES/
 inflado: Server/Languages/es-ES/items.lang
 inflado: Server/Languages/es-ES/server.lang
  creado: Server/Languages/pt-BR/
 inflado: Server/Languages/pt-BR/items.lang
 inflado: Server/Languages/pt-BR/server.lang
  creado: Server/Languages/sk-SK/
  creado: Server/Languages/cs-CZ/
  creado: Common/Nová složka/
  creado: Server/Languages/de-DE/
[2026-02-14 22:15:06] Desempaquetado: /home/handerson/Descargas/sd/HyProTech-1.3.2.jar -> /home/handerson/Descargas/sd/out_yad/HyProTech-1.3.2
manifiesto agregado
agregando: Common/(entrada = 0) (salida = 0)(almacenado 0%)
agregando: Common/Audio/(entrada = 0) (salida = 0)(almacenado 0%)
agregando: Common/Audio/SoundEvents/(entrada = 0) (salida = 0)(almacenado 0%)
agregando: Common/Audio/SoundEvents/Machinarium_Electric_Furnace.json(entrada = 173) (salida = 130)(desinflado 24%)
agregando: Common/Audio/SoundEvents/Machinarium_Solar_Panel.json(entrada = 168) (salida = 126)(desinflado 25%)
agregando: Common/Audio/SoundEvents/Machinarium_Wind_Turbine.json(entrada = 169) (salida = 127)(desinflado 24%)
agregando: Common/BlockTextures/(entrada = 0) (salida = 0)(almacenado 0%)
agregando: Common/BlockTextures/BasicBaterry.png(entrada = 6975) (salida = 6834)(desinflado 2%)
agregando: Common/BlockTextures/BasicBaterry_T1.png(entrada = 6896) (salida = 6768)(desinflado 1%)
agregando: Common/BlockTextures/BasicBaterry_T2.png(entrada = 6856) (salida = 6729)(desinflado 1%)
agregando: Common/BlockTextures/BasicBaterry_T3.png(entrada = 6758) (salida = 6610)(desinflado 2%)
agregando: Common/BlockTextures/BasicBaterry_T4.png(entrada = 6736) (salida = 6589)(desinflado 2%)
agregando: Common/BlockTextures/BasicBaterry_T5.png(entrada = 6666) (salida = 6520)(desinflado 2%)
agregando: Common/BlockTextures/Border.png(entrada = 626) (salida = 631)(desinflado 0%)
agregando: Common/BlockTextures/ElectricFurnace.png(entrada = 8726) (salida = 8731)(desinflado 0%)
agregando: Common/BlockTextures/ElectricFurnace_T1.png(entrada = 7654) (salida = 7659)(desinflado 0%)
agregando: Common/BlockTextures/ElectricFurnace_T2.png(entrada = 7640) (salida = 7645)(desinflado 0%)
agregando: Common/BlockTextures/ElectricFurnace_T3.png(entrada = 7610) (salida = 7615)(desinflado 0%)
agregando: Common/BlockTextures/ElectricFurnace_T4.png(entrada = 7633) (salida = 7638)(desinflado 0%)
agregando: Common/BlockTextures/ElectricFurnace_T5.png(entrada = 7552) (salida = 7557)(desinflado 0%)
agregando: Common/BlockTextures/ElectricalWorkbench.png(entrada = 28697) (salida = 28190)(desinflado 1%)
agregando: Common/BlockTextures/OreCrusher.png(entrada = 16491) (salida = 16497)(desinflado 0%)
agregando: Common/BlockTextures/Quarry_T0.png(entrada = 3470) (salida = 3475)(desinflado 0%)
agregando: Common/BlockTextures/Quarry_T1.png(entrada = 2762) (salida = 2731)(desinflado 1%)
agregando: Common/BlockTextures/Quarry_T2.png(entrada = 4739) (salida = 4190)(desinflado 11%)
agregando: Common/BlockTextures/Quarry_T3.png(entrada = 2715) (salida = 2708)(desinflado 0%)
agregando: Common/BlockTextures/Quarry_T4.png(entrada = 2577) (salida = 2519)(desinflado 2%)
agregando: Common/BlockTextures/Quarry_T5.png(entrada = 2727) (salida = 2699)(desinflado 1%)
agregando: Common/BlockTextures/SolarPanel.png(entrada = 6382) (salida = 6195)(desinflado 2%)
agregando: Common/BlockTextures/SolarPanel5x5.png(entrada = 6382) (salida = 6195)(desinflado 2%)
agregando: Common/BlockTextures/SolarPanelT3.png(entrada = 6437) (salida = 6278)(desinflado 2%)
agregando: Common/BlockTextures/SolarPanel_T1.png(entrada = 6395) (salida = 6205)(desinflado 2%)
agregando: Common/BlockTextures/SolarPanel_T2.png(entrada = 6380) (salida = 6192)(desinflado 2%)
agregando: Common/BlockTextures/SolarPanel_T3.png(entrada = 6437) (salida = 6278)(desinflado 2%)
agregando: Common/BlockTextures/SolarPanel_T4.png(entrada = 6335) (salida = 6142)(desinflado 3%)
agregando: Common/BlockTextures/SolarPanel_T5.png(entrada = 6225) (salida = 6036)(desinflado 3%)
agregando: Common/BlockTextures/SolarPanel_š.png(entrada = 6158) (salida = 6027)(desinflado 2%)
agregando: Common/BlockTextures/cable.png(entrada = 312) (salida = 317)(desinflado -1%)
agregando: Common/BlockTextures/cable_black.png(entrada = 858) (salida = 863)(desinflado 0%)
agregando: Common/BlockTextures/cable_blue.png(entrada = 858) (salida = 863)(desinflado 0%)
agregando: Common/BlockTextures/cable_brown.png(entrada = 858) (salida = 863)(desinflado 0%)
agregando: Common/BlockTextures/cable_green.png(entrada = 858) (salida = 863)(desinflado 0%)
agregando: Common/BlockTextures/cable_item.png(entrada = 187) (salida = 172)(desinflado 8%)
agregando: Common/BlockTextures/cable_item_t1.png(entrada = 195) (salida = 191)(desinflado 2%)
agregando: Common/BlockTextures/cable_item_t2.png(entrada = 213) (salida = 202)(desinflado 5%)
agregando: Common/BlockTextures/cable_item_t3.png(entrada = 214) (salida = 202)(desinflado 5%)
agregando: Common/BlockTextures/cable_item_t4.png(entrada = 198) (salida = 185)(desinflado 6%)
agregando: Common/BlockTextures/cable_item_t5.png(entrada = 199) (salida = 186)(desinflado 6%)
agregando: Common/BlockTextures/cable_t1.png(entrada = 263) (salida = 259)(desinflado 1%)
agregando: Common/BlockTextures/cable_t2.png(entrada = 271) (salida = 269)(desinflado 0%)
agregando: Common/BlockTextures/cable_t3.png(entrada = 317) (salida = 319)(desinflado 0%)
agregando: Common/BlockTextures/cable_t4.png(entrada = 275) (salida = 272)(desinflado 1%)
agregando: Common/BlockTextures/cable_t5.png(entrada = 275) (salida = 272)(desinflado 1%)
agregando: Common/BlockTextures/energycableinside.png(entrada = 114) (salida = 106)(desinflado 7%)
agregando: Common/BlockTextures/machinarium_battery.png(entrada = 169) (salida = 162)(desinflado 4%)
agregando: Common/BlockTextures/machinarium_electric_furnace.png(entrada = 159) (salida = 150)(desinflado 5%)
agregando: Common/BlockTextures/machinarium_energy_cable.png(entrada = 164) (salida = 155)(desinflado 5%)
agregando: Common/BlockTextures/machinarium_solar_panel.png(entrada = 171) (salida = 164)(desinflado 4%)
agregando: Common/BlockTextures/quarry.png(entrada = 3470) (salida = 3475)(desinflado 0%)
agregando: Common/BlockTextures/s.png(entrada = 5658) (salida = 5518)(desinflado 2%)
agregando: Common/BlockTextures/sd.png(entrada = 6098) (salida = 5957)(desinflado 2%)
agregando: Common/Blocks/(entrada = 0) (salida = 0)(almacenado 0%)
agregando: Common/Blocks/Machinarium/(entrada = 0) (salida = 0)(almacenado 0%)
agregando: Common/Blocks/Machinarium/Alloy Smelter/(entrada = 0) (salida = 0)(almacenado 0%)
agregando: Common/Blocks/Machinarium/Alloy Smelter/AlloySmelter.blockyanim(entrada = 1519) (salida = 254)(desinflado 83%)
agregando: Common/Blocks/Machinarium/Alloy Smelter/AlloySmelter.blockymodel(entrada = 49944) (salida = 2458)(desinflado 95%)
agregando: Common/Blocks/Machinarium/Alloy Smelter/AlloySmelter.png(entrada = 12387) (salida = 11862)(desinflado 4%)
agregando: Common/Blocks/Machinarium/Alloy Smelter/AlloySmelter_T1.png(entrada = 12671) (salida = 12150)(desinflado 4%)
agregando: Common/Blocks/Machinarium/Alloy Smelter/AlloySmelter_T2.png(entrada = 12685) (salida = 12165)(desinflado 4%)
agregando: Common/Blocks/Machinarium/Alloy Smelter/AlloySmelter_T3.png(entrada = 12649) (salida = 12126)(desinflado 4%)
agregando: Common/Blocks/Machinarium/Alloy Smelter/AlloySmelter_T4.png(entrada = 12594) (salida = 12070)(desinflado 4%)
agregando: Common/Blocks/Machinarium/Alloy Smelter/AlloySmelter_T5.png(entrada = 12457) (salida = 11926)(desinflado 4%)
agregando: Common/Blocks/Machinarium/BasicBattery/(entrada = 0) (salida = 0)(almacenado 0%)
agregando: Common/Blocks/Machinarium/BasicBattery/BasicBattery.blockymodel(entrada = 51513) (salida = 2050)(desinflado 96%)
agregando: Common/Blocks/Machinarium/BasicBattery/Cable.blockymodel(entrada = 1565) (salida = 380)(desinflado 75%)
agregando: Common/Blocks/Machinarium/BorderTorch/(entrada = 0) (salida = 0)(almacenado 0%)
agregando: Common/Blocks/Machinarium/BorderTorch/Torch_Texture.png(entrada = 2158) (salida = 2163)(desinflado 0%)
agregando: Common/Blocks/Machinarium/BorderTorch/borderTorch.blockymodel(entrada = 9181) (salida = 1027)(desinflado 88%)
agregando: Common/Blocks/Machinarium/Cable/(entrada = 0) (salida = 0)(almacenado 0%)
agregando: Common/Blocks/Machinarium/Cable/CableInput.blockymodel(entrada = 9107) (salida = 708)(desinflado 92%)
agregando: Common/Blocks/Machinarium/Cable/CableOutput.blockymodel(entrada = 7594) (salida = 645)(desinflado 91%)
agregando: Common/Blocks/Machinarium/Cable/Cable_00.blockymodel(entrada = 2799) (salida = 476)(desinflado 82%)
agregando: Common/Blocks/Machinarium/Cable/Cable_01.blockymodel(entrada = 6088) (salida = 563)(desinflado 90%)
agregando: Common/Blocks/Machinarium/Cable/Cable_02.blockymodel(entrada = 6089) (salida = 566)(desinflado 90%)
agregando: Common/Blocks/Machinarium/Cable/Cable_03.blockymodel(entrada = 8751) (salida = 613)(desinflado 92%)
agregando: Common/Blocks/Machinarium/Cable/Cable_04.blockymodel(entrada = 6084) (salida = 562)(desinflado 90%)
agregando: Common/Blocks/Machinarium/Cable/Cable_05.blockymodel(entrada = 8746) (salida = 618)(desinflado 92%)
agregando: Common/Blocks/Machinarium/Cable/Cable_06.blockymodel(entrada = 8747) (salida = 620)(desinflado 92%)
agregando: Common/Blocks/Machinarium/Cable/Cable_07.blockymodel(entrada = 11409) (salida = 664)(desinflado 94%)
agregando: Common/Blocks/Machinarium/Cable/Cable_08.blockymodel(entrada = 6089) (salida = 564)(desinflado 90%)
agregando: Common/Blocks/Machinarium/Cable/Cable_09.blockymodel(entrada = 8751) (salida = 621)(desinflado 92%)
agregando: Common/Blocks/Machinarium/Cable/Cable_10.blockymodel(entrada = 8752) (salida = 621)(desinflado 92%)
agregando: Common/Blocks/Machinarium/Cable/Cable_11.blockymodel(entrada = 11414) (salida = 665)(desinflado 94%)
agregando: Common/Blocks/Machinarium/Cable/Cable_12.blockymodel(entrada = 8747) (salida = 612)(desinflado 93%)
agregando: Common/Blocks/Machinarium/Cable/Cable_13.blockymodel(entrada = 11409) (salida = 664)(desinflado 94%)
agregando: Common/Blocks/Machinarium/Cable/Cable_14.blockymodel(entrada = 11410) (salida = 664)(desinflado 94%)
agregando: Common/Blocks/Machinarium/Cable/Cable_15.blockymodel(entrada = 14072) (salida = 707)(desinflado 94%)
agregando: Common/Blocks/Machinarium/Cable/Cable_16.blockymodel(entrada = 6090) (salida = 565)(desinflado 90%)
agregando: Common/Blocks/Machinarium/Cable/Cable_17.blockymodel(entrada = 8752) (salida = 624)(desinflado 92%)
agregando: Common/Blocks/Machinarium/Cable/Cable_18.blockymodel(entrada = 8753) (salida = 626)(desinflado 92%)
agregando: Common/Blocks/Machinarium/Cable/Cable_19.blockymodel(entrada = 11415) (salida = 670)(desinflado 94%)
agregando: Common/Blocks/Machinarium/Cable/Cable_20.blockymodel(entrada = 8748) (salida = 621)(desinflado 92%)
agregando: Common/Blocks/Machinarium/Cable/Cable_21.blockymodel(entrada = 11410) (salida = 674)(desinflado 94%)
agregando: Common/Blocks/Machinarium/Cable/Cable_22.blockymodel(entrada = 11411) (salida = 675)(desinflado 94%)
agregando: Common/Blocks/Machinarium/Cable/Cable_23.blockymodel(entrada = 14073) (salida = 719)(desinflado 94%)
agregando: Common/Blocks/Machinarium/Cable/Cable_24.blockymodel(entrada = 8753) (salida = 624)(desinflado 92%)
agregando: Common/Blocks/Machinarium/Cable/Cable_25.blockymodel(entrada = 11415) (salida = 676)(desinflado 94%)
agregando: Common/Blocks/Machinarium/Cable/Cable_26.blockymodel(entrada = 11416) (salida = 677)(desinflado 94%)
agregando: Common/Blocks/Machinarium/Cable/Cable_27.blockymodel(entrada = 14078) (salida = 720)(desinflado 94%)
agregando: Common/Blocks/Machinarium/Cable/Cable_28.blockymodel(entrada = 11411) (salida = 668)(desinflado 94%)
agregando: Common/Blocks/Machinarium/Cable/Cable_29.blockymodel(entrada = 14073) (salida = 720)(desinflado 94%)
agregando: Common/Blocks/Machinarium/Cable/Cable_30.blockymodel(entrada = 14074) (salida = 719)(desinflado 94%)
agregando: Common/Blocks/Machinarium/Cable/Cable_31.blockymodel(entrada = 16736) (salida = 762)(desinflado 95%)
agregando: Common/Blocks/Machinarium/Cable/Cable_32.blockymodel(entrada = 6091) (salida = 566)(desinflado 90%)
agregando: Common/Blocks/Machinarium/Cable/Cable_33.blockymodel(entrada = 8753) (salida = 625)(desinflado 92%)
agregando: Common/Blocks/Machinarium/Cable/Cable_34.blockymodel(entrada = 8754) (salida = 624)(desinflado 92%)
agregando: Common/Blocks/Machinarium/Cable/Cable_35.blockymodel(entrada = 11416) (salida = 667)(desinflado 94%)
agregando: Common/Blocks/Machinarium/Cable/Cable_36.blockymodel(entrada = 8749) (salida = 621)(desinflado 92%)
agregando: Common/Blocks/Machinarium/Cable/Cable_37.blockymodel(entrada = 11411) (salida = 675)(desinflado 94%)
agregando: Common/Blocks/Machinarium/Cable/Cable_38.blockymodel(entrada = 11412) (salida = 676)(desinflado 94%)
agregando: Common/Blocks/Machinarium/Cable/Cable_39.blockymodel(entrada = 14074) (salida = 720)(desinflado 94%)
agregando: Common/Blocks/Machinarium/Cable/Cable_40.blockymodel(entrada = 8754) (salida = 621)(desinflado 92%)
agregando: Common/Blocks/Machinarium/Cable/Cable_41.blockymodel(entrada = 11416) (salida = 673)(desinflado 94%)
agregando: Common/Blocks/Machinarium/Cable/Cable_42.blockymodel(entrada = 11417) (salida = 674)(desinflado 94%)
agregando: Common/Blocks/Machinarium/Cable/Cable_43.blockymodel(entrada = 14079) (salida = 718)(desinflado 94%)
agregando: Common/Blocks/Machinarium/Cable/Cable_44.blockymodel(entrada = 11412) (salida = 664)(desinflado 94%)
agregando: Common/Blocks/Machinarium/Cable/Cable_45.blockymodel(entrada = 14074) (salida = 718)(desinflado 94%)
agregando: Common/Blocks/Machinarium/Cable/Cable_46.blockymodel(entrada = 14075) (salida = 717)(desinflado 94%)
agregando: Common/Blocks/Machinarium/Cable/Cable_47.blockymodel(entrada = 16737) (salida = 759)(desinflado 95%)
agregando: Common/Blocks/Machinarium/Cable/Cable_48.blockymodel(entrada = 8755) (salida = 615)(desinflado 92%)
agregando: Common/Blocks/Machinarium/Cable/Cable_49.blockymodel(entrada = 11417) (salida = 671)(desinflado 94%)
agregando: Common/Blocks/Machinarium/Cable/Cable_50.blockymodel(entrada = 11418) (salida = 672)(desinflado 94%)
agregando: Common/Blocks/Machinarium/Cable/Cable_51.blockymodel(entrada = 14080) (salida = 716)(desinflado 94%)
agregando: Common/Blocks/Machinarium/Cable/Cable_52.blockymodel(entrada = 11413) (salida = 667)(desinflado 94%)
agregando: Common/Blocks/Machinarium/Cable/Cable_53.blockymodel(entrada = 14075) (salida = 720)(desinflado 94%)
agregando: Common/Blocks/Machinarium/Cable/Cable_54.blockymodel(entrada = 14076) (salida = 721)(desinflado 94%)
agregando: Common/Blocks/Machinarium/Cable/Cable_55.blockymodel(entrada = 16738) (salida = 765)(desinflado 95%)
agregando: Common/Blocks/Machinarium/Cable/Cable_56.blockymodel(entrada = 11418) (salida = 669)(desinflado 94%)
agregando: Common/Blocks/Machinarium/Cable/Cable_57.blockymodel(entrada = 14080) (salida = 721)(desinflado 94%)
agregando: Common/Blocks/Machinarium/Cable/Cable_58.blockymodel(entrada = 14081) (salida = 722)(desinflado 94%)
agregando: Common/Blocks/Machinarium/Cable/Cable_59.blockymodel(entrada = 16743) (salida = 766)(desinflado 95%)
agregando: Common/Blocks/Machinarium/Cable/Cable_60.blockymodel(entrada = 14076) (salida = 713)(desinflado 94%)
agregando: Common/Blocks/Machinarium/Cable/Cable_61.blockymodel(entrada = 16738) (salida = 765)(desinflado 95%)
agregando: Common/Blocks/Machinarium/Cable/Cable_62.blockymodel(entrada = 16739) (salida = 764)(desinflado 95%)
agregando: Common/Blocks/Machinarium/Cable/Cable_63.blockymodel(entrada = 19401) (salida = 808)(desinflado 95%)
agregando: Common/Blocks/Machinarium/CastingTablemetalPress/(entrada = 0) (salida = 0)(almacenado 0%)
agregando: Common/Blocks/Machinarium/CastingTablemetalPress/Metal Plate Press.bbmodel(entrada = 38176) (salida = 10303)(desinflado 73%)
agregando: Common/Blocks/Machinarium/CastingTablemetalPress/Metal Plate Press.blockymodel(entrada = 75590) (salida = 2886)(desinflado 96%)
agregando: Common/Blocks/Machinarium/CastingTablemetalPress/metal plate press.png(entrada = 2571) (salida = 2218)(desinflado 13%)
agregando: Common/Blocks/Machinarium/ElectricFurnace/(entrada = 0) (salida = 0)(almacenado 0%)
agregando: Common/Blocks/Machinarium/ElectricFurnace/ElectricFurnace.blockymodel(entrada = 72768) (salida = 3742)(desinflado 94%)
agregando: Common/Blocks/Machinarium/ElectricFurnace/FurnaceOn.blockyanim(entrada = 6551) (salida = 403)(desinflado 93%)
agregando: Common/Blocks/Machinarium/ElectricFurnace/furnace_close.blockyanim(entrada = 6108) (salida = 363)(desinflado 94%)
agregando: Common/Blocks/Machinarium/ElectricFurnace/furnace_open.blockyanim(entrada = 556) (salida = 233)(desinflado 58%)
agregando: Common/Blocks/Machinarium/ElectricalWorkbench/(entrada = 0) (salida = 0)(almacenado 0%)
agregando: Common/Blocks/Machinarium/ElectricalWorkbench/Workbench.blockymodel(entrada = 188995) (salida = 8616)(desinflado 95%)
agregando: Common/Blocks/Machinarium/Large Battery/(entrada = 0) (salida = 0)(almacenado 0%)
agregando: Common/Blocks/Machinarium/Large Battery/LargeBattery.bbmodel(entrada = 113595) (salida = 68583)(desinflado 39%)
agregando: Common/Blocks/Machinarium/Large Battery/LargeBattery.blockymodel(entrada = 77059) (salida = 2987)(desinflado 96%)
agregando: Common/Blocks/Machinarium/Large Battery/LargeBattery.png(entrada = 31837) (salida = 30774)(desinflado 3%)
agregando: Common/Blocks/Machinarium/MachineFrame/(entrada = 0) (salida = 0)(almacenado 0%)
agregando: Common/Blocks/Machinarium/MachineFrame/Frame_Base.blockymodel(entrada = 53689) (salida = 1964)(desinflado 96%)
agregando: Common/Blocks/Machinarium/MachineFrame/MachineFrame_Base.bbmodel(entrada = 26711) (salida = 9554)(desinflado 64%)
agregando: Common/Blocks/Machinarium/MachineFrame/ReinforcedFrame_Base.bbmodel(entrada = 33651) (salida = 10165)(desinflado 69%)
agregando: Common/Blocks/Machinarium/MachineFrame/ReinforcedFrame_Base.blockymodel(entrada = 76471) (salida = 3069)(desinflado 95%)
agregando: Common/Blocks/Machinarium/MachineFrame/machineframe.png(entrada = 3940) (salida = 3864)(desinflado 1%)
agregando: Common/Blocks/Machinarium/MachineFrame/reinforcemachineframe.png(entrada = 9063) (salida = 8704)(desinflado 3%)
agregando: Common/Blocks/Machinarium/OreCrusher/(entrada = 0) (salida = 0)(almacenado 0%)
agregando: Common/Blocks/Machinarium/OreCrusher/OreCrusher.blockymodel(entrada = 35344) (salida = 2123)(desinflado 93%)
agregando: Common/Blocks/Machinarium/OreCrusher/OreCrusher.png(entrada = 16491) (salida = 16497)(desinflado 0%)
agregando: Common/Blocks/Machinarium/OreCrusher/crusher.blockyanim(entrada = 698) (salida = 244)(desinflado 65%)
agregando: Common/Blocks/Machinarium/Quarry/(entrada = 0) (salida = 0)(almacenado 0%)
agregando: Common/Blocks/Machinarium/Quarry/BasicQuarry.bbmodel(entrada = 12976) (salida = 5639)(desinflado 56%)
agregando: Common/Blocks/Machinarium/Quarry/Quarry_T0.blockymodel(entrada = 27322) (salida = 802)(desinflado 97%)
agregando: Common/Blocks/Machinarium/Quarry/Quarry_T1.blockymodel(entrada = 27322) (salida = 802)(desinflado 97%)
agregando: Common/Blocks/Machinarium/Quarry/Quarry_T2.blockymodel(entrada = 27322) (salida = 802)(desinflado 97%)
agregando: Common/Blocks/Machinarium/Quarry/Quarry_T3.blockymodel(entrada = 27322) (salida = 802)(desinflado 97%)
agregando: Common/Blocks/Machinarium/Quarry/Quarry_T4.blockymodel(entrada = 27322) (salida = 802)(desinflado 97%)
agregando: Common/Blocks/Machinarium/Quarry/Quarry_T5.blockymodel(entrada = 27322) (salida = 802)(desinflado 97%)
agregando: Common/Blocks/Machinarium/SolarPanel/(entrada = 0) (salida = 0)(almacenado 0%)
agregando: Common/Blocks/Machinarium/SolarPanel/SolarPanel.blockyanim(entrada = 2170) (salida = 283)(desinflado 86%)
agregando: Common/Blocks/Machinarium/SolarPanel/SolarPanel.blockymodel(entrada = 17735) (salida = 1267)(desinflado 92%)
agregando: Common/Blocks/Machinarium/SolarPanel/SolarPanel5x5.blockymodel(entrada = 16210) (salida = 1270)(desinflado 92%)
agregando: Common/Blocks/Machinarium/Turret/(entrada = 0) (salida = 0)(almacenado 0%)
agregando: Common/Blocks/Machinarium/Turret/Turret.blockyanim(entrada = 796) (salida = 224)(desinflado 71%)
agregando: Common/Blocks/Machinarium/Turret/Turret.blockymodel(entrada = 50006) (salida = 2710)(desinflado 94%)
agregando: Common/Blocks/Machinarium/Turret/Turret.png(entrada = 9118) (salida = 8605)(desinflado 5%)
agregando: Common/Blocks/Machinarium/Turret/TurretBAse.blockymodel(entrada = 42497) (salida = 2187)(desinflado 94%)
agregando: Common/Blocks/Machinarium/Turret/TurretHead.blockymodel(entrada = 10209) (salida = 1187)(desinflado 88%)
agregando: Common/Blocks/Machinarium/WindTurbine/(entrada = 0) (salida = 0)(almacenado 0%)
agregando: Common/Blocks/Machinarium/WindTurbine/WindTurbine.blockyanim(entrada = 14178) (salida = 1045)(desinflado 92%)
agregando: Common/Blocks/Machinarium/WindTurbine/WindTurbine.blockymodel(entrada = 33184) (salida = 1819)(desinflado 94%)
agregando: Common/Blocks/Machinarium/WindTurbine/WindTurbine.png(entrada = 29706) (salida = 29454)(desinflado 0%)
agregando: Common/Blocks/Machinarium/WindTurbine/WindTurbine_T1.png(entrada = 29812) (salida = 29559)(desinflado 0%)
agregando: Common/Blocks/Machinarium/WindTurbine/WindTurbine_T2.png(entrada = 30414) (salida = 30174)(desinflado 0%)
agregando: Common/Blocks/Machinarium/WindTurbine/WindTurbine_T3.png(entrada = 30268) (salida = 30014)(desinflado 0%)
agregando: Common/Blocks/Machinarium/WindTurbine/WindTurbine_T4.png(entrada = 29836) (salida = 29578)(desinflado 0%)
agregando: Common/Blocks/Machinarium/WindTurbine/WindTurbine_T5.png(entrada = 29636) (salida = 29387)(desinflado 0%)
agregando: Common/Blocks/Machinarium/border/(entrada = 0) (salida = 0)(almacenado 0%)
agregando: Common/Blocks/Machinarium/border/BorderLine.blockymodel(entrada = 8880) (salida = 579)(desinflado 93%)
agregando: Common/Blocks/Machinarium/border/BorderLineBack.blockymodel(entrada = 8874) (salida = 574)(desinflado 93%)
agregando: Common/Blocks/Machinarium/border/BorderLineBackFront.blockymodel(entrada = 8882) (salida = 567)(desinflado 93%)
agregando: Common/Blocks/Machinarium/border/BorderLineBackUp.blockymodel(entrada = 8876) (salida = 562)(desinflado 93%)
agregando: Common/Blocks/Machinarium/border/BorderLineCornerLEFTBACK.blockymodel(entrada = 24578) (salida = 1403)(desinflado 94%)
agregando: Common/Blocks/Machinarium/border/BorderLineCornerLEFTFRONT.blockymodel(entrada = 21345) (salida = 1250)(desinflado 94%)
agregando: Common/Blocks/Machinarium/border/BorderLineCornerRIGHTBACK.blockymodel(entrada = 24564) (salida = 1403)(desinflado 94%)
agregando: Common/Blocks/Machinarium/border/BorderLineCornerRIGHTFRONT.blockymodel(entrada = 24577) (salida = 1391)(desinflado 94%)
agregando: Common/Blocks/Machinarium/border/BorderLineCornerUP.blockymodel(entrada = 24557) (salida = 1413)(desinflado 94%)
agregando: Common/Blocks/Machinarium/border/BorderLineCornerUPLeftBackMiddle.blockymodel(entrada = 7744) (salida = 769)(desinflado 90%)
agregando: Common/Blocks/Machinarium/border/BorderLineCornerUPLeftFrontMiddle.blockymodel(entrada = 7745) (salida = 766)(desinflado 90%)
agregando: Common/Blocks/Machinarium/border/BorderLineCornerUPRightBackMiddle.blockymodel(entrada = 7744) (salida = 765)(desinflado 90%)
agregando: Common/Blocks/Machinarium/border/BorderLineCornerUPRightFrontMiddle.blockymodel(entrada = 7745) (salida = 763)(desinflado 90%)
agregando: Common/Blocks/Machinarium/border/BorderLineCorneruUPLEFTBACK.blockymodel(entrada = 24573) (salida = 1412)(desinflado 94%)
agregando: Common/Blocks/Machinarium/border/BorderLineCorneruUPLEFTFRONT.blockymodel(entrada = 24557) (salida = 1413)(desinflado 94%)
agregando: Common/Blocks/Machinarium/border/BorderLineCorneruUPRIGHTBACK.blockymodel(entrada = 24556) (salida = 1407)(desinflado 94%)
agregando: Common/Blocks/Machinarium/border/BorderLineCorneruUPRIGHTFRONT.blockymodel(entrada = 24570) (salida = 1408)(desinflado 94%)
agregando: Common/Blocks/Machinarium/border/BorderLineSIDE.blockymodel(entrada = 10649) (salida = 699)(desinflado 93%)
agregando: Common/Blocks/Machinarium/border/BorderLineSIDELeft.blockymodel(entrada = 10650) (salida = 699)(desinflado 93%)
agregando: Common/Blocks/Machinarium/border/BorderLineSIDEUPLeft.blockymodel(entrada = 10650) (salida = 699)(desinflado 93%)
agregando: Common/Blocks/Machinarium/border/BorderLineSIDEUPRight.blockymodel(entrada = 10649) (salida = 697)(desinflado 93%)
agregando: Common/Blocks/Machinarium/border/texture.png(entrada = 419) (salida = 419)(desinflado 0%)
agregando: Common/Icons/(entrada = 0) (salida = 0)(almacenado 0%)
agregando: Common/Icons/ItemsGenerated/(entrada = 0) (salida = 0)(almacenado 0%)
agregando: Common/Icons/ItemsGenerated/Machinarium_Allosy_Smelter_T4.png(entrada = 6642) (salida = 6647)(desinflado 0%)
agregando: Common/Icons/ItemsGenerated/Machinarium_Alloy_Bronze.png(entrada = 4899) (salida = 4904)(desinflado 0%)
agregando: Common/Icons/ItemsGenerated/Machinarium_Alloy_Constantan.png(entrada = 2646) (salida = 2651)(desinflado 0%)
agregando: Common/Icons/ItemsGenerated/Machinarium_Alloy_Electrum.png(entrada = 3176) (salida = 3181)(desinflado 0%)
agregando: Common/Icons/ItemsGenerated/Machinarium_Alloy_Invar.png(entrada = 2209) (salida = 2214)(desinflado 0%)
agregando: Common/Icons/ItemsGenerated/Machinarium_Alloy_Smelster_T2.png(entrada = 6614) (salida = 6619)(desinflado 0%)
agregando: Common/Icons/ItemsGenerated/Machinarium_Alloy_Smeltser_T1.png(entrada = 6640) (salida = 6645)(desinflado 0%)
agregando: Common/Icons/ItemsGenerated/Machinarium_Alloy_Steel.png(entrada = 2198) (salida = 2203)(desinflado 0%)
agregando: Common/Icons/ItemsGenerated/Machinarium_Aluminum_Ingot.png(entrada = 2708) (salida = 2713)(desinflado 0%)
agregando: Common/Icons/ItemsGenerated/Machinarium_Chromium_Ingot.png(entrada = 2585) (salida = 2583)(desinflado 0%)
agregando: Common/Icons/ItemsGenerated/Machinarium_Circuit_Board.png(entrada = 3240) (salida = 3245)(desinflado 0%)
agregando: Common/Icons/ItemsGenerated/Machinarium_Composite_Alloy_Ingot.png(entrada = 3109) (salida = 3114)(desinflado 0%)
agregando: Common/Icons/ItemsGenerated/Machinarium_Gears.png(entrada = 2159) (salida = 2164)(desinflado 0%)
agregando: Common/Icons/ItemsGenerated/Machinarium_Heavy_Spring.png(entrada = 2961) (salida = 2955)(desinflado 0%)
agregando: Common/Icons/ItemsGenerated/Machinarium_High_Tier_Alloy_Blend.png(entrada = 2192) (salida = 2197)(desinflado 0%)
agregando: Common/Icons/ItemsGenerated/Machinarium_Lithium_Ingot.png(entrada = 2661) (salida = 2666)(desinflado 0%)
agregando: Common/Icons/ItemsGenerated/Machinarium_Machine_Frame.png(entrada = 4878) (salida = 4821)(desinflado 1%)
agregando: Common/Icons/ItemsGenerated/Machinarium_Manganese_Ingot.png(entrada = 3052) (salida = 3057)(desinflado 0%)
agregando: Common/Icons/ItemsGenerated/Machinarium_Metal_Plate.png(entrada = 2125) (salida = 2130)(desinflado 0%)
agregando: Common/Icons/ItemsGenerated/Machinarium_Metal_Rod.png(entrada = 1574) (salida = 1579)(desinflado 0%)
agregando: Common/Icons/ItemsGenerated/Machinarium_Nickel_Ingot.png(entrada = 3077) (salida = 3082)(desinflado 0%)
agregando: Common/Icons/ItemsGenerated/Machinarium_Plutonium_Ingot.png(entrada = 2142) (salida = 2147)(desinflado 0%)
agregando: Common/Icons/ItemsGenerated/Machinarium_Reinforced_Frame.png(entrada = 5774) (salida = 5771)(desinflado 0%)
agregando: Common/Icons/ItemsGenerated/Machinarium_Reinforced_Gears.png(entrada = 2368) (salida = 2373)(desinflado 0%)
agregando: Common/Icons/ItemsGenerated/Machinarium_Reinforced_Plate.png(entrada = 2222) (salida = 2227)(desinflado 0%)
agregando: Common/Icons/ItemsGenerated/Machinarium_Reinforced_Rod.png(entrada = 1683) (salida = 1688)(desinflado 0%)
agregando: Common/Icons/ItemsGenerated/Machinarium_Superalloy_Blend.png(entrada = 2159) (salida = 2164)(desinflado 0%)
agregando: Common/Icons/ItemsGenerated/Machinarium_Tin_Ingot.png(entrada = 2793) (salida = 2798)(desinflado 0%)
agregando: Common/Icons/ItemsGenerated/Machinarium_Titanium_Ingot.png(entrada = 2378) (salida = 2383)(desinflado 0%)
agregando: Common/Icons/ItemsGenerated/Machinarium_Titanium_Plate.png(entrada = 2452) (salida = 2457)(desinflado 0%)
agregando: Common/Icons/ItemsGenerated/Machinarium_Titanium_Vanadium_Alloy.png(entrada = 2179) (salida = 2184)(desinflado 0%)
agregando: Common/Icons/ItemsGenerated/Machinarium_Tungsten_Ingot.png(entrada = 2996) (salida = 3001)(desinflado 0%)
agregando: Common/Icons/ItemsGenerated/Machinarium_Tungsten_Plate.png(entrada = 2769) (salida = 2761)(desinflado 0%)
agregando: Common/Icons/ItemsGenerated/Machinarium_Uranium_Ingot.png(entrada = 2762) (salida = 2767)(desinflado 0%)
agregando: Common/Icons/ItemsGenerated/Machinarium_Vanadium_Ingot.png(entrada = 2593) (salida = 2598)(desinflado 0%)
agregando: Common/Icons/ItemsGenerated/News/(entrada = 0) (salida = 0)(almacenado 0%)
agregando: Common/Icons/ItemsGenerated/News/Machinarium_Alloy_Constantan.png(entrada = 2646) (salida = 2651)(desinflado 0%)
agregando: Common/Icons/ItemsGenerated/News/Machinarium_Alloy_Electrum.png(entrada = 3176) (salida = 3181)(desinflado 0%)
agregando: Common/Icons/ItemsGenerated/News/Machinarium_Alloy_Invar.png(entrada = 2209) (salida = 2214)(desinflado 0%)
agregando: Common/Icons/ItemsGenerated/News/Machinarium_Alloy_Steel.png(entrada = 2198) (salida = 2203)(desinflado 0%)
agregando: Common/Icons/ItemsGenerated/News/Machinarium_Aluminum_Ingot.png(entrada = 2708) (salida = 2713)(desinflado 0%)
agregando: Common/Icons/ItemsGenerated/News/Machinarium_Chromium_Ingot.png(entrada = 2585) (salida = 2583)(desinflado 0%)
agregando: Common/Icons/ItemsGenerated/News/Machinarium_Circuit_Board.png(entrada = 3240) (salida = 3245)(desinflado 0%)
agregando: Common/Icons/ItemsGenerated/News/Machinarium_Composite_Alloy_Ingot.png(entrada = 3109) (salida = 3114)(desinflado 0%)
agregando: Common/Icons/ItemsGenerated/News/Machinarium_Gears.png(entrada = 2159) (salida = 2164)(desinflado 0%)
agregando: Common/Icons/ItemsGenerated/News/Machinarium_Heavy_Spring.png(entrada = 2961) (salida = 2955)(desinflado 0%)
agregando: Common/Icons/ItemsGenerated/News/Machinarium_High_Tier_Alloy_Blend.png(entrada = 2192) (salida = 2197)(desinflado 0%)
agregando: Common/Icons/ItemsGenerated/News/Machinarium_Large_Battery.png(entrada = 4763) (salida = 4768)(desinflado 0%)
agregando: Common/Icons/ItemsGenerated/News/Machinarium_Lithium_Ingot.png(entrada = 2661) (salida = 2666)(desinflado 0%)
agregando: Common/Icons/ItemsGenerated/News/Machinarium_Machine_Frame.png(entrada = 4878) (salida = 4821)(desinflado 1%)
agregando: Common/Icons/ItemsGenerated/News/Machinarium_Manganese_Ingot.png(entrada = 3052) (salida = 3057)(desinflado 0%)
agregando: Common/Icons/ItemsGenerated/News/Machinarium_Metal_Plate.png(entrada = 2125) (salida = 2130)(desinflado 0%)
agregando: Common/Icons/ItemsGenerated/News/Machinarium_Metal_Plate_Press.png(entrada = 4462) (salida = 4448)(desinflado 0%)
agregando: Common/Icons/ItemsGenerated/News/Machinarium_Metal_Rod.png(entrada = 1574) (salida = 1579)(desinflado 0%)
agregando: Common/Icons/ItemsGenerated/News/Machinarium_Nickel_Ingot.png(entrada = 3077) (salida = 3082)(desinflado 0%)
agregando: Common/Icons/ItemsGenerated/News/Machinarium_Plutonium_Ingot.png(entrada = 2142) (salida = 2147)(desinflado 0%)
agregando: Common/Icons/ItemsGenerated/News/Machinarium_Reinforced_Frame.png(entrada = 5774) (salida = 5771)(desinflado 0%)
agregando: Common/Icons/ItemsGenerated/News/Machinarium_Reinforced_Gears.png(entrada = 2368) (salida = 2373)(desinflado 0%)
agregando: Common/Icons/ItemsGenerated/News/Machinarium_Reinforced_Plate.png(entrada = 2222) (salida = 2227)(desinflado 0%)
agregando: Common/Icons/ItemsGenerated/News/Machinarium_Reinforced_Rod.png(entrada = 1683) (salida = 1688)(desinflado 0%)
agregando: Common/Icons/ItemsGenerated/News/Machinarium_Superalloy_Blend.png(entrada = 2159) (salida = 2164)(desinflado 0%)
agregando: Common/Icons/ItemsGenerated/News/Machinarium_Tin_Ingot.png(entrada = 2793) (salida = 2798)(desinflado 0%)
agregando: Common/Icons/ItemsGenerated/News/Machinarium_Titanium_Ingot.png(entrada = 2378) (salida = 2383)(desinflado 0%)
agregando: Common/Icons/ItemsGenerated/News/Machinarium_Titanium_Plate.png(entrada = 2452) (salida = 2457)(desinflado 0%)
agregando: Common/Icons/ItemsGenerated/News/Machinarium_Titanium_Vanadium_Alloy.png(entrada = 2179) (salida = 2184)(desinflado 0%)
agregando: Common/Icons/ItemsGenerated/News/Machinarium_Tungsten_Ingot.png(entrada = 2996) (salida = 3001)(desinflado 0%)
agregando: Common/Icons/ItemsGenerated/News/Machinarium_Tungsten_Plate.png(entrada = 2769) (salida = 2761)(desinflado 0%)
agregando: Common/Icons/ItemsGenerated/News/Machinarium_Uranium_Ingot.png(entrada = 2762) (salida = 2767)(desinflado 0%)
agregando: Common/Icons/ItemsGenerated/News/Machinarium_Vanadium_Ingot.png(entrada = 2593) (salida = 2598)(desinflado 0%)
agregando: Common/Icons/ItemsGenerated/News/Ore_Bauxite.png(entrada = 5212) (salida = 5217)(desinflado 0%)
agregando: Common/Icons/ItemsGenerated/News/Ore_Bauxite_Basalt.png(entrada = 6563) (salida = 6568)(desinflado 0%)
agregando: Common/Icons/ItemsGenerated/News/Ore_Bauxite_Magma.png(entrada = 6149) (salida = 6154)(desinflado 0%)
agregando: Common/Icons/ItemsGenerated/News/Ore_Bauxite_Shale.png(entrada = 6694) (salida = 6699)(desinflado 0%)
agregando: Common/Icons/ItemsGenerated/News/Ore_Bauxite_Slate.png(entrada = 6090) (salida = 6095)(desinflado 0%)
agregando: Common/Icons/ItemsGenerated/News/Ore_Bauxite_Stone.png(entrada = 6753) (salida = 6758)(desinflado 0%)
agregando: Common/Icons/ItemsGenerated/News/Ore_Bauxite_Volcanic.png(entrada = 6156) (salida = 6161)(desinflado 0%)
agregando: Common/Icons/ItemsGenerated/News/Ore_Cassiterite.png(entrada = 3966) (salida = 3971)(desinflado 0%)
agregando: Common/Icons/ItemsGenerated/News/Ore_Cassiterite_Basalt.png(entrada = 5765) (salida = 5770)(desinflado 0%)
agregando: Common/Icons/ItemsGenerated/News/Ore_Cassiterite_Magma.png(entrada = 5247) (salida = 5252)(desinflado 0%)
agregando: Common/Icons/ItemsGenerated/News/Ore_Cassiterite_Shale.png(entrada = 5878) (salida = 5883)(desinflado 0%)
agregando: Common/Icons/ItemsGenerated/News/Ore_Cassiterite_Slate.png(entrada = 5123) (salida = 5128)(desinflado 0%)
agregando: Common/Icons/ItemsGenerated/News/Ore_Cassiterite_Stone.png(entrada = 6264) (salida = 6269)(desinflado 0%)
agregando: Common/Icons/ItemsGenerated/News/Ore_Cassiterite_Volcanic.png(entrada = 5309) (salida = 5314)(desinflado 0%)
agregando: Common/Icons/ItemsGenerated/News/Ore_Chromite.png(entrada = 5086) (salida = 5091)(desinflado 0%)
agregando: Common/Icons/ItemsGenerated/News/Ore_Chromite_Basalt.png(entrada = 6555) (salida = 6560)(desinflado 0%)
agregando: Common/Icons/ItemsGenerated/News/Ore_Chromite_Magma.png(entrada = 6109) (salida = 6114)(desinflado 0%)
agregando: Common/Icons/ItemsGenerated/News/Ore_Chromite_Shale.png(entrada = 6678) (salida = 6683)(desinflado 0%)
agregando: Common/Icons/ItemsGenerated/News/Ore_Chromite_Slate.png(entrada = 6036) (salida = 6041)(desinflado 0%)
agregando: Common/Icons/ItemsGenerated/News/Ore_Chromite_Stone.png(entrada = 6779) (salida = 6784)(desinflado 0%)
agregando: Common/Icons/ItemsGenerated/News/Ore_Chromite_Volcanic.png(entrada = 6153) (salida = 6158)(desinflado 0%)
agregando: Common/Icons/ItemsGenerated/News/Ore_Ilmenite.png(entrada = 4190) (salida = 4112)(desinflado 1%)
agregando: Common/Icons/ItemsGenerated/News/Ore_Ilmenite_Basalt.png(entrada = 6279) (salida = 6284)(desinflado 0%)
agregando: Common/Icons/ItemsGenerated/News/Ore_Ilmenite_Magma.png(entrada = 5855) (salida = 5860)(desinflado 0%)
agregando: Common/Icons/ItemsGenerated/News/Ore_Ilmenite_Shale.png(entrada = 6335) (salida = 6340)(desinflado 0%)
agregando: Common/Icons/ItemsGenerated/News/Ore_Ilmenite_Slate.png(entrada = 5707) (salida = 5705)(desinflado 0%)
agregando: Common/Icons/ItemsGenerated/News/Ore_Ilmenite_Stone.png(entrada = 6433) (salida = 6438)(desinflado 0%)
agregando: Common/Icons/ItemsGenerated/News/Ore_Ilmenite_Volcanic.png(entrada = 5783) (salida = 5788)(desinflado 0%)
agregando: Common/Icons/ItemsGenerated/News/Ore_Manganese.png(entrada = 5077) (salida = 5082)(desinflado 0%)
agregando: Common/Icons/ItemsGenerated/News/Ore_Manganese_Basalt.png(entrada = 6532) (salida = 6537)(desinflado 0%)
agregando: Common/Icons/ItemsGenerated/News/Ore_Manganese_Magma.png(entrada = 6068) (salida = 6073)(desinflado 0%)
agregando: Common/Icons/ItemsGenerated/News/Ore_Manganese_Shale.png(entrada = 6636) (salida = 6641)(desinflado 0%)
agregando: Common/Icons/ItemsGenerated/News/Ore_Manganese_Slate.png(entrada = 6004) (salida = 6009)(desinflado 0%)
agregando: Common/Icons/ItemsGenerated/News/Ore_Manganese_Stone.png(entrada = 6743) (salida = 6748)(desinflado 0%)
agregando: Common/Icons/ItemsGenerated/News/Ore_Manganese_Volcanic.png(entrada = 6090) (salida = 6095)(desinflado 0%)
agregando: Common/Icons/ItemsGenerated/News/Ore_Pentlandite.png(entrada = 5167) (salida = 5172)(desinflado 0%)
agregando: Common/Icons/ItemsGenerated/News/Ore_Pentlandite_Basalt.png(entrada = 6561) (salida = 6566)(desinflado 0%)
agregando: Common/Icons/ItemsGenerated/News/Ore_Pentlandite_Magma.png(entrada = 6131) (salida = 6136)(desinflado 0%)
agregando: Common/Icons/ItemsGenerated/News/Ore_Pentlandite_Shale.png(entrada = 6678) (salida = 6683)(desinflado 0%)
agregando: Common/Icons/ItemsGenerated/News/Ore_Pentlandite_Slate.png(entrada = 6079) (salida = 6084)(desinflado 0%)
agregando: Common/Icons/ItemsGenerated/News/Ore_Pentlandite_Stone.png(entrada = 6756) (salida = 6761)(desinflado 0%)
agregando: Common/Icons/ItemsGenerated/News/Ore_Pentlandite_Volcanic.png(entrada = 6169) (salida = 6174)(desinflado 0%)
agregando: Common/Icons/ItemsGenerated/News/Ore_Quartzite.png(entrada = 3565) (salida = 3559)(desinflado 0%)
agregando: Common/Icons/ItemsGenerated/News/Ore_Quartzite_Basalt.png(entrada = 6072) (salida = 6077)(desinflado 0%)
agregando: Common/Icons/ItemsGenerated/News/Ore_Quartzite_Magma.png(entrada = 5537) (salida = 5542)(desinflado 0%)
agregando: Common/Icons/ItemsGenerated/News/Ore_Quartzite_Shale.png(entrada = 6151) (salida = 6156)(desinflado 0%)
agregando: Common/Icons/ItemsGenerated/News/Ore_Quartzite_Slate.png(entrada = 5402) (salida = 5407)(desinflado 0%)
agregando: Common/Icons/ItemsGenerated/News/Ore_Quartzite_Stone.png(entrada = 6299) (salida = 6304)(desinflado 0%)
agregando: Common/Icons/ItemsGenerated/News/Ore_Quartzite_Volcanic.png(entrada = 5483) (salida = 5488)(desinflado 0%)
agregando: Common/Icons/ItemsGenerated/News/Ore_Scheelite.png(entrada = 4599) (salida = 4604)(desinflado 0%)
agregando: Common/Icons/ItemsGenerated/News/Ore_Scheelite_Basalt.png(entrada = 6334) (salida = 6339)(desinflado 0%)
agregando: Common/Icons/ItemsGenerated/News/Ore_Scheelite_Magma.png(entrada = 5885) (salida = 5890)(desinflado 0%)
agregando: Common/Icons/ItemsGenerated/News/Ore_Scheelite_Shale.png(entrada = 6489) (salida = 6494)(desinflado 0%)
agregando: Common/Icons/ItemsGenerated/News/Ore_Scheelite_Slate.png(entrada = 5853) (salida = 5858)(desinflado 0%)
agregando: Common/Icons/ItemsGenerated/News/Ore_Scheelite_Stone.png(entrada = 6568) (salida = 6573)(desinflado 0%)
agregando: Common/Icons/ItemsGenerated/News/Ore_Scheelite_Volcanic.png(entrada = 5956) (salida = 5961)(desinflado 0%)
agregando: Common/Icons/ItemsGenerated/News/Ore_Spodumene.png(entrada = 3366) (salida = 3371)(desinflado 0%)
agregando: Common/Icons/ItemsGenerated/News/Ore_Spodumene_Basalt.png(entrada = 5881) (salida = 5886)(desinflado 0%)
agregando: Common/Icons/ItemsGenerated/News/Ore_Spodumene_Magma.png(entrada = 5194) (salida = 5199)(desinflado 0%)
agregando: Common/Icons/ItemsGenerated/News/Ore_Spodumene_Shale.png(entrada = 5970) (salida = 5975)(desinflado 0%)
agregando: Common/Icons/ItemsGenerated/News/Ore_Spodumene_Slate.png(entrada = 5229) (salida = 5234)(desinflado 0%)
agregando: Common/Icons/ItemsGenerated/News/Ore_Spodumene_Stone.png(entrada = 6220) (salida = 6225)(desinflado 0%)
agregando: Common/Icons/ItemsGenerated/News/Ore_Spodumene_Volcanic.png(entrada = 5380) (salida = 5385)(desinflado 0%)
agregando: Common/Icons/ItemsGenerated/News/Ore_Uraninite.png(entrada = 4123) (salida = 4128)(desinflado 0%)
agregando: Common/Icons/ItemsGenerated/News/Ore_Uraninite_Basalt.png(entrada = 6112) (salida = 6117)(desinflado 0%)
agregando: Common/Icons/ItemsGenerated/News/Ore_Uraninite_Magma.png(entrada = 5617) (salida = 5622)(desinflado 0%)
agregando: Common/Icons/ItemsGenerated/News/Ore_Uraninite_Shale.png(entrada = 6271) (salida = 6276)(desinflado 0%)
agregando: Common/Icons/ItemsGenerated/News/Ore_Uraninite_Slate.png(entrada = 5574) (salida = 5579)(desinflado 0%)
agregando: Common/Icons/ItemsGenerated/News/Ore_Uraninite_Stone.png(entrada = 6479) (salida = 6484)(desinflado 0%)
agregando: Common/Icons/ItemsGenerated/News/Ore_Uraninite_Volcanic.png(entrada = 5674) (salida = 5679)(desinflado 0%)
agregando: Common/Icons/ItemsGenerated/News/Ore_Vanadinite.png(entrada = 5032) (salida = 5037)(desinflado 0%)
agregando: Common/Icons/ItemsGenerated/News/Ore_Vanadinite_Basalt.png(entrada = 6505) (salida = 6510)(desinflado 0%)
agregando: Common/Icons/ItemsGenerated/News/Ore_Vanadinite_Magma.png(entrada = 6043) (salida = 6048)(desinflado 0%)
agregando: Common/Icons/ItemsGenerated/News/Ore_Vanadinite_Shale.png(entrada = 6630) (salida = 6635)(desinflado 0%)
agregando: Common/Icons/ItemsGenerated/News/Ore_Vanadinite_Slate.png(entrada = 5966) (salida = 5971)(desinflado 0%)
agregando: Common/Icons/ItemsGenerated/News/Ore_Vanadinite_Stone.png(entrada = 6762) (salida = 6767)(desinflado 0%)
agregando: Common/Icons/ItemsGenerated/News/Ore_Vanadinite_Volcanic.png(entrada = 6095) (salida = 6100)(desinflado 0%)
agregando: Common/Icons/ItemsGenerated/Ore_Bauxite.png(entrada = 5212) (salida = 5217)(desinflado 0%)
agregando: Common/Icons/ItemsGenerated/Ore_Bauxite_Basalt.png(entrada = 6563) (salida = 6568)(desinflado 0%)
agregando: Common/Icons/ItemsGenerated/Ore_Bauxite_Calcite.png(entrada = 3847) (salida = 3299)(desinflado 14%)
agregando: Common/Icons/ItemsGenerated/Ore_Bauxite_Dry_Mud.png(entrada = 3847) (salida = 3299)(desinflado 14%)
agregando: Common/Icons/ItemsGenerated/Ore_Bauxite_Magma.png(entrada = 6149) (salida = 6154)(desinflado 0%)
agregando: Common/Icons/ItemsGenerated/Ore_Bauxite_Sandstone.png(entrada = 3847) (salida = 3299)(desinflado 14%)
agregando: Common/Icons/ItemsGenerated/Ore_Bauxite_Shale.png(entrada = 6694) (salida = 6699)(desinflado 0%)
agregando: Common/Icons/ItemsGenerated/Ore_Bauxite_Slate.png(entrada = 6090) (salida = 6095)(desinflado 0%)
agregando: Common/Icons/ItemsGenerated/Ore_Bauxite_Stone.png(entrada = 6753) (salida = 6758)(desinflado 0%)
agregando: Common/Icons/ItemsGenerated/Ore_Bauxite_Volcanic.png(entrada = 6156) (salida = 6161)(desinflado 0%)
agregando: Common/Icons/ItemsGenerated/Ore_Cassiterite.png(entrada = 3966) (salida = 3971)(desinflado 0%)
agregando: Common/Icons/ItemsGenerated/Ore_Cassiterite_Basalt.png(entrada = 5765) (salida = 5770)(desinflado 0%)
agregando: Common/Icons/ItemsGenerated/Ore_Cassiterite_Calcite.png(entrada = 3177) (salida = 2624)(desinflado 17%)
agregando: Common/Icons/ItemsGenerated/Ore_Cassiterite_Dry_Mud.png(entrada = 3177) (salida = 2624)(desinflado 17%)
agregando: Common/Icons/ItemsGenerated/Ore_Cassiterite_Magma.png(entrada = 5247) (salida = 5252)(desinflado 0%)
agregando: Common/Icons/ItemsGenerated/Ore_Cassiterite_Sandstone.png(entrada = 3177) (salida = 2624)(desinflado 17%)
agregando: Common/Icons/ItemsGenerated/Ore_Cassiterite_Shale.png(entrada = 5878) (salida = 5883)(desinflado 0%)
agregando: Common/Icons/ItemsGenerated/Ore_Cassiterite_Slate.png(entrada = 5123) (salida = 5128)(desinflado 0%)
agregando: Common/Icons/ItemsGenerated/Ore_Cassiterite_Stone.png(entrada = 6264) (salida = 6269)(desinflado 0%)
agregando: Common/Icons/ItemsGenerated/Ore_Cassiterite_Volcanic.png(entrada = 5309) (salida = 5314)(desinflado 0%)
agregando: Common/Icons/ItemsGenerated/Ore_Chromite.png(entrada = 5086) (salida = 5091)(desinflado 0%)
agregando: Common/Icons/ItemsGenerated/Ore_Chromite_Basalt.png(entrada = 6555) (salida = 6560)(desinflado 0%)
agregando: Common/Icons/ItemsGenerated/Ore_Chromite_Calcite.png(entrada = 3733) (salida = 3194)(desinflado 14%)
agregando: Common/Icons/ItemsGenerated/Ore_Chromite_Dry_Mud.png(entrada = 3733) (salida = 3194)(desinflado 14%)
agregando: Common/Icons/ItemsGenerated/Ore_Chromite_Magma.png(entrada = 6109) (salida = 6114)(desinflado 0%)
agregando: Common/Icons/ItemsGenerated/Ore_Chromite_Sandstone.png(entrada = 3733) (salida = 3194)(desinflado 14%)
agregando: Common/Icons/ItemsGenerated/Ore_Chromite_Shale.png(entrada = 6678) (salida = 6683)(desinflado 0%)
agregando: Common/Icons/ItemsGenerated/Ore_Chromite_Slate.png(entrada = 6036) (salida = 6041)(desinflado 0%)
agregando: Common/Icons/ItemsGenerated/Ore_Chromite_Stone.png(entrada = 6779) (salida = 6784)(desinflado 0%)
agregando: Common/Icons/ItemsGenerated/Ore_Chromite_Volcanic.png(entrada = 6153) (salida = 6158)(desinflado 0%)
agregando: Common/Icons/ItemsGenerated/Ore_Ilmenite.png(entrada = 4190) (salida = 4112)(desinflado 1%)
agregando: Common/Icons/ItemsGenerated/Ore_Ilmenite_Basalt.png(entrada = 6279) (salida = 6284)(desinflado 0%)
agregando: Common/Icons/ItemsGenerated/Ore_Ilmenite_Calcite.png(entrada = 3284) (salida = 2725)(desinflado 17%)
agregando: Common/Icons/ItemsGenerated/Ore_Ilmenite_Dry_Mud.png(entrada = 3284) (salida = 2725)(desinflado 17%)
agregando: Common/Icons/ItemsGenerated/Ore_Ilmenite_Magma.png(entrada = 5855) (salida = 5860)(desinflado 0%)
agregando: Common/Icons/ItemsGenerated/Ore_Ilmenite_Sandstone.png(entrada = 3284) (salida = 2725)(desinflado 17%)
agregando: Common/Icons/ItemsGenerated/Ore_Ilmenite_Shale.png(entrada = 6335) (salida = 6340)(desinflado 0%)
agregando: Common/Icons/ItemsGenerated/Ore_Ilmenite_Slate.png(entrada = 5707) (salida = 5705)(desinflado 0%)
agregando: Common/Icons/ItemsGenerated/Ore_Ilmenite_Stone.png(entrada = 6433) (salida = 6438)(desinflado 0%)
agregando: Common/Icons/ItemsGenerated/Ore_Ilmenite_Volcanic.png(entrada = 5783) (salida = 5788)(desinflado 0%)
agregando: Common/Icons/ItemsGenerated/Ore_Manganese.png(entrada = 5077) (salida = 5082)(desinflado 0%)
agregando: Common/Icons/ItemsGenerated/Ore_Manganese_Basalt.png(entrada = 6532) (salida = 6537)(desinflado 0%)
agregando: Common/Icons/ItemsGenerated/Ore_Manganese_Calcite.png(entrada = 3713) (salida = 3159)(desinflado 14%)
agregando: Common/Icons/ItemsGenerated/Ore_Manganese_Dry_Mud.png(entrada = 3713) (salida = 3159)(desinflado 14%)
agregando: Common/Icons/ItemsGenerated/Ore_Manganese_Magma.png(entrada = 6068) (salida = 6073)(desinflado 0%)
agregando: Common/Icons/ItemsGenerated/Ore_Manganese_Sandstone.png(entrada = 3713) (salida = 3159)(desinflado 14%)
agregando: Common/Icons/ItemsGenerated/Ore_Manganese_Shale.png(entrada = 6636) (salida = 6641)(desinflado 0%)
agregando: Common/Icons/ItemsGenerated/Ore_Manganese_Slate.png(entrada = 6004) (salida = 6009)(desinflado 0%)
agregando: Common/Icons/ItemsGenerated/Ore_Manganese_Stone.png(entrada = 6743) (salida = 6748)(desinflado 0%)
agregando: Common/Icons/ItemsGenerated/Ore_Manganese_Volcanic.png(entrada = 6090) (salida = 6095)(desinflado 0%)
agregando: Common/Icons/ItemsGenerated/Ore_Pentlandite.png(entrada = 5167) (salida = 5172)(desinflado 0%)
agregando: Common/Icons/ItemsGenerated/Ore_Pentlandite_Basalt.png(entrada = 6561) (salida = 6566)(desinflado 0%)
agregando: Common/Icons/ItemsGenerated/Ore_Pentlandite_Calcite.png(entrada = 3786) (salida = 3245)(desinflado 14%)
agregando: Common/Icons/ItemsGenerated/Ore_Pentlandite_Dry_Mud.png(entrada = 3786) (salida = 3245)(desinflado 14%)
agregando: Common/Icons/ItemsGenerated/Ore_Pentlandite_Magma.png(entrada = 6131) (salida = 6136)(desinflado 0%)
agregando: Common/Icons/ItemsGenerated/Ore_Pentlandite_Sandstone.png(entrada = 3786) (salida = 3245)(desinflado 14%)
agregando: Common/Icons/ItemsGenerated/Ore_Pentlandite_Shale.png(entrada = 6678) (salida = 6683)(desinflado 0%)
agregando: Common/Icons/ItemsGenerated/Ore_Pentlandite_Slate.png(entrada = 6079) (salida = 6084)(desinflado 0%)
agregando: Common/Icons/ItemsGenerated/Ore_Pentlandite_Stone.png(entrada = 6756) (salida = 6761)(desinflado 0%)
agregando: Common/Icons/ItemsGenerated/Ore_Pentlandite_Volcanic.png(entrada = 6169) (salida = 6174)(desinflado 0%)
agregando: Common/Icons/ItemsGenerated/Ore_Quartzite.png(entrada = 3565) (salida = 3559)(desinflado 0%)
agregando: Common/Icons/ItemsGenerated/Ore_Quartzite_Basalt.png(entrada = 6072) (salida = 6077)(desinflado 0%)
agregando: Common/Icons/ItemsGenerated/Ore_Quartzite_Calcite.png(entrada = 2758) (salida = 2211)(desinflado 19%)
agregando: Common/Icons/ItemsGenerated/Ore_Quartzite_Dry_Mud.png(entrada = 2758) (salida = 2211)(desinflado 19%)
agregando: Common/Icons/ItemsGenerated/Ore_Quartzite_Magma.png(entrada = 5537) (salida = 5542)(desinflado 0%)
agregando: Common/Icons/ItemsGenerated/Ore_Quartzite_Sandstone.png(entrada = 2758) (salida = 2211)(desinflado 19%)
agregando: Common/Icons/ItemsGenerated/Ore_Quartzite_Shale.png(entrada = 6151) (salida = 6156)(desinflado 0%)
agregando: Common/Icons/ItemsGenerated/Ore_Quartzite_Slate.png(entrada = 5402) (salida = 5407)(desinflado 0%)
agregando: Common/Icons/ItemsGenerated/Ore_Quartzite_Stone.png(entrada = 6299) (salida = 6304)(desinflado 0%)
agregando: Common/Icons/ItemsGenerated/Ore_Quartzite_Volcanic.png(entrada = 5483) (salida = 5488)(desinflado 0%)
agregando: Common/Icons/ItemsGenerated/Ore_Scheelite.png(entrada = 4599) (salida = 4604)(desinflado 0%)
agregando: Common/Icons/ItemsGenerated/Ore_Scheelite_Basalt.png(entrada = 6334) (salida = 6339)(desinflado 0%)
agregando: Common/Icons/ItemsGenerated/Ore_Scheelite_Calcite.png(entrada = 3378) (salida = 2829)(desinflado 16%)
agregando: Common/Icons/ItemsGenerated/Ore_Scheelite_Dry_Mud.png(entrada = 3378) (salida = 2829)(desinflado 16%)
agregando: Common/Icons/ItemsGenerated/Ore_Scheelite_Magma.png(entrada = 5885) (salida = 5890)(desinflado 0%)
agregando: Common/Icons/ItemsGenerated/Ore_Scheelite_Sandstone.png(entrada = 3378) (salida = 2829)(desinflado 16%)
agregando: Common/Icons/ItemsGenerated/Ore_Scheelite_Shale.png(entrada = 6489) (salida = 6494)(desinflado 0%)
agregando: Common/Icons/ItemsGenerated/Ore_Scheelite_Slate.png(entrada = 5853) (salida = 5858)(desinflado 0%)
agregando: Common/Icons/ItemsGenerated/Ore_Scheelite_Stone.png(entrada = 6568) (salida = 6573)(desinflado 0%)
agregando: Common/Icons/ItemsGenerated/Ore_Scheelite_Volcanic.png(entrada = 5956) (salida = 5961)(desinflado 0%)
agregando: Common/Icons/ItemsGenerated/Ore_Spodumene.png(entrada = 3366) (salida = 3371)(desinflado 0%)
agregando: Common/Icons/ItemsGenerated/Ore_Spodumene_Basalt.png(entrada = 5881) (salida = 5886)(desinflado 0%)
agregando: Common/Icons/ItemsGenerated/Ore_Spodumene_Calcite.png(entrada = 2958) (salida = 2409)(desinflado 18%)
agregando: Common/Icons/ItemsGenerated/Ore_Spodumene_Dry_Mud.png(entrada = 2958) (salida = 2409)(desinflado 18%)
agregando: Common/Icons/ItemsGenerated/Ore_Spodumene_Magma.png(entrada = 5194) (salida = 5199)(desinflado 0%)
agregando: Common/Icons/ItemsGenerated/Ore_Spodumene_Sandstone.png(entrada = 2958) (salida = 2409)(desinflado 18%)
agregando: Common/Icons/ItemsGenerated/Ore_Spodumene_Shale.png(entrada = 5970) (salida = 5975)(desinflado 0%)
agregando: Common/Icons/ItemsGenerated/Ore_Spodumene_Slate.png(entrada = 5229) (salida = 5234)(desinflado 0%)
agregando: Common/Icons/ItemsGenerated/Ore_Spodumene_Stone.png(entrada = 6220) (salida = 6225)(desinflado 0%)
agregando: Common/Icons/ItemsGenerated/Ore_Spodumene_Volcanic.png(entrada = 5380) (salida = 5385)(desinflado 0%)
agregando: Common/Icons/ItemsGenerated/Ore_Uraninite.png(entrada = 4123) (salida = 4128)(desinflado 0%)
agregando: Common/Icons/ItemsGenerated/Ore_Uraninite_Basalt.png(entrada = 6112) (salida = 6117)(desinflado 0%)
agregando: Common/Icons/ItemsGenerated/Ore_Uraninite_Calcite.png(entrada = 3376) (salida = 2831)(desinflado 16%)
agregando: Common/Icons/ItemsGenerated/Ore_Uraninite_Dry_Mud.png(entrada = 3376) (salida = 2831)(desinflado 16%)
agregando: Common/Icons/ItemsGenerated/Ore_Uraninite_Magma.png(entrada = 5617) (salida = 5622)(desinflado 0%)
agregando: Common/Icons/ItemsGenerated/Ore_Uraninite_Sandstone.png(entrada = 3376) (salida = 2831)(desinflado 16%)
agregando: Common/Icons/ItemsGenerated/Ore_Uraninite_Shale.png(entrada = 6271) (salida = 6276)(desinflado 0%)
agregando: Common/Icons/ItemsGenerated/Ore_Uraninite_Slate.png(entrada = 5574) (salida = 5579)(desinflado 0%)
agregando: Common/Icons/ItemsGenerated/Ore_Uraninite_Stone.png(entrada = 6479) (salida = 6484)(desinflado 0%)
agregando: Common/Icons/ItemsGenerated/Ore_Uraninite_Volcanic.png(entrada = 5674) (salida = 5679)(desinflado 0%)
agregando: Common/Icons/ItemsGenerated/Ore_Vanadinite.png(entrada = 5032) (salida = 5037)(desinflado 0%)
agregando: Common/Icons/ItemsGenerated/Ore_Vanadinite_Basalt.png(entrada = 6505) (salida = 6510)(desinflado 0%)
agregando: Common/Icons/ItemsGenerated/Ore_Vanadinite_Calcite.png(entrada = 3657) (salida = 3116)(desinflado 14%)
agregando: Common/Icons/ItemsGenerated/Ore_Vanadinite_Dry_Mud.png(entrada = 3657) (salida = 3116)(desinflado 14%)
agregando: Common/Icons/ItemsGenerated/Ore_Vanadinite_Magma.png(entrada = 6043) (salida = 6048)(desinflado 0%)
agregando: Common/Icons/ItemsGenerated/Ore_Vanadinite_Sandstone.png(entrada = 3657) (salida = 3116)(desinflado 14%)
agregando: Common/Icons/ItemsGenerated/Ore_Vanadinite_Shale.png(entrada = 6630) (salida = 6635)(desinflado 0%)
agregando: Common/Icons/ItemsGenerated/Ore_Vanadinite_Slate.png(entrada = 5966) (salida = 5971)(desinflado 0%)
agregando: Common/Icons/ItemsGenerated/Ore_Vanadinite_Stone.png(entrada = 6762) (salida = 6767)(desinflado 0%)
agregando: Common/Icons/ItemsGenerated/Ore_Vanadinite_Volcanic.png(entrada = 6095) (salida = 6100)(desinflado 0%)
agregando: Common/Icons/ItemsGenerated/machinarium_adamantite_powder.png(entrada = 4887) (salida = 4892)(desinflado 0%)
agregando: Common/Icons/ItemsGenerated/machinarium_alloy_constantan_powder.png(entrada = 4927) (salida = 4932)(desinflado 0%)
agregando: Common/Icons/ItemsGenerated/machinarium_alloy_electrum_powder.png(entrada = 4927) (salida = 4932)(desinflado 0%)
agregando: Common/Icons/ItemsGenerated/machinarium_alloy_invar_powder.png(entrada = 4927) (salida = 4932)(desinflado 0%)
agregando: Common/Icons/ItemsGenerated/machinarium_alloy_smelter.png(entrada = 6527) (salida = 6532)(desinflado 0%)
agregando: Common/Icons/ItemsGenerated/machinarium_alloy_smelter_t1.png(entrada = 6527) (salida = 6532)(desinflado 0%)
agregando: Common/Icons/ItemsGenerated/machinarium_alloy_smelter_t2.png(entrada = 6527) (salida = 6532)(desinflado 0%)
agregando: Common/Icons/ItemsGenerated/machinarium_alloy_smelter_t3.png(entrada = 6527) (salida = 6532)(desinflado 0%)
agregando: Common/Icons/ItemsGenerated/machinarium_alloy_smelter_t4.png(entrada = 6527) (salida = 6532)(desinflado 0%)
agregando: Common/Icons/ItemsGenerated/machinarium_alloy_smelter_t5.png(entrada = 6527) (salida = 6532)(desinflado 0%)
agregando: Common/Icons/ItemsGenerated/machinarium_alloy_steel_powder.png(entrada = 4927) (salida = 4932)(desinflado 0%)
agregando: Common/Icons/ItemsGenerated/machinarium_alloy_thorium.png(entrada = 4887) (salida = 4892)(desinflado 0%)
agregando: Common/Icons/ItemsGenerated/machinarium_aluminum_powder.png(entrada = 4927) (salida = 4932)(desinflado 0%)
agregando: Common/Icons/ItemsGenerated/machinarium_battery.png(entrada = 2876) (salida = 2881)(desinflado 0%)
agregando: Common/Icons/ItemsGenerated/machinarium_battery_T1.png(entrada = 3055) (salida = 3060)(desinflado 0%)
agregando: Common/Icons/ItemsGenerated/machinarium_battery_T2.png(entrada = 3138) (salida = 3143)(desinflado 0%)
agregando: Common/Icons/ItemsGenerated/machinarium_battery_T3.png(entrada = 3115) (salida = 3120)(desinflado 0%)
agregando: Common/Icons/ItemsGenerated/machinarium_battery_T4.png(entrada = 3167) (salida = 3172)(desinflado 0%)
agregando: Common/Icons/ItemsGenerated/machinarium_battery_T5.png(entrada = 3090) (salida = 3095)(desinflado 0%)
agregando: Common/Icons/ItemsGenerated/machinarium_border_torch.png(entrada = 2763) (salida = 2768)(desinflado 0%)
agregando: Common/Icons/ItemsGenerated/machinarium_chromium_powder.png(entrada = 4927) (salida = 4932)(desinflado 0%)
agregando: Common/Icons/ItemsGenerated/machinarium_cobalt_powder.png(entrada = 4924) (salida = 4929)(desinflado 0%)
agregando: Common/Icons/ItemsGenerated/machinarium_composite_alloy_powder.png(entrada = 4927) (salida = 4932)(desinflado 0%)
agregando: Common/Icons/ItemsGenerated/machinarium_copper_powder.png(entrada = 4899) (salida = 4904)(desinflado 0%)
agregando: Common/Icons/ItemsGenerated/machinarium_electric_furnace.png(entrada = 3039) (salida = 3044)(desinflado 0%)
agregando: Common/Icons/ItemsGenerated/machinarium_electric_furnace_T1.png(entrada = 3420) (salida = 3425)(desinflado 0%)
agregando: Common/Icons/ItemsGenerated/machinarium_electric_furnace_T2.png(entrada = 3582) (salida = 3587)(desinflado 0%)
agregando: Common/Icons/ItemsGenerated/machinarium_electric_furnace_T3.png(entrada = 3444) (salida = 3449)(desinflado 0%)
agregando: Common/Icons/ItemsGenerated/machinarium_electric_furnace_T4.png(entrada = 3517) (salida = 3522)(desinflado 0%)
agregando: Common/Icons/ItemsGenerated/machinarium_electric_furnace_T5.png(entrada = 3503) (salida = 3508)(desinflado 0%)
agregando: Common/Icons/ItemsGenerated/machinarium_electrical_workbench.png(entrada = 4506) (salida = 4511)(desinflado 0%)
agregando: Common/Icons/ItemsGenerated/machinarium_energy_cable.png(entrada = 833) (salida = 838)(desinflado 0%)
agregando: Common/Icons/ItemsGenerated/machinarium_energy_cable_T1.png(entrada = 808) (salida = 813)(desinflado 0%)
agregando: Common/Icons/ItemsGenerated/machinarium_energy_cable_T2.png(entrada = 838) (salida = 843)(desinflado 0%)
agregando: Common/Icons/ItemsGenerated/machinarium_energy_cable_T3.png(entrada = 789) (salida = 794)(desinflado 0%)
agregando: Common/Icons/ItemsGenerated/machinarium_energy_cable_T4.png(entrada = 821) (salida = 826)(desinflado 0%)
agregando: Common/Icons/ItemsGenerated/machinarium_energy_cable_T5.png(entrada = 800) (salida = 805)(desinflado 0%)
agregando: Common/Icons/ItemsGenerated/machinarium_gold_powder.png(entrada = 4927) (salida = 4932)(desinflado 0%)
agregando: Common/Icons/ItemsGenerated/machinarium_high_tier_alloy_blend_powder.png(entrada = 4927) (salida = 4932)(desinflado 0%)
agregando: Common/Icons/ItemsGenerated/machinarium_iron_powder.png(entrada = 4927) (salida = 4932)(desinflado 0%)
agregando: Common/Icons/ItemsGenerated/machinarium_item_cable.png(entrada = 861) (salida = 866)(desinflado 0%)
agregando: Common/Icons/ItemsGenerated/machinarium_item_cable_T1.png(entrada = 861) (salida = 866)(desinflado 0%)
agregando: Common/Icons/ItemsGenerated/machinarium_item_cable_T2.png(entrada = 868) (salida = 873)(desinflado 0%)
agregando: Common/Icons/ItemsGenerated/machinarium_item_cable_T3.png(entrada = 848) (salida = 853)(desinflado 0%)
agregando: Common/Icons/ItemsGenerated/machinarium_item_cable_T4.png(entrada = 856) (salida = 861)(desinflado 0%)
agregando: Common/Icons/ItemsGenerated/machinarium_item_cable_T5.png(entrada = 833) (salida = 838)(desinflado 0%)
agregando: Common/Icons/ItemsGenerated/machinarium_large_battery.png(entrada = 4763) (salida = 4768)(desinflado 0%)
agregando: Common/Icons/ItemsGenerated/machinarium_lithium_powder.png(entrada = 4927) (salida = 4932)(desinflado 0%)
agregando: Common/Icons/ItemsGenerated/machinarium_manganese_powder.png(entrada = 4927) (salida = 4932)(desinflado 0%)
agregando: Common/Icons/ItemsGenerated/machinarium_metal_plate_press.png(entrada = 4462) (salida = 4448)(desinflado 0%)
agregando: Common/Icons/ItemsGenerated/machinarium_nickel_powder.png(entrada = 4927) (salida = 4932)(desinflado 0%)
agregando: Common/Icons/ItemsGenerated/machinarium_ore_chips.png(entrada = 2034) (salida = 2039)(desinflado 0%)
agregando: Common/Icons/ItemsGenerated/machinarium_ore_crusher.png(entrada = 4636) (salida = 4531)(desinflado 2%)
agregando: Common/Icons/ItemsGenerated/machinarium_quarry.png(entrada = 7578) (salida = 7050)(desinflado 6%)
agregando: Common/Icons/ItemsGenerated/machinarium_quarry_T1.png(entrada = 5182) (salida = 5187)(desinflado 0%)
agregando: Common/Icons/ItemsGenerated/machinarium_quarry_T2.png(entrada = 5303) (salida = 5308)(desinflado 0%)
agregando: Common/Icons/ItemsGenerated/machinarium_quarry_T3.png(entrada = 5148) (salida = 5153)(desinflado 0%)
agregando: Common/Icons/ItemsGenerated/machinarium_quarry_T4.png(entrada = 5279) (salida = 5284)(desinflado 0%)
agregando: Common/Icons/ItemsGenerated/machinarium_quarry_T5.png(entrada = 5243) (salida = 5248)(desinflado 0%)
agregando: Common/Icons/ItemsGenerated/machinarium_scrap.png(entrada = 2665) (salida = 2670)(desinflado 0%)
agregando: Common/Icons/ItemsGenerated/machinarium_silicon_powder.png(entrada = 4927) (salida = 4932)(desinflado 0%)
agregando: Common/Icons/ItemsGenerated/machinarium_silver_powder.png(entrada = 5437) (salida = 5442)(desinflado 0%)
agregando: Common/Icons/ItemsGenerated/machinarium_slag.png(entrada = 3321) (salida = 3326)(desinflado 0%)
agregando: Common/Icons/ItemsGenerated/machinarium_solar_panel.png(entrada = 2796) (salida = 2801)(desinflado 0%)
agregando: Common/Icons/ItemsGenerated/machinarium_solar_panel_T1.png(entrada = 4766) (salida = 4771)(desinflado 0%)
agregando: Common/Icons/ItemsGenerated/machinarium_solar_panel_T2.png(entrada = 4841) (salida = 4846)(desinflado 0%)
agregando: Common/Icons/ItemsGenerated/machinarium_solar_panel_T3.png(entrada = 4651) (salida = 4656)(desinflado 0%)
agregando: Common/Icons/ItemsGenerated/machinarium_solar_panel_T4.png(entrada = 4866) (salida = 4871)(desinflado 0%)
agregando: Common/Icons/ItemsGenerated/machinarium_solar_panel_T5.png(entrada = 4562) (salida = 4567)(desinflado 0%)
agregando: Common/Icons/ItemsGenerated/machinarium_stone_dust.png(entrada = 4878) (salida = 4883)(desinflado 0%)
agregando: Common/Icons/ItemsGenerated/machinarium_superalloy_blend_powder.png(entrada = 4927) (salida = 4932)(desinflado 0%)
agregando: Common/Icons/ItemsGenerated/machinarium_thorium_powder.png(entrada = 4887) (salida = 4892)(desinflado 0%)
agregando: Common/Icons/ItemsGenerated/machinarium_tin_powder.png(entrada = 4927) (salida = 4932)(desinflado 0%)
agregando: Common/Icons/ItemsGenerated/machinarium_titanium_powder.png(entrada = 4927) (salida = 4932)(desinflado 0%)
agregando: Common/Icons/ItemsGenerated/machinarium_titanium_vanadium_alloy_powder.png(entrada = 4927) (salida = 4932)(desinflado 0%)
agregando: Common/Icons/ItemsGenerated/machinarium_tungsten_powder.png(entrada = 4927) (salida = 4932)(desinflado 0%)
agregando: Common/Icons/ItemsGenerated/machinarium_uranium_powder.png(entrada = 4927) (salida = 4932)(desinflado 0%)
agregando: Common/Icons/ItemsGenerated/machinarium_vanadium_powder.png(entrada = 4927) (salida = 4932)(desinflado 0%)
agregando: Common/Icons/ItemsGenerated/machinarium_wind_turbine.png(entrada = 2785) (salida = 2790)(desinflado 0%)
agregando: Common/Icons/ItemsGenerated/machinarium_wind_turbine_T1.png(entrada = 2904) (salida = 2909)(desinflado 0%)
agregando: Common/Icons/ItemsGenerated/machinarium_wind_turbine_T2.png(entrada = 2984) (salida = 2989)(desinflado 0%)
agregando: Common/Icons/ItemsGenerated/machinarium_wind_turbine_T3.png(entrada = 2920) (salida = 2925)(desinflado 0%)
agregando: Common/Icons/ItemsGenerated/machinarium_wind_turbine_T4.png(entrada = 2922) (salida = 2927)(desinflado 0%)
agregando: Common/Icons/ItemsGenerated/machinarium_wind_turbine_T5.png(entrada = 2908) (salida = 2913)(desinflado 0%)
agregando: Common/Icons/ItemsGenerated/machinarium_wrench.png(entrada = 3850) (salida = 3305)(desinflado 14%)
agregando: Common/Items/(entrada = 0) (salida = 0)(almacenado 0%)
agregando: Common/Items/CraftingItems/(entrada = 0) (salida = 0)(almacenado 0%)
agregando: Common/Items/CraftingItems/Alloys/(entrada = 0) (salida = 0)(almacenado 0%)
agregando: Common/Items/CraftingItems/Alloys/Alloy.blockymodel(entrada = 1539) (salida = 370)(desinflado 75%)
agregando: Common/Items/CraftingItems/Alloys/Constantan Ingot.png(entrada = 2517) (salida = 1965)(desinflado 21%)
agregando: Common/Items/CraftingItems/Alloys/Electrum.png(entrada = 1248) (salida = 1253)(desinflado 0%)
agregando: Common/Items/CraftingItems/Alloys/Invar.png(entrada = 2330) (salida = 1773)(desinflado 23%)
agregando: Common/Items/CraftingItems/Alloys/Steel.png(entrada = 2466) (salida = 1902)(desinflado 22%)
agregando: Common/Items/CraftingItems/Alloys/SuperAlloy.png(entrada = 2367) (salida = 1814)(desinflado 23%)
agregando: Common/Items/CraftingItems/Alloys/compositealloy.png(entrada = 2672) (salida = 2124)(desinflado 20%)
agregando: Common/Items/CraftingItems/Alloys/hightier.png(entrada = 2386) (salida = 1837)(desinflado 23%)
agregando: Common/Items/CraftingItems/Alloys/titanium-vanadium.png(entrada = 2382) (salida = 1830)(desinflado 23%)
agregando: Common/Items/CraftingItems/Circuitboard/(entrada = 0) (salida = 0)(almacenado 0%)
agregando: Common/Items/CraftingItems/Circuitboard/Circuitboard.blockymodel(entrada = 22379) (salida = 1297)(desinflado 94%)
agregando: Common/Items/CraftingItems/Circuitboard/Circuitboard.png(entrada = 3077) (salida = 3082)(desinflado 0%)
agregando: Common/Items/CraftingItems/Circuitboard/model.bbmodel(entrada = 14421) (salida = 6533)(desinflado 54%)
agregando: Common/Items/CraftingItems/Gear/(entrada = 0) (salida = 0)(almacenado 0%)
agregando: Common/Items/CraftingItems/Gear/Gear_Base.bbmodel(entrada = 16940) (salida = 2712)(desinflado 83%)
agregando: Common/Items/CraftingItems/Gear/Gear_Base.blockymodel(entrada = 42947) (salida = 1466)(desinflado 96%)
agregando: Common/Items/CraftingItems/Gear/Iron Gear.png(entrada = 502) (salida = 468)(desinflado 6%)
agregando: Common/Items/CraftingItems/Gear/Reinforced Gear.png(entrada = 507) (salida = 500)(desinflado 1%)
agregando: Common/Items/CraftingItems/Ingots/(entrada = 0) (salida = 0)(almacenado 0%)
agregando: Common/Items/CraftingItems/Ingots/Aluminum.png(entrada = 2442) (salida = 1894)(desinflado 22%)
agregando: Common/Items/CraftingItems/Ingots/Chromium.png(entrada = 2494) (salida = 1938)(desinflado 22%)
agregando: Common/Items/CraftingItems/Ingots/Ingot.blockymodel(entrada = 1539) (salida = 370)(desinflado 75%)
agregando: Common/Items/CraftingItems/Ingots/Lithium.png(entrada = 2557) (salida = 2007)(desinflado 21%)
agregando: Common/Items/CraftingItems/Ingots/Manganese.png(entrada = 2699) (salida = 2150)(desinflado 20%)
agregando: Common/Items/CraftingItems/Ingots/Nickel.png(entrada = 2698) (salida = 2149)(desinflado 20%)
agregando: Common/Items/CraftingItems/Ingots/Plutonium.png(entrada = 2373) (salida = 1823)(desinflado 23%)
agregando: Common/Items/CraftingItems/Ingots/Tin.png(entrada = 2482) (salida = 1928)(desinflado 22%)
agregando: Common/Items/CraftingItems/Ingots/Titanium.png(entrada = 2428) (salida = 1872)(desinflado 22%)
agregando: Common/Items/CraftingItems/Ingots/Tungsten.png(entrada = 2726) (salida = 2179)(desinflado 20%)
agregando: Common/Items/CraftingItems/Ingots/Uranium.png(entrada = 2646) (salida = 2099)(desinflado 20%)
agregando: Common/Items/CraftingItems/Ingots/Vanadium.png(entrada = 2537) (salida = 1991)(desinflado 21%)
agregando: Common/Items/CraftingItems/Metal Plates/(entrada = 0) (salida = 0)(almacenado 0%)
agregando: Common/Items/CraftingItems/Metal Plates/Iron Plate.png(entrada = 808) (salida = 791)(desinflado 2%)
agregando: Common/Items/CraftingItems/Metal Plates/Plate Project.bbmodel(entrada = 4585) (salida = 2503)(desinflado 45%)
agregando: Common/Items/CraftingItems/Metal Plates/Plate_Base.blockymodel(entrada = 3033) (salida = 456)(desinflado 84%)
agregando: Common/Items/CraftingItems/Metal Plates/Reinforced Iron Plate.png(entrada = 799) (salida = 804)(desinflado 0%)
agregando: Common/Items/CraftingItems/Metal Plates/Titanium Plate.png(entrada = 797) (salida = 802)(desinflado 0%)
agregando: Common/Items/CraftingItems/Metal Plates/Tungsten Plate.png(entrada = 581) (salida = 586)(desinflado 0%)
agregando: Common/Items/CraftingItems/OreChips.blockymodel(entrada = 6611) (salida = 881)(desinflado 86%)
agregando: Common/Items/CraftingItems/Ores/(entrada = 0) (salida = 0)(almacenado 0%)
agregando: Common/Items/CraftingItems/Ores/Bauxite.png(entrada = 3847) (salida = 3299)(desinflado 14%)
agregando: Common/Items/CraftingItems/Ores/Cassiterite.png(entrada = 3177) (salida = 2624)(desinflado 17%)
agregando: Common/Items/CraftingItems/Ores/Chromite.png(entrada = 3733) (salida = 3194)(desinflado 14%)
agregando: Common/Items/CraftingItems/Ores/Ilmenite.png(entrada = 3284) (salida = 2725)(desinflado 17%)
agregando: Common/Items/CraftingItems/Ores/Manganese.png(entrada = 3713) (salida = 3159)(desinflado 14%)
agregando: Common/Items/CraftingItems/Ores/Ore.blockymodel(entrada = 9203) (salida = 749)(desinflado 91%)
agregando: Common/Items/CraftingItems/Ores/Pentlandite.png(entrada = 3786) (salida = 3245)(desinflado 14%)
agregando: Common/Items/CraftingItems/Ores/Quartzite.png(entrada = 2758) (salida = 2211)(desinflado 19%)
agregando: Common/Items/CraftingItems/Ores/Scheelite.png(entrada = 3378) (salida = 2829)(desinflado 16%)
agregando: Common/Items/CraftingItems/Ores/Spodumene.png(entrada = 2958) (salida = 2409)(desinflado 18%)
agregando: Common/Items/CraftingItems/Ores/Uraninite.png(entrada = 3376) (salida = 2831)(desinflado 16%)
agregando: Common/Items/CraftingItems/Ores/Vanadinite.png(entrada = 3657) (salida = 3116)(desinflado 14%)
agregando: Common/Items/CraftingItems/PowderBag.blockymodel(entrada = 6089) (salida = 598)(desinflado 90%)
agregando: Common/Items/CraftingItems/Powders/(entrada = 0) (salida = 0)(almacenado 0%)
agregando: Common/Items/CraftingItems/Powders/OREV2.bbmodel(entrada = 17975) (salida = 8818)(desinflado 50%)
agregando: Common/Items/CraftingItems/Powders/OREV2.blockymodel(entrada = 21170) (salida = 1221)(desinflado 94%)
agregando: Common/Items/CraftingItems/Powders/copper_powder.png(entrada = 2826) (salida = 2831)(desinflado 0%)
agregando: Common/Items/CraftingItems/Rods/(entrada = 0) (salida = 0)(almacenado 0%)
agregando: Common/Items/CraftingItems/Rods/Iron Rod.png(entrada = 593) (salida = 596)(desinflado 0%)
agregando: Common/Items/CraftingItems/Rods/Reinforced Rod.png(entrada = 581) (salida = 586)(desinflado 0%)
agregando: Common/Items/CraftingItems/Rods/Rod_Base.bbmodel(entrada = 5768) (salida = 2087)(desinflado 63%)
agregando: Common/Items/CraftingItems/Rods/Rod_Base.blockymodel(entrada = 10151) (salida = 961)(desinflado 90%)
agregando: Common/Items/CraftingItems/Scrap.blockymodel(entrada = 167105) (salida = 6171)(desinflado 96%)
agregando: Common/Items/CraftingItems/Slag.blockymodel(entrada = 20299) (salida = 1308)(desinflado 93%)
agregando: Common/Items/CraftingItems/Spring/(entrada = 0) (salida = 0)(almacenado 0%)
agregando: Common/Items/CraftingItems/Spring/Spring.bbmodel(entrada = 13282) (salida = 4155)(desinflado 68%)
agregando: Common/Items/CraftingItems/Spring/Spring.blockymodel(entrada = 28197) (salida = 1429)(desinflado 94%)
agregando: Common/Items/CraftingItems/Spring/Spring.png(entrada = 1321) (salida = 1317)(desinflado 0%)
agregando: Common/Items/CraftingItems/textures/(entrada = 0) (salida = 0)(almacenado 0%)
agregando: Common/Items/CraftingItems/textures/Adamantite_powder.png(entrada = 1722) (salida = 1727)(desinflado 0%)
agregando: Common/Items/CraftingItems/textures/Thorium_powder.png(entrada = 1724) (salida = 1729)(desinflado 0%)
agregando: Common/Items/CraftingItems/textures/aluminum_powder.png(entrada = 1727) (salida = 1732)(desinflado 0%)
agregando: Common/Items/CraftingItems/textures/chromium_powder.png(entrada = 1727) (salida = 1732)(desinflado 0%)
agregando: Common/Items/CraftingItems/textures/cobalt_powder.png(entrada = 1729) (salida = 1734)(desinflado 0%)
agregando: Common/Items/CraftingItems/textures/composite_alloy_powder.png(entrada = 1727) (salida = 1732)(desinflado 0%)
agregando: Common/Items/CraftingItems/textures/constantan_powder.png(entrada = 1727) (salida = 1732)(desinflado 0%)
agregando: Common/Items/CraftingItems/textures/copper_powder.png(entrada = 1718) (salida = 1723)(desinflado 0%)
agregando: Common/Items/CraftingItems/textures/electrum_powder.png(entrada = 1727) (salida = 1732)(desinflado 0%)
agregando: Common/Items/CraftingItems/textures/gold_powder.png(entrada = 1728) (salida = 1733)(desinflado 0%)
agregando: Common/Items/CraftingItems/textures/high_tier_alloy_blend_powder.png(entrada = 1727) (salida = 1732)(desinflado 0%)
agregando: Common/Items/CraftingItems/textures/invar_powder.png(entrada = 1727) (salida = 1732)(desinflado 0%)
agregando: Common/Items/CraftingItems/textures/iron_powder.png(entrada = 1727) (salida = 1732)(desinflado 0%)
agregando: Common/Items/CraftingItems/textures/lithium_powder.png(entrada = 1727) (salida = 1732)(desinflado 0%)
agregando: Common/Items/CraftingItems/textures/manganese_powder.png(entrada = 1727) (salida = 1732)(desinflado 0%)
agregando: Common/Items/CraftingItems/textures/nickel_powder.png(entrada = 1727) (salida = 1732)(desinflado 0%)
agregando: Common/Items/CraftingItems/textures/ore_chip.png(entrada = 1740) (salida = 1745)(desinflado 0%)
agregando: Common/Items/CraftingItems/textures/scrap.png(entrada = 1413) (salida = 1418)(desinflado 0%)
agregando: Common/Items/CraftingItems/textures/silicon_powder.png(entrada = 1727) (salida = 1732)(desinflado 0%)
agregando: Common/Items/CraftingItems/textures/silver_powder.png(entrada = 1927) (salida = 1932)(desinflado 0%)
agregando: Common/Items/CraftingItems/textures/slag.png(entrada = 1655) (salida = 1660)(desinflado 0%)
agregando: Common/Items/CraftingItems/textures/steel_powder.png(entrada = 1727) (salida = 1732)(desinflado 0%)
agregando: Common/Items/CraftingItems/textures/stone_dust.png(entrada = 1727) (salida = 1732)(desinflado 0%)
agregando: Common/Items/CraftingItems/textures/superalloy_blend_powder.png(entrada = 1727) (salida = 1732)(desinflado 0%)
agregando: Common/Items/CraftingItems/textures/tin_powder.png(entrada = 1727) (salida = 1732)(desinflado 0%)
agregando: Common/Items/CraftingItems/textures/titanium_powder.png(entrada = 1727) (salida = 1732)(desinflado 0%)
agregando: Common/Items/CraftingItems/textures/titanium_vanadium_alloy_powder.png(entrada = 1727) (salida = 1732)(desinflado 0%)
agregando: Common/Items/CraftingItems/textures/tungsten_powder.png(entrada = 1727) (salida = 1732)(desinflado 0%)
agregando: Common/Items/CraftingItems/textures/uranium_powder.png(entrada = 1727) (salida = 1732)(desinflado 0%)
agregando: Common/Items/CraftingItems/textures/vanadium_powder.png(entrada = 1727) (salida = 1732)(desinflado 0%)
agregando: Common/Items/Tools/(entrada = 0) (salida = 0)(almacenado 0%)
agregando: Common/Items/Tools/Wrench.blockymodel(entrada = 36308) (salida = 1831)(desinflado 94%)
agregando: Common/Items/Tools/wrenchtext.png(entrada = 301) (salida = 282)(desinflado 6%)
agregando: Common/Languages/(entrada = 0) (salida = 0)(almacenado 0%)
agregando: Common/Languages/en-US/(entrada = 0) (salida = 0)(almacenado 0%)
agregando: Common/Languages/en-US/items.lang(entrada = 11235) (salida = 1348)(desinflado 88%)
agregando: Common/Languages/fallback.lang(entrada = 11235) (salida = 1348)(desinflado 88%)
agregando: Common/Nová složka/(entrada = 0) (salida = 0)(almacenado 0%)
agregando: Common/Sounds/(entrada = 0) (salida = 0)(almacenado 0%)
agregando: Common/Sounds/ElectricFurnace.ogg(entrada = 483527) (salida = 459985)(desinflado 4%)
agregando: Common/Sounds/SolarPanel.ogg(entrada = 207100) (salida = 204529)(desinflado 1%)
agregando: Common/Sounds/WindTurbine.ogg(entrada = 70001) (salida = 68721)(desinflado 1%)
agregando: Common/TexturesUI/(entrada = 0) (salida = 0)(almacenado 0%)
agregando: Common/TexturesUI/filter.png(entrada = 5200) (salida = 3631)(desinflado 30%)
agregando: Common/TexturesUI/quarrysetup.png(entrada = 827792) (salida = 828017)(desinflado 0%)
agregando: Common/Tools/(entrada = 0) (salida = 0)(almacenado 0%)
agregando: Common/Tools/Wrench.blockymodel(entrada = 36308) (salida = 1831)(desinflado 94%)
agregando: Common/Tools/wrenchtext.png(entrada = 301) (salida = 282)(desinflado 6%)
agregando: Common/UI/(entrada = 0) (salida = 0)(almacenado 0%)
agregando: Common/UI/Custom/(entrada = 0) (salida = 0)(almacenado 0%)
agregando: Common/UI/Custom/Machinarium_AlloySmelter_HyUI.ui(entrada = 28308) (salida = 2440)(desinflado 91%)
agregando: Common/UI/Custom/Machinarium_AlloySmelter_HyUI_v2.ui(entrada = 28422) (salida = 2485)(desinflado 91%)
agregando: Common/UI/Custom/Machinarium_Battery.ui(entrada = 6945) (salida = 924)(desinflado 86%)
agregando: Common/UI/Custom/Machinarium_Cable.ui(entrada = 3629) (salida = 573)(desinflado 84%)
agregando: Common/UI/Custom/Machinarium_CableUpgrade.ui(entrada = 6328) (salida = 821)(desinflado 87%)
agregando: Common/UI/Custom/Machinarium_Changelog.ui(entrada = 1314) (salida = 499)(desinflado 62%)
agregando: Common/UI/Custom/Machinarium_EmptyHud.ui(entrada = 98) (salida = 94)(desinflado 4%)
agregando: Common/UI/Custom/Machinarium_Furnace.ui(entrada = 4030) (salida = 790)(desinflado 80%)
agregando: Common/UI/Custom/Machinarium_FurnaceHud.ui(entrada = 530) (salida = 285)(desinflado 46%)
agregando: Common/UI/Custom/Machinarium_Item_Cable.ui(entrada = 32941) (salida = 2923)(desinflado 91%)
agregando: Common/UI/Custom/Machinarium_Item_Priority.ui(entrada = 10235) (salida = 1155)(desinflado 88%)
agregando: Common/UI/Custom/Machinarium_Master.ui(entrada = 504) (salida = 265)(desinflado 47%)
agregando: Common/UI/Custom/Machinarium_OreCrusher.ui(entrada = 9016) (salida = 1143)(desinflado 87%)
agregando: Common/UI/Custom/Machinarium_OreCrusher_HyUI.ui(entrada = 28304) (salida = 2441)(desinflado 91%)
agregando: Common/UI/Custom/Machinarium_OreCrusher_HyUI_v2.ui(entrada = 28418) (salida = 2484)(desinflado 91%)
agregando: Common/UI/Custom/Machinarium_Quarry.ui(entrada = 16348) (salida = 1400)(desinflado 91%)
agregando: Common/UI/Custom/Machinarium_Solar.ui(entrada = 6092) (salida = 817)(desinflado 86%)
agregando: Common/UI/Custom/Machinarium_SolarHud.ui(entrada = 371) (salida = 246)(desinflado 33%)
agregando: Common/UI/Custom/Machinarium_Wind.ui(entrada = 6088) (salida = 817)(desinflado 86%)
agregando: Common/UI/Custom/Pages/(entrada = 0) (salida = 0)(almacenado 0%)
agregando: Common/UI/Custom/Pages/Elements/(entrada = 0) (salida = 0)(almacenado 0%)
agregando: Common/UI/Custom/Pages/Elements/ItemGrid.ui(entrada = 211) (salida = 136)(desinflado 35%)
agregando: Common/UI/Custom/Pages/LEFT.png(entrada = 3732895) (salida = 3725306)(desinflado 0%)
agregando: Common/UI/Custom/Pages/hYPROtECHLOGO.png(entrada = 928431) (salida = 920257)(desinflado 0%)
agregando: Common/UI/Custom/Pages/id-card.png(entrada = 14513) (salida = 13477)(desinflado 7%)
agregando: Common/UI/Custom/TexturesUI/(entrada = 0) (salida = 0)(almacenado 0%)
agregando: Common/UI/Custom/TexturesUI/filter.png(entrada = 5200) (salida = 3631)(desinflado 30%)
agregando: Common/UI/Custom/TexturesUI/quarrysetup.png(entrada = 827792) (salida = 828017)(desinflado 0%)
agregando: Common/UI/Custom/com.example_HyProTech.png(entrada = 928431) (salida = 920257)(desinflado 0%)
ignorando entrada META-INF/
ignorando entrada META-INF/MANIFEST.MF
agregando: Ore_Gen/(entrada = 0) (salida = 0)(almacenado 0%)
agregando: Ore_Gen/CustomOreTypes.xml(entrada = 8292) (salida = 794)(desinflado 90%)
agregando: Server/(entrada = 0) (salida = 0)(almacenado 0%)
agregando: Server/Item/(entrada = 0) (salida = 0)(almacenado 0%)
agregando: Server/Item/Block/(entrada = 0) (salida = 0)(almacenado 0%)
agregando: Server/Item/Block/Hitboxes/(entrada = 0) (salida = 0)(almacenado 0%)
agregando: Server/Item/Block/Hitboxes/Machinarium/(entrada = 0) (salida = 0)(almacenado 0%)
agregando: Server/Item/Block/Hitboxes/Machinarium/Machinarium_Border_Hit_None.json(entrada = 212) (salida = 84)(desinflado 60%)
agregando: Server/Item/Block/Hitboxes/Machinarium/Machinarium_Border_Interact.json(entrada = 202) (salida = 76)(desinflado 62%)
agregando: Server/Item/Block/Hitboxes/Machinarium/Machinarium_Cable_Hit.json(entrada = 383) (salida = 104)(desinflado 72%)
agregando: Server/Item/Block/Hitboxes/Machinarium/Machinarium_Cable_Hit_00.json(entrada = 383) (salida = 104)(desinflado 72%)
agregando: Server/Item/Block/Hitboxes/Machinarium/Machinarium_Cable_Hit_01.json(entrada = 563) (salida = 111)(desinflado 80%)
agregando: Server/Item/Block/Hitboxes/Machinarium/Machinarium_Cable_Hit_02.json(entrada = 563) (salida = 110)(desinflado 80%)
agregando: Server/Item/Block/Hitboxes/Machinarium/Machinarium_Cable_Hit_03.json(entrada = 743) (salida = 119)(desinflado 83%)
agregando: Server/Item/Block/Hitboxes/Machinarium/Machinarium_Cable_Hit_04.json(entrada = 562) (salida = 116)(desinflado 79%)
agregando: Server/Item/Block/Hitboxes/Machinarium/Machinarium_Cable_Hit_05.json(entrada = 742) (salida = 125)(desinflado 83%)
agregando: Server/Item/Block/Hitboxes/Machinarium/Machinarium_Cable_Hit_06.json(entrada = 742) (salida = 123)(desinflado 83%)
agregando: Server/Item/Block/Hitboxes/Machinarium/Machinarium_Cable_Hit_07.json(entrada = 922) (salida = 131)(desinflado 85%)
agregando: Server/Item/Block/Hitboxes/Machinarium/Machinarium_Cable_Hit_08.json(entrada = 562) (salida = 115)(desinflado 79%)
agregando: Server/Item/Block/Hitboxes/Machinarium/Machinarium_Cable_Hit_09.json(entrada = 742) (salida = 125)(desinflado 83%)
agregando: Server/Item/Block/Hitboxes/Machinarium/Machinarium_Cable_Hit_10.json(entrada = 742) (salida = 124)(desinflado 83%)
agregando: Server/Item/Block/Hitboxes/Machinarium/Machinarium_Cable_Hit_11.json(entrada = 922) (salida = 133)(desinflado 85%)
agregando: Server/Item/Block/Hitboxes/Machinarium/Machinarium_Cable_Hit_12.json(entrada = 741) (salida = 127)(desinflado 82%)
agregando: Server/Item/Block/Hitboxes/Machinarium/Machinarium_Cable_Hit_13.json(entrada = 921) (salida = 136)(desinflado 85%)
agregando: Server/Item/Block/Hitboxes/Machinarium/Machinarium_Cable_Hit_14.json(entrada = 921) (salida = 134)(desinflado 85%)
agregando: Server/Item/Block/Hitboxes/Machinarium/Machinarium_Cable_Hit_15.json(entrada = 1101) (salida = 142)(desinflado 87%)
agregando: Server/Item/Block/Hitboxes/Machinarium/Machinarium_Cable_Hit_16.json(entrada = 563) (salida = 111)(desinflado 80%)
agregando: Server/Item/Block/Hitboxes/Machinarium/Machinarium_Cable_Hit_17.json(entrada = 743) (salida = 120)(desinflado 83%)
agregando: Server/Item/Block/Hitboxes/Machinarium/Machinarium_Cable_Hit_18.json(entrada = 743) (salida = 120)(desinflado 83%)
agregando: Server/Item/Block/Hitboxes/Machinarium/Machinarium_Cable_Hit_19.json(entrada = 923) (salida = 134)(desinflado 85%)
agregando: Server/Item/Block/Hitboxes/Machinarium/Machinarium_Cable_Hit_20.json(entrada = 742) (salida = 125)(desinflado 83%)
agregando: Server/Item/Block/Hitboxes/Machinarium/Machinarium_Cable_Hit_21.json(entrada = 922) (salida = 139)(desinflado 84%)
agregando: Server/Item/Block/Hitboxes/Machinarium/Machinarium_Cable_Hit_22.json(entrada = 922) (salida = 134)(desinflado 85%)
agregando: Server/Item/Block/Hitboxes/Machinarium/Machinarium_Cable_Hit_23.json(entrada = 1102) (salida = 145)(desinflado 86%)
agregando: Server/Item/Block/Hitboxes/Machinarium/Machinarium_Cable_Hit_24.json(entrada = 742) (salida = 123)(desinflado 83%)
agregando: Server/Item/Block/Hitboxes/Machinarium/Machinarium_Cable_Hit_25.json(entrada = 922) (salida = 135)(desinflado 85%)
agregando: Server/Item/Block/Hitboxes/Machinarium/Machinarium_Cable_Hit_26.json(entrada = 922) (salida = 132)(desinflado 85%)
agregando: Server/Item/Block/Hitboxes/Machinarium/Machinarium_Cable_Hit_27.json(entrada = 1102) (salida = 143)(desinflado 87%)
agregando: Server/Item/Block/Hitboxes/Machinarium/Machinarium_Cable_Hit_28.json(entrada = 921) (salida = 134)(desinflado 85%)
agregando: Server/Item/Block/Hitboxes/Machinarium/Machinarium_Cable_Hit_29.json(entrada = 1101) (salida = 146)(desinflado 86%)
agregando: Server/Item/Block/Hitboxes/Machinarium/Machinarium_Cable_Hit_30.json(entrada = 1101) (salida = 141)(desinflado 87%)
agregando: Server/Item/Block/Hitboxes/Machinarium/Machinarium_Cable_Hit_31.json(entrada = 1281) (salida = 152)(desinflado 88%)
agregando: Server/Item/Block/Hitboxes/Machinarium/Machinarium_Cable_Hit_32.json(entrada = 563) (salida = 109)(desinflado 80%)
agregando: Server/Item/Block/Hitboxes/Machinarium/Machinarium_Cable_Hit_33.json(entrada = 743) (salida = 121)(desinflado 83%)
agregando: Server/Item/Block/Hitboxes/Machinarium/Machinarium_Cable_Hit_34.json(entrada = 743) (salida = 117)(desinflado 84%)
agregando: Server/Item/Block/Hitboxes/Machinarium/Machinarium_Cable_Hit_35.json(entrada = 923) (salida = 129)(desinflado 86%)
agregando: Server/Item/Block/Hitboxes/Machinarium/Machinarium_Cable_Hit_36.json(entrada = 742) (salida = 123)(desinflado 83%)
agregando: Server/Item/Block/Hitboxes/Machinarium/Machinarium_Cable_Hit_37.json(entrada = 922) (salida = 135)(desinflado 85%)
agregando: Server/Item/Block/Hitboxes/Machinarium/Machinarium_Cable_Hit_38.json(entrada = 922) (salida = 132)(desinflado 85%)
agregando: Server/Item/Block/Hitboxes/Machinarium/Machinarium_Cable_Hit_39.json(entrada = 1102) (salida = 143)(desinflado 87%)
agregando: Server/Item/Block/Hitboxes/Machinarium/Machinarium_Cable_Hit_40.json(entrada = 742) (salida = 122)(desinflado 83%)
agregando: Server/Item/Block/Hitboxes/Machinarium/Machinarium_Cable_Hit_41.json(entrada = 922) (salida = 134)(desinflado 85%)
agregando: Server/Item/Block/Hitboxes/Machinarium/Machinarium_Cable_Hit_42.json(entrada = 922) (salida = 133)(desinflado 85%)
agregando: Server/Item/Block/Hitboxes/Machinarium/Machinarium_Cable_Hit_43.json(entrada = 1102) (salida = 145)(desinflado 86%)
agregando: Server/Item/Block/Hitboxes/Machinarium/Machinarium_Cable_Hit_44.json(entrada = 921) (salida = 133)(desinflado 85%)
agregando: Server/Item/Block/Hitboxes/Machinarium/Machinarium_Cable_Hit_45.json(entrada = 1101) (salida = 145)(desinflado 86%)
agregando: Server/Item/Block/Hitboxes/Machinarium/Machinarium_Cable_Hit_46.json(entrada = 1101) (salida = 143)(desinflado 87%)
agregando: Server/Item/Block/Hitboxes/Machinarium/Machinarium_Cable_Hit_47.json(entrada = 1281) (salida = 154)(desinflado 87%)
agregando: Server/Item/Block/Hitboxes/Machinarium/Machinarium_Cable_Hit_48.json(entrada = 743) (salida = 116)(desinflado 84%)
agregando: Server/Item/Block/Hitboxes/Machinarium/Machinarium_Cable_Hit_49.json(entrada = 923) (salida = 129)(desinflado 86%)
agregando: Server/Item/Block/Hitboxes/Machinarium/Machinarium_Cable_Hit_50.json(entrada = 923) (salida = 126)(desinflado 86%)
agregando: Server/Item/Block/Hitboxes/Machinarium/Machinarium_Cable_Hit_51.json(entrada = 1103) (salida = 140)(desinflado 87%)
agregando: Server/Item/Block/Hitboxes/Machinarium/Machinarium_Cable_Hit_52.json(entrada = 922) (salida = 130)(desinflado 85%)
agregando: Server/Item/Block/Hitboxes/Machinarium/Machinarium_Cable_Hit_53.json(entrada = 1102) (salida = 145)(desinflado 86%)
agregando: Server/Item/Block/Hitboxes/Machinarium/Machinarium_Cable_Hit_54.json(entrada = 1102) (salida = 140)(desinflado 87%)
agregando: Server/Item/Block/Hitboxes/Machinarium/Machinarium_Cable_Hit_55.json(entrada = 1282) (salida = 150)(desinflado 88%)
agregando: Server/Item/Block/Hitboxes/Machinarium/Machinarium_Cable_Hit_56.json(entrada = 922) (salida = 129)(desinflado 86%)
agregando: Server/Item/Block/Hitboxes/Machinarium/Machinarium_Cable_Hit_57.json(entrada = 1102) (salida = 141)(desinflado 87%)
agregando: Server/Item/Block/Hitboxes/Machinarium/Machinarium_Cable_Hit_58.json(entrada = 1102) (salida = 138)(desinflado 87%)
agregando: Server/Item/Block/Hitboxes/Machinarium/Machinarium_Cable_Hit_59.json(entrada = 1282) (salida = 149)(desinflado 88%)
agregando: Server/Item/Block/Hitboxes/Machinarium/Machinarium_Cable_Hit_60.json(entrada = 1101) (salida = 140)(desinflado 87%)
agregando: Server/Item/Block/Hitboxes/Machinarium/Machinarium_Cable_Hit_61.json(entrada = 1281) (salida = 152)(desinflado 88%)
agregando: Server/Item/Block/Hitboxes/Machinarium/Machinarium_Cable_Hit_62.json(entrada = 1281) (salida = 147)(desinflado 88%)
agregando: Server/Item/Block/Hitboxes/Machinarium/Machinarium_Cable_Hit_63.json(entrada = 1461) (salida = 158)(desinflado 89%)
agregando: Server/Item/Block/Hitboxes/Machinarium/Machinarium_Cable_Interact_00.json(entrada = 491) (salida = 87)(desinflado 82%)
agregando: Server/Item/Block/Hitboxes/Machinarium/Machinarium_Cable_Interact_01.json(entrada = 943) (salida = 104)(desinflado 88%)
agregando: Server/Item/Block/Hitboxes/Machinarium/Machinarium_Cable_Interact_02.json(entrada = 943) (salida = 102)(desinflado 89%)
agregando: Server/Item/Block/Hitboxes/Machinarium/Machinarium_Cable_Interact_03.json(entrada = 1395) (salida = 116)(desinflado 91%)
agregando: Server/Item/Block/Hitboxes/Machinarium/Machinarium_Cable_Interact_04.json(entrada = 942) (salida = 104)(desinflado 88%)
agregando: Server/Item/Block/Hitboxes/Machinarium/Machinarium_Cable_Interact_05.json(entrada = 1394) (salida = 119)(desinflado 91%)
agregando: Server/Item/Block/Hitboxes/Machinarium/Machinarium_Cable_Interact_06.json(entrada = 1394) (salida = 115)(desinflado 91%)
agregando: Server/Item/Block/Hitboxes/Machinarium/Machinarium_Cable_Interact_07.json(entrada = 1846) (salida = 128)(desinflado 93%)
agregando: Server/Item/Block/Hitboxes/Machinarium/Machinarium_Cable_Interact_08.json(entrada = 942) (salida = 102)(desinflado 89%)
agregando: Server/Item/Block/Hitboxes/Machinarium/Machinarium_Cable_Interact_09.json(entrada = 1394) (salida = 119)(desinflado 91%)
agregando: Server/Item/Block/Hitboxes/Machinarium/Machinarium_Cable_Interact_10.json(entrada = 1394) (salida = 117)(desinflado 91%)
agregando: Server/Item/Block/Hitboxes/Machinarium/Machinarium_Cable_Interact_11.json(entrada = 1846) (salida = 131)(desinflado 92%)
agregando: Server/Item/Block/Hitboxes/Machinarium/Machinarium_Cable_Interact_12.json(entrada = 1393) (salida = 116)(desinflado 91%)
agregando: Server/Item/Block/Hitboxes/Machinarium/Machinarium_Cable_Interact_13.json(entrada = 1845) (salida = 130)(desinflado 92%)
agregando: Server/Item/Block/Hitboxes/Machinarium/Machinarium_Cable_Interact_14.json(entrada = 1845) (salida = 127)(desinflado 93%)
agregando: Server/Item/Block/Hitboxes/Machinarium/Machinarium_Cable_Interact_15.json(entrada = 2297) (salida = 140)(desinflado 93%)
agregando: Server/Item/Block/Hitboxes/Machinarium/Machinarium_Cable_Interact_16.json(entrada = 943) (salida = 104)(desinflado 88%)
agregando: Server/Item/Block/Hitboxes/Machinarium/Machinarium_Cable_Interact_17.json(entrada = 1395) (salida = 118)(desinflado 91%)
agregando: Server/Item/Block/Hitboxes/Machinarium/Machinarium_Cable_Interact_18.json(entrada = 1395) (salida = 117)(desinflado 91%)
agregando: Server/Item/Block/Hitboxes/Machinarium/Machinarium_Cable_Interact_19.json(entrada = 1847) (salida = 130)(desinflado 92%)
agregando: Server/Item/Block/Hitboxes/Machinarium/Machinarium_Cable_Interact_20.json(entrada = 1394) (salida = 118)(desinflado 91%)
agregando: Server/Item/Block/Hitboxes/Machinarium/Machinarium_Cable_Interact_21.json(entrada = 1846) (salida = 133)(desinflado 92%)
agregando: Server/Item/Block/Hitboxes/Machinarium/Machinarium_Cable_Interact_22.json(entrada = 1846) (salida = 129)(desinflado 93%)
agregando: Server/Item/Block/Hitboxes/Machinarium/Machinarium_Cable_Interact_23.json(entrada = 2298) (salida = 142)(desinflado 93%)
agregando: Server/Item/Block/Hitboxes/Machinarium/Machinarium_Cable_Interact_24.json(entrada = 1394) (salida = 114)(desinflado 91%)
agregando: Server/Item/Block/Hitboxes/Machinarium/Machinarium_Cable_Interact_25.json(entrada = 1846) (salida = 131)(desinflado 92%)
agregando: Server/Item/Block/Hitboxes/Machinarium/Machinarium_Cable_Interact_26.json(entrada = 1846) (salida = 129)(desinflado 93%)
agregando: Server/Item/Block/Hitboxes/Machinarium/Machinarium_Cable_Interact_27.json(entrada = 2298) (salida = 142)(desinflado 93%)
agregando: Server/Item/Block/Hitboxes/Machinarium/Machinarium_Cable_Interact_28.json(entrada = 1845) (salida = 128)(desinflado 93%)
agregando: Server/Item/Block/Hitboxes/Machinarium/Machinarium_Cable_Interact_29.json(entrada = 2297) (salida = 142)(desinflado 93%)
agregando: Server/Item/Block/Hitboxes/Machinarium/Machinarium_Cable_Interact_30.json(entrada = 2297) (salida = 139)(desinflado 93%)
agregando: Server/Item/Block/Hitboxes/Machinarium/Machinarium_Cable_Interact_31.json(entrada = 2749) (salida = 152)(desinflado 94%)
agregando: Server/Item/Block/Hitboxes/Machinarium/Machinarium_Cable_Interact_32.json(entrada = 943) (salida = 102)(desinflado 89%)
agregando: Server/Item/Block/Hitboxes/Machinarium/Machinarium_Cable_Interact_33.json(entrada = 1395) (salida = 117)(desinflado 91%)
agregando: Server/Item/Block/Hitboxes/Machinarium/Machinarium_Cable_Interact_34.json(entrada = 1395) (salida = 115)(desinflado 91%)
agregando: Server/Item/Block/Hitboxes/Machinarium/Machinarium_Cable_Interact_35.json(entrada = 1847) (salida = 129)(desinflado 93%)
agregando: Server/Item/Block/Hitboxes/Machinarium/Machinarium_Cable_Interact_36.json(entrada = 1394) (salida = 117)(desinflado 91%)
agregando: Server/Item/Block/Hitboxes/Machinarium/Machinarium_Cable_Interact_37.json(entrada = 1846) (salida = 132)(desinflado 92%)
agregando: Server/Item/Block/Hitboxes/Machinarium/Machinarium_Cable_Interact_38.json(entrada = 1846) (salida = 128)(desinflado 93%)
agregando: Server/Item/Block/Hitboxes/Machinarium/Machinarium_Cable_Interact_39.json(entrada = 2298) (salida = 141)(desinflado 93%)
agregando: Server/Item/Block/Hitboxes/Machinarium/Machinarium_Cable_Interact_40.json(entrada = 1394) (salida = 118)(desinflado 91%)
agregando: Server/Item/Block/Hitboxes/Machinarium/Machinarium_Cable_Interact_41.json(entrada = 1846) (salida = 134)(desinflado 92%)
agregando: Server/Item/Block/Hitboxes/Machinarium/Machinarium_Cable_Interact_42.json(entrada = 1846) (salida = 132)(desinflado 92%)
agregando: Server/Item/Block/Hitboxes/Machinarium/Machinarium_Cable_Interact_43.json(entrada = 2298) (salida = 146)(desinflado 93%)
agregando: Server/Item/Block/Hitboxes/Machinarium/Machinarium_Cable_Interact_44.json(entrada = 1845) (salida = 129)(desinflado 93%)
agregando: Server/Item/Block/Hitboxes/Machinarium/Machinarium_Cable_Interact_45.json(entrada = 2297) (salida = 143)(desinflado 93%)
agregando: Server/Item/Block/Hitboxes/Machinarium/Machinarium_Cable_Interact_46.json(entrada = 2297) (salida = 140)(desinflado 93%)
agregando: Server/Item/Block/Hitboxes/Machinarium/Machinarium_Cable_Interact_47.json(entrada = 2749) (salida = 153)(desinflado 94%)
agregando: Server/Item/Block/Hitboxes/Machinarium/Machinarium_Cable_Interact_48.json(entrada = 1395) (salida = 116)(desinflado 91%)
agregando: Server/Item/Block/Hitboxes/Machinarium/Machinarium_Cable_Interact_49.json(entrada = 1847) (salida = 130)(desinflado 92%)
agregando: Server/Item/Block/Hitboxes/Machinarium/Machinarium_Cable_Interact_50.json(entrada = 1847) (salida = 129)(desinflado 93%)
agregando: Server/Item/Block/Hitboxes/Machinarium/Machinarium_Cable_Interact_51.json(entrada = 2299) (salida = 142)(desinflado 93%)
agregando: Server/Item/Block/Hitboxes/Machinarium/Machinarium_Cable_Interact_52.json(entrada = 1846) (salida = 130)(desinflado 92%)
agregando: Server/Item/Block/Hitboxes/Machinarium/Machinarium_Cable_Interact_53.json(entrada = 2298) (salida = 144)(desinflado 93%)
agregando: Server/Item/Block/Hitboxes/Machinarium/Machinarium_Cable_Interact_54.json(entrada = 2298) (salida = 141)(desinflado 93%)
agregando: Server/Item/Block/Hitboxes/Machinarium/Machinarium_Cable_Interact_55.json(entrada = 2750) (salida = 154)(desinflado 94%)
agregando: Server/Item/Block/Hitboxes/Machinarium/Machinarium_Cable_Interact_56.json(entrada = 1846) (salida = 126)(desinflado 93%)
agregando: Server/Item/Block/Hitboxes/Machinarium/Machinarium_Cable_Interact_57.json(entrada = 2298) (salida = 142)(desinflado 93%)
agregando: Server/Item/Block/Hitboxes/Machinarium/Machinarium_Cable_Interact_58.json(entrada = 2298) (salida = 141)(desinflado 93%)
agregando: Server/Item/Block/Hitboxes/Machinarium/Machinarium_Cable_Interact_59.json(entrada = 2750) (salida = 154)(desinflado 94%)
agregando: Server/Item/Block/Hitboxes/Machinarium/Machinarium_Cable_Interact_60.json(entrada = 2297) (salida = 139)(desinflado 93%)
agregando: Server/Item/Block/Hitboxes/Machinarium/Machinarium_Cable_Interact_61.json(entrada = 2749) (salida = 154)(desinflado 94%)
agregando: Server/Item/Block/Hitboxes/Machinarium/Machinarium_Cable_Interact_62.json(entrada = 2749) (salida = 150)(desinflado 94%)
agregando: Server/Item/Block/Hitboxes/Machinarium/Machinarium_Cable_Interact_63.json(entrada = 3201) (salida = 163)(desinflado 94%)
agregando: Server/Item/Block/Hitboxes/Machinarium/Machinarium_Electric_Furnace_1x1_Tall copy.json(entrada = 195) (salida = 77)(desinflado 60%)
agregando: Server/Item/Block/Hitboxes/Machinarium/Machinarium_Electric_Furnace_1x1_Tall.json(entrada = 193) (salida = 76)(desinflado 60%)
agregando: Server/Item/Block/Hitboxes/Machinarium/Machinarium_Wind_Turbine_1x1_Tall.json(entrada = 190) (salida = 74)(desinflado 61%)
agregando: Server/Item/Block/Hitboxes/Machinarium/Machinarium_cable_thin.json(entrada = 212) (salida = 85)(desinflado 59%)
agregando: Server/Item/Block/Hitboxes/Machinarium/Machinarium_cable_thin_wall.json(entrada = 222) (salida = 88)(desinflado 60%)
agregando: Server/Item/Interactions/(entrada = 0) (salida = 0)(almacenado 0%)
agregando: Server/Item/Interactions/Block/(entrada = 0) (salida = 0)(almacenado 0%)
agregando: Server/Item/Interactions/Block/Machinarium_Open_Powered_Bench.json(entrada = 50) (salida = 52)(desinflado -4%)
agregando: Server/Item/Items/(entrada = 0) (salida = 0)(almacenado 0%)
agregando: Server/Item/Items/Armor/(entrada = 0) (salida = 0)(almacenado 0%)
agregando: Server/Item/Items/Armor/Bronze/(entrada = 0) (salida = 0)(almacenado 0%)
agregando: Server/Item/Items/Armor/Bronze/Armor_Bronze_Chest.json(entrada = 1625) (salida = 596)(desinflado 63%)
agregando: Server/Item/Items/Armor/Bronze/Armor_Bronze_Hands.json(entrada = 1544) (salida = 559)(desinflado 63%)
agregando: Server/Item/Items/Armor/Bronze/Armor_Bronze_Head.json(entrada = 1649) (salida = 595)(desinflado 63%)
agregando: Server/Item/Items/Armor/Bronze/Armor_Bronze_Legs.json(entrada = 1766) (salida = 637)(desinflado 63%)
agregando: Server/Item/Items/Armor/Bronze_Ornate/(entrada = 0) (salida = 0)(almacenado 0%)
agregando: Server/Item/Items/Armor/Bronze_Ornate/Armor_Bronze_Ornate_Chest.json(entrada = 1824) (salida = 644)(desinflado 64%)
agregando: Server/Item/Items/Armor/Bronze_Ornate/Armor_Bronze_Ornate_Hands.json(entrada = 1776) (salida = 621)(desinflado 65%)
agregando: Server/Item/Items/Armor/Bronze_Ornate/Armor_Bronze_Ornate_Head.json(entrada = 1889) (salida = 670)(desinflado 64%)
agregando: Server/Item/Items/Machinarium_AI_Control_Unit.json(entrada = 838) (salida = 380)(desinflado 54%)
agregando: Server/Item/Items/Machinarium_Acid_Solution.json(entrada = 834) (salida = 378)(desinflado 54%)
agregando: Server/Item/Items/Machinarium_Adamantite_Powder.json(entrada = 1162) (salida = 461)(desinflado 60%)
agregando: Server/Item/Items/Machinarium_Advanced_Circuit.json(entrada = 840) (salida = 381)(desinflado 54%)
agregando: Server/Item/Items/Machinarium_Advanced_Machine_Frame.json(entrada = 852) (salida = 382)(desinflado 55%)
agregando: Server/Item/Items/Machinarium_Advanced_Processor.json(entrada = 844) (salida = 381)(desinflado 54%)
agregando: Server/Item/Items/Machinarium_Advanced_Reactor_Casing.json(entrada = 854) (salida = 389)(desinflado 54%)
agregando: Server/Item/Items/Machinarium_Aerospace_Frame.json(entrada = 838) (salida = 380)(desinflado 54%)
agregando: Server/Item/Items/Machinarium_Alloy_Constantan.json(entrada = 1326) (salida = 489)(desinflado 63%)
agregando: Server/Item/Items/Machinarium_Alloy_Constantan_Powder.json(entrada = 1183) (salida = 463)(desinflado 60%)
agregando: Server/Item/Items/Machinarium_Alloy_Electrum.json(entrada = 1305) (salida = 478)(desinflado 63%)
agregando: Server/Item/Items/Machinarium_Alloy_Electrum_Powder.json(entrada = 1173) (salida = 461)(desinflado 60%)
agregando: Server/Item/Items/Machinarium_Alloy_Invar.json(entrada = 1293) (salida = 482)(desinflado 62%)
agregando: Server/Item/Items/Machinarium_Alloy_Invar_Powder.json(entrada = 1158) (salida = 459)(desinflado 60%)
agregando: Server/Item/Items/Machinarium_Alloy_Smelter.json(entrada = 3426) (salida = 995)(desinflado 70%)
agregando: Server/Item/Items/Machinarium_Alloy_Smelter_T1.json(entrada = 3548) (salida = 1001)(desinflado 71%)
agregando: Server/Item/Items/Machinarium_Alloy_Smelter_T2.json(entrada = 3544) (salida = 1000)(desinflado 71%)
agregando: Server/Item/Items/Machinarium_Alloy_Smelter_T3.json(entrada = 3638) (salida = 1017)(desinflado 72%)
agregando: Server/Item/Items/Machinarium_Alloy_Smelter_T4.json(entrada = 3638) (salida = 1018)(desinflado 72%)
agregando: Server/Item/Items/Machinarium_Alloy_Smelter_T5.json(entrada = 3639) (salida = 1016)(desinflado 72%)
agregando: Server/Item/Items/Machinarium_Alloy_Steel.json(entrada = 1296) (salida = 483)(desinflado 62%)
agregando: Server/Item/Items/Machinarium_Alloy_Steel_Powder.json(entrada = 1158) (salida = 459)(desinflado 60%)
agregando: Server/Item/Items/Machinarium_Aluminum_Ingot.json(entrada = 835) (salida = 360)(desinflado 56%)
agregando: Server/Item/Items/Machinarium_Aluminum_Powder.json(entrada = 1155) (salida = 455)(desinflado 60%)
agregando: Server/Item/Items/Machinarium_Arc_Furnace.json(entrada = 0) (salida = 0)(almacenado 0%)
agregando: Server/Item/Items/Machinarium_Armor_Plating.json(entrada = 834) (salida = 377)(desinflado 54%)
agregando: Server/Item/Items/Machinarium_Basic_Circuits.json(entrada = 836) (salida = 380)(desinflado 54%)
agregando: Server/Item/Items/Machinarium_Battery.json(entrada = 1993) (salida = 718)(desinflado 63%)
agregando: Server/Item/Items/Machinarium_Battery_Casing.json(entrada = 836) (salida = 379)(desinflado 54%)
agregando: Server/Item/Items/Machinarium_Battery_Cell.json(entrada = 832) (salida = 378)(desinflado 54%)
agregando: Server/Item/Items/Machinarium_Battery_Pack.json(entrada = 832) (salida = 379)(desinflado 54%)
agregando: Server/Item/Items/Machinarium_Battery_T1.json(entrada = 2022) (salida = 715)(desinflado 64%)
agregando: Server/Item/Items/Machinarium_Battery_T2.json(entrada = 2018) (salida = 712)(desinflado 64%)
agregando: Server/Item/Items/Machinarium_Battery_T3.json(entrada = 2020) (salida = 713)(desinflado 64%)
agregando: Server/Item/Items/Machinarium_Battery_T4.json(entrada = 2109) (salida = 725)(desinflado 65%)
agregando: Server/Item/Items/Machinarium_Battery_T5.json(entrada = 2116) (salida = 727)(desinflado 65%)
agregando: Server/Item/Items/Machinarium_Bearing.json(entrada = 822) (salida = 374)(desinflado 54%)
agregando: Server/Item/Items/Machinarium_Bolted_Frame.json(entrada = 832) (salida = 378)(desinflado 54%)
agregando: Server/Item/Items/Machinarium_Bolts.json(entrada = 818) (salida = 373)(desinflado 54%)
agregando: Server/Item/Items/Machinarium_Border_Torch.json(entrada = 1117) (salida = 467)(desinflado 58%)
agregando: Server/Item/Items/Machinarium_Breeder_Catalyst.json(entrada = 840) (salida = 381)(desinflado 54%)
agregando: Server/Item/Items/Machinarium_Breeder_Reactor_Module.json(entrada = 852) (salida = 384)(desinflado 54%)
agregando: Server/Item/Items/Machinarium_Breeder_Reactor_Module_Machine.json(entrada = 0) (salida = 0)(almacenado 0%)
agregando: Server/Item/Items/Machinarium_Bronze_Blend.json(entrada = 1298) (salida = 499)(desinflado 61%)
agregando: Server/Item/Items/Machinarium_Cable_Tool.json(entrada = 432) (salida = 219)(desinflado 49%)
agregando: Server/Item/Items/Machinarium_Cable_Upgrade_Tool.json(entrada = 941) (salida = 406)(desinflado 56%)
agregando: Server/Item/Items/Machinarium_Capacitor_Bank.json(entrada = 836) (salida = 379)(desinflado 54%)
agregando: Server/Item/Items/Machinarium_Catalyst_Bed.json(entrada = 832) (salida = 379)(desinflado 54%)
agregando: Server/Item/Items/Machinarium_Centrifuge.json(entrada = 0) (salida = 0)(almacenado 0%)
agregando: Server/Item/Items/Machinarium_Charging_Port.json(entrada = 834) (salida = 379)(desinflado 54%)
agregando: Server/Item/Items/Machinarium_Chemical_Canister.json(entrada = 842) (salida = 383)(desinflado 54%)
agregando: Server/Item/Items/Machinarium_Chemical_Leacher.json(entrada = 0) (salida = 0)(almacenado 0%)
agregando: Server/Item/Items/Machinarium_Chromium_Ingot.json(entrada = 835) (salida = 359)(desinflado 57%)
agregando: Server/Item/Items/Machinarium_Chromium_Powder.json(entrada = 1155) (salida = 455)(desinflado 60%)
agregando: Server/Item/Items/Machinarium_Circuit_Board.json(entrada = 1285) (salida = 478)(desinflado 62%)
agregando: Server/Item/Items/Machinarium_Cobalt_Powder.json(entrada = 1142) (salida = 460)(desinflado 59%)
agregando: Server/Item/Items/Machinarium_Combustion_Chamber.json(entrada = 844) (salida = 382)(desinflado 54%)
agregando: Server/Item/Items/Machinarium_Composite_Alloy_Ingot.json(entrada = 1448) (salida = 501)(desinflado 65%)
agregando: Server/Item/Items/Machinarium_Composite_Alloy_Powder.json(entrada = 1190) (salida = 464)(desinflado 61%)
agregando: Server/Item/Items/Machinarium_Composite_Binder.json(entrada = 840) (salida = 381)(desinflado 54%)
agregando: Server/Item/Items/Machinarium_Composite_Panel.json(entrada = 838) (salida = 381)(desinflado 54%)
agregando: Server/Item/Items/Machinarium_Composite_Shielding_Plate.json(entrada = 858) (salida = 387)(desinflado 54%)
agregando: Server/Item/Items/Machinarium_Compressor_Disk.json(entrada = 838) (salida = 381)(desinflado 54%)
agregando: Server/Item/Items/Machinarium_Containment_Barrel.json(entrada = 844) (salida = 382)(desinflado 54%)
agregando: Server/Item/Items/Machinarium_Containment_Dome_Segment.json(entrada = 856) (salida = 385)(desinflado 55%)
agregando: Server/Item/Items/Machinarium_Control_Module.json(entrada = 836) (salida = 379)(desinflado 54%)
agregando: Server/Item/Items/Machinarium_Control_Rod_Assembly.json(entrada = 848) (salida = 385)(desinflado 54%)
agregando: Server/Item/Items/Machinarium_Coolant_Fluid.json(entrada = 834) (salida = 380)(desinflado 54%)
agregando: Server/Item/Items/Machinarium_Cooling_Cell.json(entrada = 832) (salida = 378)(desinflado 54%)
agregando: Server/Item/Items/Machinarium_Cooling_Module.json(entrada = 836) (salida = 379)(desinflado 54%)
agregando: Server/Item/Items/Machinarium_Copper_Cable.json(entrada = 832) (salida = 379)(desinflado 54%)
agregando: Server/Item/Items/Machinarium_Copper_Powder.json(entrada = 1142) (salida = 460)(desinflado 59%)
agregando: Server/Item/Items/Machinarium_Copper_Wire.json(entrada = 830) (salida = 378)(desinflado 54%)
agregando: Server/Item/Items/Machinarium_Core_Stabilizer.json(entrada = 838) (salida = 381)(desinflado 54%)
agregando: Server/Item/Items/Machinarium_Corrosion_Proof_Casing.json(entrada = 852) (salida = 384)(desinflado 54%)
agregando: Server/Item/Items/Machinarium_Cryogenic_Cooler.json(entrada = 840) (salida = 381)(desinflado 54%)
agregando: Server/Item/Items/Machinarium_Data_Bus_Cable.json(entrada = 836) (salida = 380)(desinflado 54%)
agregando: Server/Item/Items/Machinarium_Dense_Composite_Plate.json(entrada = 850) (salida = 384)(desinflado 54%)
agregando: Server/Item/Items/Machinarium_Dense_Counterweight.json(entrada = 846) (salida = 384)(desinflado 54%)
agregando: Server/Item/Items/Machinarium_Distillation_Column.json(entrada = 0) (salida = 0)(almacenado 0%)
agregando: Server/Item/Items/Machinarium_Electric_Furnace.json(entrada = 11532) (salida = 1507)(desinflado 86%)
agregando: Server/Item/Items/Machinarium_Electric_Furnace_T1.json(entrada = 11555) (salida = 1500)(desinflado 87%)
agregando: Server/Item/Items/Machinarium_Electric_Furnace_T2.json(entrada = 11551) (salida = 1505)(desinflado 86%)
agregando: Server/Item/Items/Machinarium_Electric_Furnace_T3.json(entrada = 11733) (salida = 1535)(desinflado 86%)
agregando: Server/Item/Items/Machinarium_Electric_Furnace_T4.json(entrada = 11645) (salida = 1528)(desinflado 86%)
agregando: Server/Item/Items/Machinarium_Electric_Furnace_T5.json(entrada = 11646) (salida = 1519)(desinflado 86%)
agregando: Server/Item/Items/Machinarium_Electrical_Workbench.json(entrada = 2475) (salida = 811)(desinflado 67%)
agregando: Server/Item/Items/Machinarium_Electrolyte_Gel.json(entrada = 838) (salida = 381)(desinflado 54%)
agregando: Server/Item/Items/Machinarium_Electrolyzer.json(entrada = 0) (salida = 0)(almacenado 0%)
agregando: Server/Item/Items/Machinarium_Electrolyzer_Membrane.json(entrada = 850) (salida = 385)(desinflado 54%)
agregando: Server/Item/Items/Machinarium_Electronic_Chip.json(entrada = 838) (salida = 380)(desinflado 54%)
agregando: Server/Item/Items/Machinarium_Elite_Gear_Set.json(entrada = 836) (salida = 380)(desinflado 54%)
agregando: Server/Item/Items/Machinarium_Emergency_SCRAM_Unit.json(entrada = 848) (salida = 385)(desinflado 54%)
agregando: Server/Item/Items/Machinarium_Emergency_Shutdown_Module.json(entrada = 858) (salida = 387)(desinflado 54%)
agregando: Server/Item/Items/Machinarium_Energy_Cable.json(entrada = 213998) (salida = 6014)(desinflado 97%)
agregando: Server/Item/Items/Machinarium_Energy_Cable_T1.json(entrada = 152033) (salida = 3854)(desinflado 97%)
agregando: Server/Item/Items/Machinarium_Energy_Cable_T2.json(entrada = 152040) (salida = 3861)(desinflado 97%)
agregando: Server/Item/Items/Machinarium_Energy_Cable_T3.json(entrada = 152040) (salida = 3859)(desinflado 97%)
agregando: Server/Item/Items/Machinarium_Energy_Cable_T4.json(entrada = 152047) (salida = 3864)(desinflado 97%)
agregando: Server/Item/Items/Machinarium_Energy_Cable_T5.json(entrada = 152045) (salida = 3863)(desinflado 97%)
agregando: Server/Item/Items/Machinarium_Energy_Matrix.json(entrada = 834) (salida = 380)(desinflado 54%)
agregando: Server/Item/Items/Machinarium_Energy_Regulator.json(entrada = 840) (salida = 381)(desinflado 54%)
agregando: Server/Item/Items/Machinarium_Energy_Storage_Pack.json(entrada = 846) (salida = 382)(desinflado 54%)
agregando: Server/Item/Items/Machinarium_Enriched_Uranium.json(entrada = 840) (salida = 381)(desinflado 54%)
agregando: Server/Item/Items/Machinarium_Filter.json(entrada = 820) (salida = 374)(desinflado 54%)
agregando: Server/Item/Items/Machinarium_Fluid_Sensor.json(entrada = 832) (salida = 379)(desinflado 54%)
agregando: Server/Item/Items/Machinarium_Fluid_Tank.json(entrada = 828) (salida = 378)(desinflado 54%)
agregando: Server/Item/Items/Machinarium_Fuel_Assembly.json(entrada = 834) (salida = 380)(desinflado 54%)
agregando: Server/Item/Items/Machinarium_Fuel_Rod.json(entrada = 824) (salida = 376)(desinflado 54%)
agregando: Server/Item/Items/Machinarium_Furnace_Lining.json(entrada = 836) (salida = 380)(desinflado 54%)
agregando: Server/Item/Items/Machinarium_Fusion_Igniter.json(entrada = 0) (salida = 0)(almacenado 0%)
agregando: Server/Item/Items/Machinarium_Fusion_Ignition_Pellet.json(entrada = 852) (salida = 384)(desinflado 54%)
agregando: Server/Item/Items/Machinarium_Gearbox.json(entrada = 822) (salida = 376)(desinflado 54%)
agregando: Server/Item/Items/Machinarium_Gears.json(entrada = 1155) (salida = 458)(desinflado 60%)
agregando: Server/Item/Items/Machinarium_Glass_Fiber.json(entrada = 830) (salida = 378)(desinflado 54%)
agregando: Server/Item/Items/Machinarium_Gold_Powder.json(entrada = 1132) (salida = 458)(desinflado 59%)
agregando: Server/Item/Items/Machinarium_Grinder.json(entrada = 0) (salida = 0)(almacenado 0%)
agregando: Server/Item/Items/Machinarium_Hardened_Machine_Parts.json(entrada = 852) (salida = 382)(desinflado 55%)
agregando: Server/Item/Items/Machinarium_Hazard_Containment_Unit.json(entrada = 854) (salida = 390)(desinflado 54%)
agregando: Server/Item/Items/Machinarium_Heat_Exchanger.json(entrada = 836) (salida = 381)(desinflado 54%)
agregando: Server/Item/Items/Machinarium_Heat_Resistant_Nozzle_Liner.json(entrada = 862) (salida = 390)(desinflado 54%)
agregando: Server/Item/Items/Machinarium_Heat_Resistant_Plates.json(entrada = 850) (salida = 384)(desinflado 54%)
agregando: Server/Item/Items/Machinarium_Heat_Resistant_Tubing.json(entrada = 850) (salida = 385)(desinflado 54%)
agregando: Server/Item/Items/Machinarium_Heat_Sink.json(entrada = 826) (salida = 377)(desinflado 54%)
agregando: Server/Item/Items/Machinarium_Heating_Coil.json(entrada = 832) (salida = 378)(desinflado 54%)
agregando: Server/Item/Items/Machinarium_Heatproof_Alloy_Casing.json(entrada = 852) (salida = 384)(desinflado 54%)
agregando: Server/Item/Items/Machinarium_Heavy_Duty_Tools.json(entrada = 840) (salida = 382)(desinflado 54%)
agregando: Server/Item/Items/Machinarium_Heavy_Spring.json(entrada = 1174) (salida = 455)(desinflado 61%)
agregando: Server/Item/Items/Machinarium_Heavy_Tool_Heads.json(entrada = 840) (salida = 381)(desinflado 54%)
agregando: Server/Item/Items/Machinarium_High_Capacity_Battery.json(entrada = 850) (salida = 385)(desinflado 54%)
agregando: Server/Item/Items/Machinarium_High_Density_Capacitor.json(entrada = 852) (salida = 386)(desinflado 54%)
agregando: Server/Item/Items/Machinarium_High_Output_Reactor_Core.json(entrada = 856) (salida = 388)(desinflado 54%)
agregando: Server/Item/Items/Machinarium_High_Temperature_Crucible.json(entrada = 858) (salida = 387)(desinflado 54%)
agregando: Server/Item/Items/Machinarium_High_Tier_Alloy_Blend.json(entrada = 1443) (salida = 499)(desinflado 65%)
agregando: Server/Item/Items/Machinarium_High_Tier_Alloy_Blend_Powder.json(entrada = 1214) (salida = 475)(desinflado 60%)
agregando: Server/Item/Items/Machinarium_High_Tier_Casing.json(entrada = 840) (salida = 381)(desinflado 54%)
agregando: Server/Item/Items/Machinarium_High_Voltage_Coil.json(entrada = 842) (salida = 384)(desinflado 54%)
agregando: Server/Item/Items/Machinarium_Hydraulic_Piston.json(entrada = 840) (salida = 381)(desinflado 54%)
agregando: Server/Item/Items/Machinarium_Industrial_Blades.json(entrada = 842) (salida = 381)(desinflado 54%)
agregando: Server/Item/Items/Machinarium_Industrial_Shaft.json(entrada = 840) (salida = 381)(desinflado 54%)
agregando: Server/Item/Items/Machinarium_Industrial_Solvent.json(entrada = 844) (salida = 383)(desinflado 54%)
agregando: Server/Item/Items/Machinarium_Insulated_Cable.json(entrada = 838) (salida = 381)(desinflado 54%)
agregando: Server/Item/Items/Machinarium_Iron_Powder.json(entrada = 1132) (salida = 458)(desinflado 59%)
agregando: Server/Item/Items/Machinarium_Isotope_Separator.json(entrada = 842) (salida = 380)(desinflado 54%)
agregando: Server/Item/Items/Machinarium_Isotope_Separator_Machine.json(entrada = 0) (salida = 0)(almacenado 0%)
agregando: Server/Item/Items/Machinarium_Item_Cable.json(entrada = 215833) (salida = 5990)(desinflado 97%)
agregando: Server/Item/Items/Machinarium_Item_Cable_T1.json(entrada = 151944) (salida = 3828)(desinflado 97%)
agregando: Server/Item/Items/Machinarium_Item_Cable_T2.json(entrada = 151950) (salida = 3831)(desinflado 97%)
agregando: Server/Item/Items/Machinarium_Item_Cable_T3.json(entrada = 151948) (salida = 3829)(desinflado 97%)
agregando: Server/Item/Items/Machinarium_Item_Cable_T4.json(entrada = 151954) (salida = 3833)(desinflado 97%)
agregando: Server/Item/Items/Machinarium_Item_Cable_T5.json(entrada = 151952) (salida = 3833)(desinflado 97%)
agregando: Server/Item/Items/Machinarium_Jet_Turbine_Parts.json(entrada = 842) (salida = 382)(desinflado 54%)
agregando: Server/Item/Items/Machinarium_Large_Battery.json(entrada = 1240) (salida = 464)(desinflado 62%)
agregando: Server/Item/Items/Machinarium_Lead_Shielding_Block.json(entrada = 848) (salida = 384)(desinflado 54%)
agregando: Server/Item/Items/Machinarium_Lightweight_Armor_Plate.json(entrada = 854) (salida = 386)(desinflado 54%)
agregando: Server/Item/Items/Machinarium_Lightweight_Casing.json(entrada = 844) (salida = 383)(desinflado 54%)
agregando: Server/Item/Items/Machinarium_Lithium_Battery.json(entrada = 838) (salida = 379)(desinflado 54%)
agregando: Server/Item/Items/Machinarium_Lithium_Ingot.json(entrada = 831) (salida = 358)(desinflado 56%)
agregando: Server/Item/Items/Machinarium_Lithium_Powder.json(entrada = 1150) (salida = 454)(desinflado 60%)
agregando: Server/Item/Items/Machinarium_Logic_Controller.json(entrada = 840) (salida = 381)(desinflado 54%)
agregando: Server/Item/Items/Machinarium_Logic_Gate_Set.json(entrada = 836) (salida = 381)(desinflado 54%)
agregando: Server/Item/Items/Machinarium_Lubricant.json(entrada = 826) (salida = 377)(desinflado 54%)
agregando: Server/Item/Items/Machinarium_MOX_Fuel_Rod.json(entrada = 832) (salida = 381)(desinflado 54%)
agregando: Server/Item/Items/Machinarium_Machine_Chassis.json(entrada = 838) (salida = 378)(desinflado 54%)
agregando: Server/Item/Items/Machinarium_Machine_Frame.json(entrada = 2105) (salida = 692)(desinflado 67%)
agregando: Server/Item/Items/Machinarium_Manganese_Ingot.json(entrada = 839) (salida = 360)(desinflado 57%)
agregando: Server/Item/Items/Machinarium_Manganese_Powder.json(entrada = 1160) (salida = 456)(desinflado 60%)
agregando: Server/Item/Items/Machinarium_Mechanical_Actuator.json(entrada = 846) (salida = 384)(desinflado 54%)
agregando: Server/Item/Items/Machinarium_Metal_Plate.json(entrada = 1189) (salida = 464)(desinflado 60%)
agregando: Server/Item/Items/Machinarium_Metal_Plate_Press.json(entrada = 1123) (salida = 465)(desinflado 58%)
agregando: Server/Item/Items/Machinarium_Metal_Rod.json(entrada = 1163) (salida = 460)(desinflado 60%)
agregando: Server/Item/Items/Machinarium_Motor.json(entrada = 818) (salida = 373)(desinflado 54%)
agregando: Server/Item/Items/Machinarium_Motor_Rotor.json(entrada = 830) (salida = 377)(desinflado 54%)
agregando: Server/Item/Items/Machinarium_Motor_Stator.json(entrada = 832) (salida = 378)(desinflado 54%)
agregando: Server/Item/Items/Machinarium_Neutron_Absorber_Plate.json(entrada = 852) (salida = 384)(desinflado 54%)
agregando: Server/Item/Items/Machinarium_Neutron_Moderator.json(entrada = 842) (salida = 379)(desinflado 54%)
agregando: Server/Item/Items/Machinarium_Neutron_Reflector.json(entrada = 842) (salida = 381)(desinflado 54%)
agregando: Server/Item/Items/Machinarium_Nichrome_Coil.json(entrada = 834) (salida = 380)(desinflado 54%)
agregando: Server/Item/Items/Machinarium_Nickel_Ingot.json(entrada = 827) (salida = 358)(desinflado 56%)
agregando: Server/Item/Items/Machinarium_Nickel_Powder.json(entrada = 1145) (salida = 454)(desinflado 60%)
agregando: Server/Item/Items/Machinarium_Nuclear_Reprocessing_Acid.json(entrada = 858) (salida = 388)(desinflado 54%)
agregando: Server/Item/Items/Machinarium_Nuclear_Waste_Barrel.json(entrada = 848) (salida = 386)(desinflado 54%)
agregando: Server/Item/Items/Machinarium_Ore_Chips.json(entrada = 750) (salida = 353)(desinflado 52%)
agregando: Server/Item/Items/Machinarium_Ore_Crusher.json(entrada = 3434) (salida = 997)(desinflado 70%)
agregando: Server/Item/Items/Machinarium_Ore_Crusher_T1.json(entrada = 3503) (salida = 995)(desinflado 71%)
agregando: Server/Item/Items/Machinarium_Ore_Crusher_T2.json(entrada = 3499) (salida = 994)(desinflado 71%)
agregando: Server/Item/Items/Machinarium_Ore_Crusher_T3.json(entrada = 3593) (salida = 1006)(desinflado 72%)
agregando: Server/Item/Items/Machinarium_Ore_Crusher_T4.json(entrada = 3593) (salida = 1009)(desinflado 71%)
agregando: Server/Item/Items/Machinarium_Ore_Crusher_T5.json(entrada = 3594) (salida = 1008)(desinflado 71%)
agregando: Server/Item/Items/Machinarium_Ore_Washer.json(entrada = 0) (salida = 0)(almacenado 0%)
agregando: Server/Item/Items/Machinarium_Plutonium_Charge_Capsule.json(entrada = 856) (salida = 385)(desinflado 55%)
agregando: Server/Item/Items/Machinarium_Plutonium_Core.json(entrada = 836) (salida = 378)(desinflado 54%)
agregando: Server/Item/Items/Machinarium_Plutonium_Fuel_Pellet.json(entrada = 850) (salida = 383)(desinflado 54%)
agregando: Server/Item/Items/Machinarium_Plutonium_Fuel_Rod.json(entrada = 844) (salida = 382)(desinflado 54%)
agregando: Server/Item/Items/Machinarium_Plutonium_Ingot.json(entrada = 841) (salida = 360)(desinflado 57%)
agregando: Server/Item/Items/Machinarium_Plutonium_Slurry.json(entrada = 840) (salida = 380)(desinflado 54%)
agregando: Server/Item/Items/Machinarium_Polymer_Resin.json(entrada = 834) (salida = 379)(desinflado 54%)
agregando: Server/Item/Items/Machinarium_Portable_Power_Unit.json(entrada = 846) (salida = 383)(desinflado 54%)
agregando: Server/Item/Items/Machinarium_Power_Conduit.json(entrada = 834) (salida = 379)(desinflado 54%)
agregando: Server/Item/Items/Machinarium_Power_Distribution_Hub.json(entrada = 852) (salida = 384)(desinflado 54%)
agregando: Server/Item/Items/Machinarium_Power_Regulator.json(entrada = 838) (salida = 380)(desinflado 54%)
agregando: Server/Item/Items/Machinarium_Power_Relay.json(entrada = 830) (salida = 377)(desinflado 54%)
agregando: Server/Item/Items/Machinarium_Precision_Drill_Head.json(entrada = 848) (salida = 383)(desinflado 54%)
agregando: Server/Item/Items/Machinarium_Pressure_Vessel.json(entrada = 838) (salida = 381)(desinflado 54%)
agregando: Server/Item/Items/Machinarium_Pressurized_Pipe_Segment.json(entrada = 856) (salida = 387)(desinflado 54%)
agregando: Server/Item/Items/Machinarium_Printed_Circuit_Board.json(entrada = 850) (salida = 384)(desinflado 54%)
agregando: Server/Item/Items/Machinarium_Processor.json(entrada = 826) (salida = 376)(desinflado 54%)
agregando: Server/Item/Items/Machinarium_Processor_Unit.json(entrada = 836) (salida = 380)(desinflado 54%)
agregando: Server/Item/Items/Machinarium_Programmable_Chip.json(entrada = 842) (salida = 382)(desinflado 54%)
agregando: Server/Item/Items/Machinarium_Pump.json(entrada = 816) (salida = 372)(desinflado 54%)
agregando: Server/Item/Items/Machinarium_Quantum_Assembler.json(entrada = 0) (salida = 0)(almacenado 0%)
agregando: Server/Item/Items/Machinarium_Quantum_Core.json(entrada = 832) (salida = 378)(desinflado 54%)
agregando: Server/Item/Items/Machinarium_Quantum_Reactor_Cell.json(entrada = 848) (salida = 383)(desinflado 54%)
agregando: Server/Item/Items/Machinarium_Quarry.json(entrada = 2444) (salida = 810)(desinflado 66%)
agregando: Server/Item/Items/Machinarium_Quarry_Border.json(entrada = 7604) (salida = 712)(desinflado 90%)
agregando: Server/Item/Items/Machinarium_Quarry_T1.json(entrada = 6537) (salida = 937)(desinflado 85%)
agregando: Server/Item/Items/Machinarium_Quarry_T2.json(entrada = 6536) (salida = 939)(desinflado 85%)
agregando: Server/Item/Items/Machinarium_Quarry_T3.json(entrada = 6538) (salida = 935)(desinflado 85%)
agregando: Server/Item/Items/Machinarium_Quarry_T4.json(entrada = 6740) (salida = 949)(desinflado 85%)
agregando: Server/Item/Items/Machinarium_Quarry_T5.json(entrada = 6744) (salida = 947)(desinflado 85%)
agregando: Server/Item/Items/Machinarium_Radiation_Filter.json(entrada = 840) (salida = 379)(desinflado 54%)
agregando: Server/Item/Items/Machinarium_Radiation_Sealant.json(entrada = 842) (salida = 379)(desinflado 54%)
agregando: Server/Item/Items/Machinarium_Radiation_Shielding.json(entrada = 846) (salida = 381)(desinflado 54%)
agregando: Server/Item/Items/Machinarium_Radiation_Suit_Fabric.json(entrada = 850) (salida = 383)(desinflado 54%)
agregando: Server/Item/Items/Machinarium_Radiator_Panel.json(entrada = 836) (salida = 380)(desinflado 54%)
agregando: Server/Item/Items/Machinarium_Reactor_Coolant_Cell.json(entrada = 848) (salida = 383)(desinflado 54%)
agregando: Server/Item/Items/Machinarium_Reactor_Core_Segment.json(entrada = 848) (salida = 384)(desinflado 54%)
agregando: Server/Item/Items/Machinarium_Reactor_Monitoring_Unit.json(entrada = 854) (salida = 385)(desinflado 54%)
agregando: Server/Item/Items/Machinarium_Reactor_Shielding_Casing.json(entrada = 856) (salida = 386)(desinflado 54%)
agregando: Server/Item/Items/Machinarium_Reactor_Shielding_Plate.json(entrada = 854) (salida = 385)(desinflado 54%)
agregando: Server/Item/Items/Machinarium_Reactor_Vent.json(entrada = 832) (salida = 379)(desinflado 54%)
agregando: Server/Item/Items/Machinarium_Reactor_Vessel_Lining.json(entrada = 850) (salida = 386)(desinflado 54%)
agregando: Server/Item/Items/Machinarium_Reinforced_Bunker_Wall.json(entrada = 852) (salida = 387)(desinflado 54%)
agregando: Server/Item/Items/Machinarium_Reinforced_Engine_Parts.json(entrada = 854) (salida = 386)(desinflado 54%)
agregando: Server/Item/Items/Machinarium_Reinforced_Frame.json(entrada = 2173) (salida = 698)(desinflado 67%)
agregando: Server/Item/Items/Machinarium_Reinforced_Gears.json(entrada = 1278) (salida = 478)(desinflado 62%)
agregando: Server/Item/Items/Machinarium_Reinforced_Plate.json(entrada = 1307) (salida = 488)(desinflado 62%)
agregando: Server/Item/Items/Machinarium_Reinforced_Rod.json(entrada = 1274) (salida = 481)(desinflado 62%)
agregando: Server/Item/Items/Machinarium_Reprocessed_Nuclear_Waste.json(entrada = 858) (salida = 390)(desinflado 54%)
agregando: Server/Item/Items/Machinarium_Reprocessing_Plant.json(entrada = 0) (salida = 0)(almacenado 0%)
agregando: Server/Item/Items/Machinarium_Rivets.json(entrada = 820) (salida = 374)(desinflado 54%)
agregando: Server/Item/Items/Machinarium_Robotic_Arm.json(entrada = 830) (salida = 378)(desinflado 54%)
agregando: Server/Item/Items/Machinarium_Scrap.json(entrada = 736) (salida = 343)(desinflado 53%)
agregando: Server/Item/Items/Machinarium_Screws.json(entrada = 820) (salida = 374)(desinflado 54%)
agregando: Server/Item/Items/Machinarium_Sensor_Array.json(entrada = 832) (salida = 378)(desinflado 54%)
agregando: Server/Item/Items/Machinarium_Sensor_Module.json(entrada = 834) (salida = 379)(desinflado 54%)
agregando: Server/Item/Items/Machinarium_Servo.json(entrada = 818) (salida = 373)(desinflado 54%)
agregando: Server/Item/Items/Machinarium_Servo_Driver.json(entrada = 832) (salida = 377)(desinflado 54%)
agregando: Server/Item/Items/Machinarium_Shielded_Panel.json(entrada = 836) (salida = 381)(desinflado 54%)
agregando: Server/Item/Items/Machinarium_Shock_Resistant_Frame.json(entrada = 850) (salida = 384)(desinflado 54%)
agregando: Server/Item/Items/Machinarium_Sifter.json(entrada = 0) (salida = 0)(almacenado 0%)
agregando: Server/Item/Items/Machinarium_Silicon.json(entrada = 822) (salida = 375)(desinflado 54%)
agregando: Server/Item/Items/Machinarium_Silicon_Powder.json(entrada = 1144) (salida = 451)(desinflado 60%)
agregando: Server/Item/Items/Machinarium_Silicon_Wafer.json(entrada = 834) (salida = 381)(desinflado 54%)
agregando: Server/Item/Items/Machinarium_Silver_Powder.json(entrada = 1142) (salida = 459)(desinflado 59%)
agregando: Server/Item/Items/Machinarium_Slag.json(entrada = 732) (salida = 342)(desinflado 53%)
agregando: Server/Item/Items/Machinarium_Solar_Cell_Component.json(entrada = 848) (salida = 384)(desinflado 54%)
agregando: Server/Item/Items/Machinarium_Solar_Panel.json(entrada = 3308) (salida = 820)(desinflado 75%)
agregando: Server/Item/Items/Machinarium_Solar_Panel_T1.json(entrada = 3334) (salida = 815)(desinflado 75%)
agregando: Server/Item/Items/Machinarium_Solar_Panel_T2.json(entrada = 3337) (salida = 819)(desinflado 75%)
agregando: Server/Item/Items/Machinarium_Solar_Panel_T3.json(entrada = 3339) (salida = 818)(desinflado 75%)
agregando: Server/Item/Items/Machinarium_Solar_Panel_T4.json(entrada = 3337) (salida = 818)(desinflado 75%)
agregando: Server/Item/Items/Machinarium_Solar_Panel_T5.json(entrada = 3342) (salida = 819)(desinflado 75%)
agregando: Server/Item/Items/Machinarium_Solder_Wire.json(entrada = 830) (salida = 379)(desinflado 54%)
agregando: Server/Item/Items/Machinarium_Spent_Fuel_Rod.json(entrada = 836) (salida = 381)(desinflado 54%)
agregando: Server/Item/Items/Machinarium_Spring.json(entrada = 820) (salida = 374)(desinflado 54%)
agregando: Server/Item/Items/Machinarium_Stone_Dust.json(entrada = 755) (salida = 354)(desinflado 53%)
agregando: Server/Item/Items/Machinarium_Structural_Beam.json(entrada = 838) (salida = 380)(desinflado 54%)
agregando: Server/Item/Items/Machinarium_Structural_Panel.json(entrada = 840) (salida = 382)(desinflado 54%)
agregando: Server/Item/Items/Machinarium_Superalloy_Blend.json(entrada = 1425) (salida = 497)(desinflado 65%)
agregando: Server/Item/Items/Machinarium_Superalloy_Blend_Powder.json(entrada = 1189) (salida = 463)(desinflado 61%)
agregando: Server/Item/Items/Machinarium_Superconductive_Rod.json(entrada = 846) (salida = 383)(desinflado 54%)
agregando: Server/Item/Items/Machinarium_Supercritical_Fuel_Cell.json(entrada = 854) (salida = 386)(desinflado 54%)
agregando: Server/Item/Items/Machinarium_Support_Bracket.json(entrada = 838) (salida = 381)(desinflado 54%)
agregando: Server/Item/Items/Machinarium_Thermal_Insulation.json(entrada = 844) (salida = 380)(desinflado 54%)
agregando: Server/Item/Items/Machinarium_Thermal_Paste.json(entrada = 834) (salida = 380)(desinflado 54%)
agregando: Server/Item/Items/Machinarium_Thermal_Regulator.json(entrada = 842) (salida = 382)(desinflado 54%)
agregando: Server/Item/Items/Machinarium_Thermal_Shielding.json(entrada = 842) (salida = 382)(desinflado 54%)
agregando: Server/Item/Items/Machinarium_Thorium_Powder.json(entrada = 1147) (salida = 454)(desinflado 60%)
agregando: Server/Item/Items/Machinarium_Thruster_Nozzle.json(entrada = 838) (salida = 382)(desinflado 54%)
agregando: Server/Item/Items/Machinarium_Tin_Ingot.json(entrada = 815) (salida = 355)(desinflado 56%)
agregando: Server/Item/Items/Machinarium_Tin_Plating.json(entrada = 830) (salida = 375)(desinflado 54%)
agregando: Server/Item/Items/Machinarium_Tin_Powder.json(entrada = 1130) (salida = 450)(desinflado 60%)
agregando: Server/Item/Items/Machinarium_Titanium_Ingot.json(entrada = 835) (salida = 359)(desinflado 57%)
agregando: Server/Item/Items/Machinarium_Titanium_Plate.json(entrada = 1209) (salida = 462)(desinflado 61%)
agregando: Server/Item/Items/Machinarium_Titanium_Powder.json(entrada = 1155) (salida = 454)(desinflado 60%)
agregando: Server/Item/Items/Machinarium_Titanium_Vanadium_Alloy.json(entrada = 1362) (salida = 483)(desinflado 64%)
agregando: Server/Item/Items/Machinarium_Titanium_Vanadium_Alloy_Powder.json(entrada = 1224) (salida = 470)(desinflado 61%)
agregando: Server/Item/Items/Machinarium_Toxic_Waste_Canister.json(entrada = 848) (salida = 385)(desinflado 54%)
agregando: Server/Item/Items/Machinarium_Transformer_Unit.json(entrada = 840) (salida = 380)(desinflado 54%)
agregando: Server/Item/Items/Machinarium_Tungsten_Carbide_Chunk.json(entrada = 852) (salida = 386)(desinflado 54%)
agregando: Server/Item/Items/Machinarium_Tungsten_Ingot.json(entrada = 835) (salida = 360)(desinflado 56%)
agregando: Server/Item/Items/Machinarium_Tungsten_Plate.json(entrada = 1209) (salida = 463)(desinflado 61%)
agregando: Server/Item/Items/Machinarium_Tungsten_Powder.json(entrada = 1155) (salida = 454)(desinflado 60%)
agregando: Server/Item/Items/Machinarium_Turbine_Blade.json(entrada = 834) (salida = 380)(desinflado 54%)
agregando: Server/Item/Items/Machinarium_Uranium_Fuel_Pellet.json(entrada = 846) (salida = 383)(desinflado 54%)
agregando: Server/Item/Items/Machinarium_Uranium_Ingot.json(entrada = 831) (salida = 358)(desinflado 56%)
agregando: Server/Item/Items/Machinarium_Uranium_Powder.json(entrada = 1150) (salida = 454)(desinflado 60%)
agregando: Server/Item/Items/Machinarium_Valve.json(entrada = 818) (salida = 375)(desinflado 54%)
agregando: Server/Item/Items/Machinarium_Vanadium_Ingot.json(entrada = 835) (salida = 360)(desinflado 56%)
agregando: Server/Item/Items/Machinarium_Vanadium_Powder.json(entrada = 1155) (salida = 455)(desinflado 60%)
agregando: Server/Item/Items/Machinarium_Waste_Reprocessing_Unit.json(entrada = 854) (salida = 388)(desinflado 54%)
agregando: Server/Item/Items/Machinarium_Wind_Turbine.json(entrada = 5626) (salida = 928)(desinflado 83%)
agregando: Server/Item/Items/Machinarium_Wind_Turbine_T1.json(entrada = 5651) (salida = 922)(desinflado 83%)
agregando: Server/Item/Items/Machinarium_Wind_Turbine_T2.json(entrada = 5654) (salida = 924)(desinflado 83%)
agregando: Server/Item/Items/Machinarium_Wind_Turbine_T3.json(entrada = 5656) (salida = 926)(desinflado 83%)
agregando: Server/Item/Items/Machinarium_Wind_Turbine_T4.json(entrada = 5654) (salida = 924)(desinflado 83%)
agregando: Server/Item/Items/Machinarium_Wind_Turbine_T5.json(entrada = 5659) (salida = 925)(desinflado 83%)
agregando: Server/Item/Items/Ore_Bauxite.json(entrada = 2419) (salida = 555)(desinflado 77%)
agregando: Server/Item/Items/Ore_Bauxite_Basalt.json(entrada = 5977) (salida = 867)(desinflado 85%)
agregando: Server/Item/Items/Ore_Bauxite_Calcite.json(entrada = 5982) (salida = 870)(desinflado 85%)
agregando: Server/Item/Items/Ore_Bauxite_Dry_Mud.json(entrada = 5982) (salida = 870)(desinflado 85%)
agregando: Server/Item/Items/Ore_Bauxite_Magma.json(entrada = 5979) (salida = 873)(desinflado 85%)
agregando: Server/Item/Items/Ore_Bauxite_Sandstone.json(entrada = 5992) (salida = 871)(desinflado 85%)
agregando: Server/Item/Items/Ore_Bauxite_Shale.json(entrada = 5972) (salida = 868)(desinflado 85%)
agregando: Server/Item/Items/Ore_Bauxite_Slate.json(entrada = 5972) (salida = 867)(desinflado 85%)
agregando: Server/Item/Items/Ore_Bauxite_Stone.json(entrada = 5972) (salida = 864)(desinflado 85%)
agregando: Server/Item/Items/Ore_Bauxite_Volcanic.json(entrada = 5987) (salida = 871)(desinflado 85%)
agregando: Server/Item/Items/Ore_Cassiterite.json(entrada = 2438) (salida = 555)(desinflado 77%)
agregando: Server/Item/Items/Ore_Cassiterite_Basalt.json(entrada = 6004) (salida = 868)(desinflado 85%)
agregando: Server/Item/Items/Ore_Cassiterite_Calcite.json(entrada = 6009) (salida = 868)(desinflado 85%)
agregando: Server/Item/Items/Ore_Cassiterite_Dry_Mud.json(entrada = 6009) (salida = 868)(desinflado 85%)
agregando: Server/Item/Items/Ore_Cassiterite_Magma.json(entrada = 6006) (salida = 872)(desinflado 85%)
agregando: Server/Item/Items/Ore_Cassiterite_Sandstone.json(entrada = 6019) (salida = 870)(desinflado 85%)
agregando: Server/Item/Items/Ore_Cassiterite_Shale.json(entrada = 5999) (salida = 867)(desinflado 85%)
agregando: Server/Item/Items/Ore_Cassiterite_Slate.json(entrada = 5999) (salida = 866)(desinflado 85%)
agregando: Server/Item/Items/Ore_Cassiterite_Stone.json(entrada = 5999) (salida = 863)(desinflado 85%)
agregando: Server/Item/Items/Ore_Cassiterite_Volcanic.json(entrada = 6014) (salida = 869)(desinflado 85%)
agregando: Server/Item/Items/Ore_Chromite.json(entrada = 2425) (salida = 552)(desinflado 77%)
agregando: Server/Item/Items/Ore_Chromite_Basalt.json(entrada = 5985) (salida = 866)(desinflado 85%)
agregando: Server/Item/Items/Ore_Chromite_Calcite.json(entrada = 5990) (salida = 867)(desinflado 85%)
agregando: Server/Item/Items/Ore_Chromite_Dry_Mud.json(entrada = 5990) (salida = 867)(desinflado 85%)
agregando: Server/Item/Items/Ore_Chromite_Magma.json(entrada = 5987) (salida = 870)(desinflado 85%)
agregando: Server/Item/Items/Ore_Chromite_Sandstone.json(entrada = 6000) (salida = 867)(desinflado 85%)
agregando: Server/Item/Items/Ore_Chromite_Shale.json(entrada = 5980) (salida = 864)(desinflado 85%)
agregando: Server/Item/Items/Ore_Chromite_Slate.json(entrada = 5980) (salida = 864)(desinflado 85%)
agregando: Server/Item/Items/Ore_Chromite_Stone.json(entrada = 5980) (salida = 861)(desinflado 85%)
agregando: Server/Item/Items/Ore_Chromite_Volcanic.json(entrada = 5995) (salida = 868)(desinflado 85%)
agregando: Server/Item/Items/Ore_Ilmenite.json(entrada = 2425) (salida = 554)(desinflado 77%)
agregando: Server/Item/Items/Ore_Ilmenite_Basalt.json(entrada = 5985) (salida = 869)(desinflado 85%)
agregando: Server/Item/Items/Ore_Ilmenite_Calcite.json(entrada = 5990) (salida = 870)(desinflado 85%)
agregando: Server/Item/Items/Ore_Ilmenite_Dry_Mud.json(entrada = 5990) (salida = 870)(desinflado 85%)
agregando: Server/Item/Items/Ore_Ilmenite_Magma.json(entrada = 5987) (salida = 873)(desinflado 85%)
agregando: Server/Item/Items/Ore_Ilmenite_Sandstone.json(entrada = 6000) (salida = 871)(desinflado 85%)
agregando: Server/Item/Items/Ore_Ilmenite_Shale.json(entrada = 5980) (salida = 869)(desinflado 85%)
agregando: Server/Item/Items/Ore_Ilmenite_Slate.json(entrada = 5980) (salida = 867)(desinflado 85%)
agregando: Server/Item/Items/Ore_Ilmenite_Stone.json(entrada = 5980) (salida = 865)(desinflado 85%)
agregando: Server/Item/Items/Ore_Ilmenite_Volcanic.json(entrada = 5995) (salida = 872)(desinflado 85%)
agregando: Server/Item/Items/Ore_Manganese.json(entrada = 2432) (salida = 551)(desinflado 77%)
agregando: Server/Item/Items/Ore_Manganese_Basalt.json(entrada = 5994) (salida = 865)(desinflado 85%)
agregando: Server/Item/Items/Ore_Manganese_Calcite.json(entrada = 5999) (salida = 865)(desinflado 85%)
agregando: Server/Item/Items/Ore_Manganese_Dry_Mud.json(entrada = 5999) (salida = 866)(desinflado 85%)
agregando: Server/Item/Items/Ore_Manganese_Magma.json(entrada = 5996) (salida = 868)(desinflado 85%)
agregando: Server/Item/Items/Ore_Manganese_Sandstone.json(entrada = 6009) (salida = 866)(desinflado 85%)
agregando: Server/Item/Items/Ore_Manganese_Shale.json(entrada = 5989) (salida = 865)(desinflado 85%)
agregando: Server/Item/Items/Ore_Manganese_Slate.json(entrada = 5989) (salida = 863)(desinflado 85%)
agregando: Server/Item/Items/Ore_Manganese_Stone.json(entrada = 5989) (salida = 860)(desinflado 85%)
agregando: Server/Item/Items/Ore_Manganese_Volcanic.json(entrada = 6004) (salida = 867)(desinflado 85%)
agregando: Server/Item/Items/Ore_Pentlandite.json(entrada = 2441) (salida = 558)(desinflado 77%)
agregando: Server/Item/Items/Ore_Pentlandite_Basalt.json(entrada = 6007) (salida = 872)(desinflado 85%)
agregando: Server/Item/Items/Ore_Pentlandite_Calcite.json(entrada = 6012) (salida = 873)(desinflado 85%)
agregando: Server/Item/Items/Ore_Pentlandite_Dry_Mud.json(entrada = 6012) (salida = 873)(desinflado 85%)
agregando: Server/Item/Items/Ore_Pentlandite_Magma.json(entrada = 6009) (salida = 877)(desinflado 85%)
agregando: Server/Item/Items/Ore_Pentlandite_Sandstone.json(entrada = 6022) (salida = 874)(desinflado 85%)
agregando: Server/Item/Items/Ore_Pentlandite_Shale.json(entrada = 6002) (salida = 872)(desinflado 85%)
agregando: Server/Item/Items/Ore_Pentlandite_Slate.json(entrada = 6002) (salida = 870)(desinflado 85%)
agregando: Server/Item/Items/Ore_Pentlandite_Stone.json(entrada = 6002) (salida = 867)(desinflado 85%)
agregando: Server/Item/Items/Ore_Pentlandite_Volcanic.json(entrada = 6017) (salida = 874)(desinflado 85%)
agregando: Server/Item/Items/Ore_Quartzite.json(entrada = 2424) (salida = 549)(desinflado 77%)
agregando: Server/Item/Items/Ore_Quartzite_Basalt.json(entrada = 5986) (salida = 864)(desinflado 85%)
agregando: Server/Item/Items/Ore_Quartzite_Calcite.json(entrada = 5991) (salida = 864)(desinflado 85%)
agregando: Server/Item/Items/Ore_Quartzite_Dry_Mud.json(entrada = 5991) (salida = 865)(desinflado 85%)
agregando: Server/Item/Items/Ore_Quartzite_Magma.json(entrada = 5988) (salida = 869)(desinflado 85%)
agregando: Server/Item/Items/Ore_Quartzite_Sandstone.json(entrada = 6001) (salida = 866)(desinflado 85%)
agregando: Server/Item/Items/Ore_Quartzite_Shale.json(entrada = 5981) (salida = 863)(desinflado 85%)
agregando: Server/Item/Items/Ore_Quartzite_Slate.json(entrada = 5981) (salida = 862)(desinflado 85%)
agregando: Server/Item/Items/Ore_Quartzite_Stone.json(entrada = 5981) (salida = 859)(desinflado 85%)
agregando: Server/Item/Items/Ore_Quartzite_Volcanic.json(entrada = 5996) (salida = 866)(desinflado 85%)
agregando: Server/Item/Items/Ore_Scheelite.json(entrada = 2431) (salida = 555)(desinflado 77%)
agregando: Server/Item/Items/Ore_Scheelite_Basalt.json(entrada = 5993) (salida = 870)(desinflado 85%)
agregando: Server/Item/Items/Ore_Scheelite_Calcite.json(entrada = 5998) (salida = 870)(desinflado 85%)
agregando: Server/Item/Items/Ore_Scheelite_Dry_Mud.json(entrada = 5998) (salida = 871)(desinflado 85%)
agregando: Server/Item/Items/Ore_Scheelite_Magma.json(entrada = 5995) (salida = 875)(desinflado 85%)
agregando: Server/Item/Items/Ore_Scheelite_Sandstone.json(entrada = 6008) (salida = 871)(desinflado 85%)
agregando: Server/Item/Items/Ore_Scheelite_Shale.json(entrada = 5988) (salida = 869)(desinflado 85%)
agregando: Server/Item/Items/Ore_Scheelite_Slate.json(entrada = 5988) (salida = 868)(desinflado 85%)
agregando: Server/Item/Items/Ore_Scheelite_Stone.json(entrada = 5988) (salida = 865)(desinflado 85%)
agregando: Server/Item/Items/Ore_Scheelite_Volcanic.json(entrada = 6003) (salida = 872)(desinflado 85%)
agregando: Server/Item/Items/Ore_Spodumene.json(entrada = 2430) (salida = 554)(desinflado 77%)
agregando: Server/Item/Items/Ore_Spodumene_Basalt.json(entrada = 5992) (salida = 869)(desinflado 85%)
agregando: Server/Item/Items/Ore_Spodumene_Calcite.json(entrada = 5997) (salida = 869)(desinflado 85%)
agregando: Server/Item/Items/Ore_Spodumene_Dry_Mud.json(entrada = 5997) (salida = 870)(desinflado 85%)
agregando: Server/Item/Items/Ore_Spodumene_Magma.json(entrada = 5994) (salida = 874)(desinflado 85%)
agregando: Server/Item/Items/Ore_Spodumene_Sandstone.json(entrada = 6007) (salida = 870)(desinflado 85%)
agregando: Server/Item/Items/Ore_Spodumene_Shale.json(entrada = 5987) (salida = 869)(desinflado 85%)
agregando: Server/Item/Items/Ore_Spodumene_Slate.json(entrada = 5987) (salida = 867)(desinflado 85%)
agregando: Server/Item/Items/Ore_Spodumene_Stone.json(entrada = 5987) (salida = 864)(desinflado 85%)
agregando: Server/Item/Items/Ore_Spodumene_Volcanic.json(entrada = 6002) (salida = 871)(desinflado 85%)
agregando: Server/Item/Items/Ore_Uraninite.json(entrada = 2430) (salida = 553)(desinflado 77%)
agregando: Server/Item/Items/Ore_Uraninite_Basalt.json(entrada = 5992) (salida = 867)(desinflado 85%)
agregando: Server/Item/Items/Ore_Uraninite_Calcite.json(entrada = 5997) (salida = 868)(desinflado 85%)
agregando: Server/Item/Items/Ore_Uraninite_Dry_Mud.json(entrada = 5997) (salida = 868)(desinflado 85%)
agregando: Server/Item/Items/Ore_Uraninite_Magma.json(entrada = 5994) (salida = 872)(desinflado 85%)
agregando: Server/Item/Items/Ore_Uraninite_Sandstone.json(entrada = 6007) (salida = 868)(desinflado 85%)
agregando: Server/Item/Items/Ore_Uraninite_Shale.json(entrada = 5987) (salida = 867)(desinflado 85%)
agregando: Server/Item/Items/Ore_Uraninite_Slate.json(entrada = 5987) (salida = 865)(desinflado 85%)
agregando: Server/Item/Items/Ore_Uraninite_Stone.json(entrada = 5987) (salida = 862)(desinflado 85%)
agregando: Server/Item/Items/Ore_Uraninite_Volcanic.json(entrada = 6002) (salida = 869)(desinflado 85%)
agregando: Server/Item/Items/Ore_Vanadinite.json(entrada = 2437) (salida = 555)(desinflado 77%)
agregando: Server/Item/Items/Ore_Vanadinite_Basalt.json(entrada = 6001) (salida = 868)(desinflado 85%)
agregando: Server/Item/Items/Ore_Vanadinite_Calcite.json(entrada = 6006) (salida = 869)(desinflado 85%)
agregando: Server/Item/Items/Ore_Vanadinite_Dry_Mud.json(entrada = 6006) (salida = 869)(desinflado 85%)
agregando: Server/Item/Items/Ore_Vanadinite_Magma.json(entrada = 6003) (salida = 873)(desinflado 85%)
agregando: Server/Item/Items/Ore_Vanadinite_Sandstone.json(entrada = 6016) (salida = 869)(desinflado 85%)
agregando: Server/Item/Items/Ore_Vanadinite_Shale.json(entrada = 5996) (salida = 867)(desinflado 85%)
agregando: Server/Item/Items/Ore_Vanadinite_Slate.json(entrada = 5996) (salida = 866)(desinflado 85%)
agregando: Server/Item/Items/Ore_Vanadinite_Stone.json(entrada = 5996) (salida = 863)(desinflado 85%)
agregando: Server/Item/Items/Ore_Vanadinite_Volcanic.json(entrada = 6011) (salida = 869)(desinflado 85%)
agregando: Server/Item/Items/Weapon/(entrada = 0) (salida = 0)(almacenado 0%)
agregando: Server/Item/Items/Weapon/Daggers/(entrada = 0) (salida = 0)(almacenado 0%)
agregando: Server/Item/Items/Weapon/Daggers/Weapon_Daggers_Bronze.json(entrada = 5411) (salida = 696)(desinflado 87%)
agregando: Server/Item/Items/Weapon/Daggers/Weapon_Daggers_Bronze_Ancient.json(entrada = 5443) (salida = 702)(desinflado 87%)
agregando: Server/Item/Items/Weapon/Shortbow/(entrada = 0) (salida = 0)(almacenado 0%)
agregando: Server/Item/Items/Weapon/Shortbow/Weapon_Shortbow_Bronze.json(entrada = 7311) (salida = 1141)(desinflado 84%)
agregando: Server/Item/Items/Weapon/Spear/(entrada = 0) (salida = 0)(almacenado 0%)
agregando: Server/Item/Items/Weapon/Spear/Weapon_Spear_Bronze.json(entrada = 2374) (salida = 764)(desinflado 67%)
agregando: Server/Item/Items/Weapon/Staff/(entrada = 0) (salida = 0)(almacenado 0%)
agregando: Server/Item/Items/Weapon/Staff/Weapon_Staff_Bronze.json(entrada = 2400) (salida = 741)(desinflado 69%)
agregando: Server/Item/Items/Weapon/Sword/(entrada = 0) (salida = 0)(almacenado 0%)
agregando: Server/Item/Items/Weapon/Sword/Weapon_Sword_Bronze.json(entrada = 3761) (salida = 664)(desinflado 82%)
agregando: Server/Item/Items/Weapon/Sword/Weapon_Sword_Bronze_Ancient.json(entrada = 3793) (salida = 670)(desinflado 82%)
agregando: Server/Item/RootInteractions/(entrada = 0) (salida = 0)(almacenado 0%)
agregando: Server/Item/RootInteractions/Block/(entrada = 0) (salida = 0)(almacenado 0%)
agregando: Server/Item/RootInteractions/Block/Machinarium_Open_Powered_Bench.json(entrada = 70) (salida = 66)(desinflado 5%)
agregando: Server/Languages/(entrada = 0) (salida = 0)(almacenado 0%)
agregando: Server/Languages/cs-CZ/(entrada = 0) (salida = 0)(almacenado 0%)
agregando: Server/Languages/de-DE/(entrada = 0) (salida = 0)(almacenado 0%)
agregando: Server/Languages/en-US/(entrada = 0) (salida = 0)(almacenado 0%)
agregando: Server/Languages/en-US/items.lang(entrada = 103957) (salida = 8845)(desinflado 91%)
agregando: Server/Languages/en-US/server.lang(entrada = 103701) (salida = 8918)(desinflado 91%)
agregando: Server/Languages/es-ES/(entrada = 0) (salida = 0)(almacenado 0%)
agregando: Server/Languages/es-ES/items.lang(entrada = 112390) (salida = 10028)(desinflado 91%)
agregando: Server/Languages/es-ES/server.lang(entrada = 108956) (salida = 9758)(desinflado 91%)
agregando: Server/Languages/fallback.lang(entrada = 103703) (salida = 8926)(desinflado 91%)
agregando: Server/Languages/pt-BR/(entrada = 0) (salida = 0)(almacenado 0%)
agregando: Server/Languages/pt-BR/items.lang(entrada = 114060) (salida = 10081)(desinflado 91%)
agregando: Server/Languages/pt-BR/server.lang(entrada = 113797) (salida = 10180)(desinflado 91%)
agregando: Server/Languages/sk-SK/(entrada = 0) (salida = 0)(almacenado 0%)
agregando: com/(entrada = 0) (salida = 0)(almacenado 0%)
agregando: com/doctorreborn/(entrada = 0) (salida = 0)(almacenado 0%)
agregando: com/doctorreborn/hytale/(entrada = 0) (salida = 0)(almacenado 0%)
agregando: com/doctorreborn/hytale/api/(entrada = 0) (salida = 0)(almacenado 0%)
agregando: com/doctorreborn/hytale/api/energy/(entrada = 0) (salida = 0)(almacenado 0%)
agregando: com/doctorreborn/hytale/api/energy/v1/(entrada = 0) (salida = 0)(almacenado 0%)
agregando: com/doctorreborn/hytale/api/energy/v1/EnergyConsumer.class(entrada = 228) (salida = 173)(desinflado 24%)
agregando: com/doctorreborn/hytale/api/energy/v1/EnergyProducer.class(entrada = 227) (salida = 171)(desinflado 24%)
agregando: com/doctorreborn/hytale/api/energy/v1/EnergyStorage.class(entrada = 3205) (salida = 1302)(desinflado 59%)
agregando: com/doctorreborn/hytale/api/energy/v1/EnergyStorageLookup$Provider.class(entrada = 686) (salida = 367)(desinflado 46%)
agregando: com/doctorreborn/hytale/api/energy/v1/EnergyStorageLookup.class(entrada = 2044) (salida = 971)(desinflado 52%)
agregando: com/doctorreborn/hytale/api/energy/v1/EnergyStorageUtil.class(entrada = 9400) (salida = 3461)(desinflado 63%)
agregando: com/doctorreborn/hytale/api/energy/v1/EnergyStorageView.class(entrada = 687) (salida = 390)(desinflado 43%)
agregando: com/doctorreborn/hytale/api/energy/v1/EnergyTransferer.class(entrada = 183) (salida = 150)(desinflado 18%)
agregando: com/doctorreborn/hytale/api/energy/v1/SlottedEnergyStorage.class(entrada = 820) (salida = 371)(desinflado 54%)
agregando: com/doctorreborn/hytale/api/energy/v1/base/(entrada = 0) (salida = 0)(almacenado 0%)
agregando: com/doctorreborn/hytale/api/energy/v1/base/BaseEnergyConsumer.class(entrada = 689) (salida = 408)(desinflado 40%)
agregando: com/doctorreborn/hytale/api/energy/v1/base/BaseEnergyProducer.class(entrada = 687) (salida = 407)(desinflado 40%)
agregando: com/doctorreborn/hytale/api/energy/v1/base/BaseEnergyTransferer.class(entrada = 585) (salida = 336)(desinflado 42%)
agregando: com/doctorreborn/hytale/api/energy/v1/base/CombinedEnergyStorage$CombinedIterator.class(entrada = 2335) (salida = 972)(desinflado 58%)
agregando: com/doctorreborn/hytale/api/energy/v1/base/CombinedEnergyStorage.class(entrada = 3935) (salida = 1586)(desinflado 59%)
agregando: com/doctorreborn/hytale/api/energy/v1/base/CombinedSlottedEnergyStorage.class(entrada = 2983) (salida = 1318)(desinflado 55%)
agregando: com/doctorreborn/hytale/api/energy/v1/base/ExtractionOnlyEnergyStorage.class(entrada = 852) (salida = 429)(desinflado 49%)
agregando: com/doctorreborn/hytale/api/energy/v1/base/FilteringEnergyStorage$1.class(entrada = 1651) (salida = 648)(desinflado 60%)
agregando: com/doctorreborn/hytale/api/energy/v1/base/FilteringEnergyStorage$2.class(entrada = 1360) (salida = 587)(desinflado 56%)
agregando: com/doctorreborn/hytale/api/energy/v1/base/FilteringEnergyStorage$FilteringEnergyStorageView.class(entrada = 1867) (salida = 786)(desinflado 57%)
agregando: com/doctorreborn/hytale/api/energy/v1/base/FilteringEnergyStorage.class(entrada = 5718) (salida = 1914)(desinflado 66%)
agregando: com/doctorreborn/hytale/api/energy/v1/base/InfiniteEnergyStorage.class(entrada = 1127) (salida = 551)(desinflado 51%)
agregando: com/doctorreborn/hytale/api/energy/v1/base/InsertionOnlyEnergyStorage.class(entrada = 1160) (salida = 552)(desinflado 52%)
agregando: com/doctorreborn/hytale/api/energy/v1/base/MultiBufferEnergyStorage.class(entrada = 4724) (salida = 1690)(desinflado 64%)
agregando: com/doctorreborn/hytale/api/energy/v1/base/SingleBufferEnergyConsumer.class(entrada = 1587) (salida = 715)(desinflado 54%)
agregando: com/doctorreborn/hytale/api/energy/v1/base/SingleBufferEnergyProducer.class(entrada = 1584) (salida = 715)(desinflado 54%)
agregando: com/doctorreborn/hytale/api/energy/v1/base/SingleBufferEnergyStorage.class(entrada = 2884) (salida = 1237)(desinflado 57%)
agregando: com/doctorreborn/hytale/api/energy/v1/base/SingleSlotEnergyStorage.class(entrada = 1732) (salida = 822)(desinflado 52%)
agregando: com/doctorreborn/hytale/api/energy/v2/(entrada = 0) (salida = 0)(almacenado 0%)
agregando: com/doctorreborn/hytale/api/energy/v2/Energy.class(entrada = 1231) (salida = 606)(desinflado 50%)
agregando: com/doctorreborn/hytale/api/energy/v2/EnergyConsumer.class(entrada = 228) (salida = 173)(desinflado 24%)
agregando: com/doctorreborn/hytale/api/energy/v2/EnergyPreconditions.class(entrada = 605) (salida = 394)(desinflado 34%)
agregando: com/doctorreborn/hytale/api/energy/v2/EnergyProducer.class(entrada = 227) (salida = 171)(desinflado 24%)
agregando: com/doctorreborn/hytale/api/energy/v2/EnergyTransferer.class(entrada = 183) (salida = 150)(desinflado 18%)
agregando: com/doctorreborn/hytale/api/energy/v2/base/(entrada = 0) (salida = 0)(almacenado 0%)
agregando: com/doctorreborn/hytale/api/energy/v2/base/BaseEnergyConsumer.class(entrada = 682) (salida = 381)(desinflado 44%)
agregando: com/doctorreborn/hytale/api/energy/v2/base/BaseEnergyProducer.class(entrada = 680) (salida = 378)(desinflado 44%)
agregando: com/doctorreborn/hytale/api/energy/v2/base/BaseEnergyTransferer.class(entrada = 680) (salida = 381)(desinflado 43%)
agregando: com/doctorreborn/hytale/api/energy/v2/base/BufferedEnergyConsumer.class(entrada = 2055) (salida = 870)(desinflado 57%)
agregando: com/doctorreborn/hytale/api/energy/v2/base/BufferedEnergyProducer.class(entrada = 2052) (salida = 868)(desinflado 57%)
agregando: com/doctorreborn/hytale/api/energy/v2/base/FilteringEnergyStorage.class(entrada = 4248) (salida = 1322)(desinflado 68%)
agregando: com/doctorreborn/hytale/api/energy/v2/base/InfiniteEnergyStorage.class(entrada = 2214) (salida = 862)(desinflado 61%)
agregando: com/doctorreborn/hytale/api/energy/v2/base/MultiBufferEnergyStorage.class(entrada = 2385) (salida = 913)(desinflado 61%)
agregando: com/doctorreborn/hytale/api/energy/v2/base/SingleBufferEnergyStorage.class(entrada = 5193) (salida = 1728)(desinflado 66%)
agregando: com/doctorreborn/hytale/api/energy/v2/base/VoidEnergyStorage.class(entrada = 1817) (salida = 724)(desinflado 60%)
agregando: com/doctorreborn/hytale/impl/(entrada = 0) (salida = 0)(almacenado 0%)
agregando: com/doctorreborn/hytale/impl/energy/(entrada = 0) (salida = 0)(almacenado 0%)
agregando: com/doctorreborn/hytale/impl/energy/EnergyApiImpl$1.class(entrada = 1719) (salida = 745)(desinflado 56%)
agregando: com/doctorreborn/hytale/impl/energy/EnergyApiImpl$2.class(entrada = 1346) (salida = 613)(desinflado 54%)
agregando: com/doctorreborn/hytale/impl/energy/EnergyApiImpl.class(entrada = 1289) (salida = 563)(desinflado 56%)
agregando: com/example/(entrada = 0) (salida = 0)(almacenado 0%)
agregando: com/example/plugin/(entrada = 0) (salida = 0)(almacenado 0%)
agregando: com/example/plugin/Machinarium.class(entrada = 34096) (salida = 11071)(desinflado 67%)
agregando: com/example/plugin/MachinariumCommand.class(entrada = 12072) (salida = 5000)(desinflado 58%)
agregando: com/example/plugin/MachinariumComponents.class(entrada = 2725) (salida = 677)(desinflado 75%)
agregando: com/example/plugin/MachinariumIds.class(entrada = 3786) (salida = 1535)(desinflado 59%)
agregando: com/example/plugin/TieredIdUtil.class(entrada = 3266) (salida = 1737)(desinflado 46%)
agregando: com/example/plugin/UpgradePersistence$1.class(entrada = 1102) (salida = 610)(desinflado 44%)
agregando: com/example/plugin/UpgradePersistence$PendingDrops.class(entrada = 945) (salida = 528)(desinflado 44%)
agregando: com/example/plugin/UpgradePersistence$PendingUpgrade.class(entrada = 886) (salida = 470)(desinflado 46%)
agregando: com/example/plugin/UpgradePersistence.class(entrada = 46985) (salida = 17455)(desinflado 62%)
agregando: com/example/plugin/changelog/(entrada = 0) (salida = 0)(almacenado 0%)
agregando: com/example/plugin/changelog/ChangelogConfig$Entry.class(entrada = 3575) (salida = 1330)(desinflado 62%)
agregando: com/example/plugin/changelog/ChangelogConfig.class(entrada = 5061) (salida = 2077)(desinflado 58%)
agregando: com/example/plugin/changelog/ChangelogManager.class(entrada = 10398) (salida = 4456)(desinflado 57%)
agregando: com/example/plugin/config/(entrada = 0) (salida = 0)(almacenado 0%)
agregando: com/example/plugin/config/ConfigArrays.class(entrada = 2021) (salida = 1226)(desinflado 39%)
agregando: com/example/plugin/energy/(entrada = 0) (salida = 0)(almacenado 0%)
agregando: com/example/plugin/energy/BatteryUpgradeConfig$ConfigData.class(entrada = 4901) (salida = 1797)(desinflado 63%)
agregando: com/example/plugin/energy/BatteryUpgradeConfig$Requirement.class(entrada = 3939) (salida = 1477)(desinflado 62%)
agregando: com/example/plugin/energy/BatteryUpgradeConfig.class(entrada = 8377) (salida = 3622)(desinflado 56%)
agregando: com/example/plugin/energy/CableUpgradeConfig$ConfigData.class(entrada = 5295) (salida = 1925)(desinflado 63%)
agregando: com/example/plugin/energy/CableUpgradeConfig$Requirement.class(entrada = 3919) (salida = 1476)(desinflado 62%)
agregando: com/example/plugin/energy/CableUpgradeConfig.class(entrada = 8832) (salida = 3880)(desinflado 56%)
agregando: com/example/plugin/energy/EnergyNetworkSystem$1.class(entrada = 1573) (salida = 779)(desinflado 50%)
agregando: com/example/plugin/energy/EnergyNetworkSystem$CableNetwork.class(entrada = 2191) (salida = 1000)(desinflado 54%)
agregando: com/example/plugin/energy/EnergyNetworkSystem$CableNode.class(entrada = 1303) (salida = 679)(desinflado 47%)
agregando: com/example/plugin/energy/EnergyNetworkSystem$CablePos.class(entrada = 604) (salida = 369)(desinflado 38%)
agregando: com/example/plugin/energy/EnergyNetworkSystem$CableState.class(entrada = 813) (salida = 459)(desinflado 43%)
agregando: com/example/plugin/energy/EnergyNetworkSystem$EnergyStorageSnapshot.class(entrada = 613) (salida = 363)(desinflado 40%)
agregando: com/example/plugin/energy/EnergyNetworkSystem$ExternalNeighbor.class(entrada = 804) (salida = 447)(desinflado 44%)
agregando: com/example/plugin/energy/EnergyNetworkSystem$NeighborNode.class(entrada = 879) (salida = 451)(desinflado 48%)
agregando: com/example/plugin/energy/EnergyNetworkSystem$TransferBudget.class(entrada = 546) (salida = 331)(desinflado 39%)
agregando: com/example/plugin/energy/EnergyNetworkSystem.class(entrada = 66766) (salida = 28691)(desinflado 57%)
agregando: com/example/plugin/energy/EnergyNodeComponent$1.class(entrada = 899) (salida = 523)(desinflado 41%)
agregando: com/example/plugin/energy/EnergyNodeComponent$NodeType.class(entrada = 1636) (salida = 797)(desinflado 51%)
agregando: com/example/plugin/energy/EnergyNodeComponent.class(entrada = 17103) (salida = 5542)(desinflado 67%)
agregando: com/example/plugin/energy/EnergyNodeStorage.class(entrada = 4709) (salida = 1999)(desinflado 57%)
agregando: com/example/plugin/energy/EnergySide.class(entrada = 2954) (salida = 1500)(desinflado 49%)
agregando: com/example/plugin/energy/EnergySideMode.class(entrada = 1975) (salida = 975)(desinflado 50%)
agregando: com/example/plugin/energy/EnergyUnits.class(entrada = 2562) (salida = 1227)(desinflado 52%)
agregando: com/example/plugin/energy/SolarUpgradeConfig$ConfigData.class(entrada = 4861) (salida = 1782)(desinflado 63%)
agregando: com/example/plugin/energy/SolarUpgradeConfig$Requirement.class(entrada = 3919) (salida = 1477)(desinflado 62%)
agregando: com/example/plugin/energy/SolarUpgradeConfig.class(entrada = 8232) (salida = 3553)(desinflado 56%)
agregando: com/example/plugin/energy/SunlightUtil$TailState.class(entrada = 618) (salida = 400)(desinflado 35%)
agregando: com/example/plugin/energy/SunlightUtil.class(entrada = 4332) (salida = 2221)(desinflado 48%)
agregando: com/example/plugin/energy/WindUpgradeConfig$ConfigData.class(entrada = 4843) (salida = 1781)(desinflado 63%)
agregando: com/example/plugin/energy/WindUpgradeConfig$Requirement.class(entrada = 3909) (salida = 1475)(desinflado 62%)
agregando: com/example/plugin/energy/WindUpgradeConfig.class(entrada = 8209) (salida = 3555)(desinflado 56%)
agregando: com/example/plugin/energy/WindUtil.class(entrada = 2915) (salida = 1557)(desinflado 46%)
agregando: com/example/plugin/furnace/(entrada = 0) (salida = 0)(almacenado 0%)
agregando: com/example/plugin/furnace/FurnaceConfig$ConfigData.class(entrada = 2931) (salida = 1157)(desinflado 60%)
agregando: com/example/plugin/furnace/FurnaceConfig.class(entrada = 1657) (salida = 951)(desinflado 42%)
agregando: com/example/plugin/interaction/(entrada = 0) (salida = 0)(almacenado 0%)
agregando: com/example/plugin/interaction/CableNetworkUpgradeInteraction.class(entrada = 9378) (salida = 3040)(desinflado 67%)
agregando: com/example/plugin/interaction/CableSideToolInteraction$1.class(entrada = 996) (salida = 582)(desinflado 41%)
agregando: com/example/plugin/interaction/CableSideToolInteraction.class(entrada = 12659) (salida = 4479)(desinflado 64%)
agregando: com/example/plugin/interaction/OpenPoweredBenchInteraction.class(entrada = 12820) (salida = 4223)(desinflado 67%)
agregando: com/example/plugin/item/(entrada = 0) (salida = 0)(almacenado 0%)
agregando: com/example/plugin/item/FilterMode.class(entrada = 1871) (salida = 957)(desinflado 48%)
agregando: com/example/plugin/item/ItemDistributionMode.class(entrada = 1741) (salida = 857)(desinflado 50%)
agregando: com/example/plugin/item/ItemMode.class(entrada = 1900) (salida = 940)(desinflado 50%)
agregando: com/example/plugin/item/ItemNetworkSystem$1.class(entrada = 861) (salida = 518)(desinflado 39%)
agregando: com/example/plugin/item/ItemNetworkSystem$CableNetwork.class(entrada = 3775) (salida = 1764)(desinflado 53%)
agregando: com/example/plugin/item/ItemNetworkSystem$CableNode.class(entrada = 783) (salida = 453)(desinflado 42%)
agregando: com/example/plugin/item/ItemNetworkSystem$CablePos.class(entrada = 590) (salida = 368)(desinflado 37%)
agregando: com/example/plugin/item/ItemNetworkSystem$CableState.class(entrada = 1203) (salida = 617)(desinflado 48%)
agregando: com/example/plugin/item/ItemNetworkSystem$ContainerLookup.class(entrada = 1463) (salida = 623)(desinflado 57%)
agregando: com/example/plugin/item/ItemNetworkSystem$Endpoint.class(entrada = 2845) (salida = 1231)(desinflado 56%)
agregando: com/example/plugin/item/ItemNetworkSystem$MachineSlotLayout.class(entrada = 827) (salida = 389)(desinflado 52%)
agregando: com/example/plugin/item/ItemNetworkSystem$NetworkKey.class(entrada = 1033) (salida = 642)(desinflado 37%)
agregando: com/example/plugin/item/ItemNetworkSystem$SinkEndpoint.class(entrada = 2146) (salida = 735)(desinflado 65%)
agregando: com/example/plugin/item/ItemNetworkSystem$SlotRange.class(entrada = 883) (salida = 536)(desinflado 39%)
agregando: com/example/plugin/item/ItemNetworkSystem$SourceEndpoint.class(entrada = 2630) (salida = 856)(desinflado 67%)
agregando: com/example/plugin/item/ItemNetworkSystem.class(entrada = 61572) (salida = 24084)(desinflado 60%)
agregando: com/example/plugin/item/ItemNodeComponent$1.class(entrada = 848) (salida = 507)(desinflado 40%)
agregando: com/example/plugin/item/ItemNodeComponent.class(entrada = 22371) (salida = 8743)(desinflado 60%)
agregando: com/example/plugin/item/ItemStorageConfigChunk.class(entrada = 6256) (salida = 2239)(desinflado 64%)
agregando: com/example/plugin/item/ItemStorageConfigComponent.class(entrada = 5010) (salida = 1919)(desinflado 61%)
agregando: com/example/plugin/item/ItemTarget.class(entrada = 1715) (salida = 872)(desinflado 49%)
agregando: com/example/plugin/mac/(entrada = 0) (salida = 0)(almacenado 0%)
agregando: com/example/plugin/mac/MacConfigBridge$BonusDropFactory.class(entrada = 425) (salida = 250)(desinflado 41%)
agregando: com/example/plugin/mac/MacConfigBridge$ConfigBundle.class(entrada = 4049) (salida = 928)(desinflado 77%)
agregando: com/example/plugin/mac/MacConfigBridge$MacFieldFactory.class(entrada = 4284) (salida = 1719)(desinflado 59%)
agregando: com/example/plugin/mac/MacConfigBridge$MacSchemaBuilder.class(entrada = 4478) (salida = 2047)(desinflado 54%)
agregando: com/example/plugin/mac/MacConfigBridge$RequirementFactory.class(entrada = 425) (salida = 251)(desinflado 40%)
agregando: com/example/plugin/mac/MacConfigBridge.class(entrada = 73948) (salida = 27511)(desinflado 62%)
agregando: com/example/plugin/mac/MacSettings$AlloySmelter.class(entrada = 1111) (salida = 507)(desinflado 54%)
agregando: com/example/plugin/mac/MacSettings$Battery.class(entrada = 811) (salida = 421)(desinflado 48%)
agregando: com/example/plugin/mac/MacSettings$BonusDrop.class(entrada = 571) (salida = 345)(desinflado 39%)
agregando: com/example/plugin/mac/MacSettings$Cable.class(entrada = 851) (salida = 435)(desinflado 48%)
agregando: com/example/plugin/mac/MacSettings$Furnace.class(entrada = 474) (salida = 300)(desinflado 36%)
agregando: com/example/plugin/mac/MacSettings$OreCrusher.class(entrada = 1180) (salida = 526)(desinflado 55%)
agregando: com/example/plugin/mac/MacSettings$Quarry.class(entrada = 1099) (salida = 551)(desinflado 49%)
agregando: com/example/plugin/mac/MacSettings$Requirement.class(entrada = 511) (salida = 314)(desinflado 38%)
agregando: com/example/plugin/mac/MacSettings$RequirementGroup.class(entrada = 645) (salida = 344)(desinflado 46%)
agregando: com/example/plugin/mac/MacSettings$Solar.class(entrada = 804) (salida = 417)(desinflado 48%)
agregando: com/example/plugin/mac/MacSettings$Wind.class(entrada = 801) (salida = 419)(desinflado 47%)
agregando: com/example/plugin/mac/MacSettings.class(entrada = 1887) (salida = 772)(desinflado 59%)
agregando: com/example/plugin/machine/(entrada = 0) (salida = 0)(almacenado 0%)
agregando: com/example/plugin/machine/AlloySmelterConfig$BonusDrop.class(entrada = 5408) (salida = 2049)(desinflado 62%)
agregando: com/example/plugin/machine/AlloySmelterConfig$ConfigData.class(entrada = 6892) (salida = 2386)(desinflado 65%)
agregando: com/example/plugin/machine/AlloySmelterConfig$Requirement.class(entrada = 3928) (salida = 1474)(desinflado 62%)
agregando: com/example/plugin/machine/AlloySmelterConfig.class(entrada = 13150) (salida = 5380)(desinflado 59%)
agregando: com/example/plugin/machine/AlloySmelterMachine.class(entrada = 17062) (salida = 7928)(desinflado 53%)
agregando: com/example/plugin/machine/AlloySmelterRecipes$RecipeEntry.class(entrada = 1415) (salida = 685)(desinflado 51%)
agregando: com/example/plugin/machine/AlloySmelterRecipes.class(entrada = 11037) (salida = 4768)(desinflado 56%)
agregando: com/example/plugin/machine/MachineComponent.class(entrada = 10630) (salida = 3635)(desinflado 65%)
agregando: com/example/plugin/machine/MachineContext.class(entrada = 3747) (salida = 1321)(desinflado 64%)
agregando: com/example/plugin/machine/MachineDefinition.class(entrada = 1659) (salida = 709)(desinflado 57%)
agregando: com/example/plugin/machine/MachineItemAccess.class(entrada = 11520) (salida = 4509)(desinflado 60%)
agregando: com/example/plugin/machine/MachineRegistry.class(entrada = 2243) (salida = 1054)(desinflado 53%)
agregando: com/example/plugin/machine/MachineSystem.class(entrada = 15269) (salida = 4978)(desinflado 67%)
agregando: com/example/plugin/machine/MasterMachine.class(entrada = 1920) (salida = 859)(desinflado 55%)
agregando: com/example/plugin/machine/OreCrusherConfig$BonusDrop.class(entrada = 5384) (salida = 2050)(desinflado 61%)
agregando: com/example/plugin/machine/OreCrusherConfig$ConfigData.class(entrada = 7520) (salida = 2543)(desinflado 66%)
agregando: com/example/plugin/machine/OreCrusherConfig$Requirement.class(entrada = 3908) (salida = 1475)(desinflado 62%)
agregando: com/example/plugin/machine/OreCrusherConfig.class(entrada = 17023) (salida = 7254)(desinflado 57%)
agregando: com/example/plugin/machine/OreCrusherMachine.class(entrada = 14871) (salida = 7000)(desinflado 52%)
agregando: com/example/plugin/machine/OreCrusherRecipes$RecipeEntry.class(entrada = 1407) (salida = 687)(desinflado 51%)
agregando: com/example/plugin/machine/OreCrusherRecipes.class(entrada = 10060) (salida = 4326)(desinflado 56%)
agregando: com/example/plugin/machine/QuarryAreaManager$BlockSnapshot.class(entrada = 628) (salida = 385)(desinflado 38%)
agregando: com/example/plugin/machine/QuarryAreaManager$BorderRecord.class(entrada = 661) (salida = 407)(desinflado 38%)
agregando: com/example/plugin/machine/QuarryAreaManager$Bounds.class(entrada = 648) (salida = 408)(desinflado 37%)
agregando: com/example/plugin/machine/QuarryAreaManager$TorchBounds.class(entrada = 922) (salida = 532)(desinflado 42%)
agregando: com/example/plugin/machine/QuarryAreaManager$TorchBoundsCache.class(entrada = 800) (salida = 393)(desinflado 50%)
agregando: com/example/plugin/machine/QuarryAreaManager.class(entrada = 29118) (salida = 11325)(desinflado 61%)
agregando: com/example/plugin/machine/QuarryConfig$ConfigData.class(entrada = 8753) (salida = 3076)(desinflado 64%)
agregando: com/example/plugin/machine/QuarryConfig$Requirement.class(entrada = 3868) (salida = 1471)(desinflado 61%)
agregando: com/example/plugin/machine/QuarryConfig.class(entrada = 11792) (salida = 5329)(desinflado 54%)
agregando: com/example/plugin/machine/QuarryMachine$BackfillState.class(entrada = 714) (salida = 379)(desinflado 46%)
agregando: com/example/plugin/machine/QuarryMachine$BlockTarget.class(entrada = 840) (salida = 463)(desinflado 44%)
agregando: com/example/plugin/machine/QuarryMachine$Bounds.class(entrada = 632) (salida = 401)(desinflado 36%)
agregando: com/example/plugin/machine/QuarryMachine$PendingBackfill.class(entrada = 1130) (salida = 598)(desinflado 47%)
agregando: com/example/plugin/machine/QuarryMachine.class(entrada = 33222) (salida = 13378)(desinflado 59%)
agregando: com/example/plugin/sound/(entrada = 0) (salida = 0)(almacenado 0%)
agregando: com/example/plugin/sound/MachinariumSounds.class(entrada = 10019) (salida = 4032)(desinflado 59%)
agregando: com/example/plugin/ui/(entrada = 0) (salida = 0)(almacenado 0%)
agregando: com/example/plugin/ui/AlloySmelterPage$DragSnapshot.class(entrada = 922) (salida = 501)(desinflado 45%)
agregando: com/example/plugin/ui/AlloySmelterPage$GridType.class(entrada = 1369) (salida = 677)(desinflado 50%)
agregando: com/example/plugin/ui/AlloySmelterPage$PlayerIndexMode.class(entrada = 1432) (salida = 697)(desinflado 51%)
agregando: com/example/plugin/ui/AlloySmelterPage$SlotRef.class(entrada = 680) (salida = 399)(desinflado 41%)
agregando: com/example/plugin/ui/AlloySmelterPage.class(entrada = 93375) (salida = 37829)(desinflado 59%)
agregando: com/example/plugin/ui/AlloySmelterUiEvent.class(entrada = 9668) (salida = 2803)(desinflado 71%)
agregando: com/example/plugin/ui/BatteryPage.class(entrada = 30785) (salida = 11991)(desinflado 61%)
agregando: com/example/plugin/ui/CablePage$1.class(entrada = 767) (salida = 475)(desinflado 38%)
agregando: com/example/plugin/ui/CablePage.class(entrada = 17729) (salida = 6608)(desinflado 62%)
agregando: com/example/plugin/ui/CableUpgradeEvent.class(entrada = 2667) (salida = 1021)(desinflado 61%)
agregando: com/example/plugin/ui/CableUpgradePage$CableType.class(entrada = 1322) (salida = 643)(desinflado 51%)
agregando: com/example/plugin/ui/CableUpgradePage$EnergyCableEntry.class(entrada = 1003) (salida = 521)(desinflado 48%)
agregando: com/example/plugin/ui/CableUpgradePage$EnergyNetworkSnapshot.class(entrada = 2344) (salida = 1168)(desinflado 50%)
agregando: com/example/plugin/ui/CableUpgradePage$ItemCableEntry.class(entrada = 989) (salida = 521)(desinflado 47%)
agregando: com/example/plugin/ui/CableUpgradePage$ItemNetworkSnapshot.class(entrada = 2153) (salida = 1081)(desinflado 49%)
agregando: com/example/plugin/ui/CableUpgradePage$UpgradeKey.class(entrada = 1432) (salida = 779)(desinflado 45%)
agregando: com/example/plugin/ui/CableUpgradePage$UpgradeProgress.class(entrada = 1677) (salida = 909)(desinflado 45%)
agregando: com/example/plugin/ui/CableUpgradePage.class(entrada = 35307) (salida = 13685)(desinflado 61%)
agregando: com/example/plugin/ui/ChangelogEvent.class(entrada = 2646) (salida = 1018)(desinflado 61%)
agregando: com/example/plugin/ui/ChangelogPage.class(entrada = 12965) (salida = 4867)(desinflado 62%)
agregando: com/example/plugin/ui/EmptyHud.class(entrada = 907) (salida = 432)(desinflado 52%)
agregando: com/example/plugin/ui/FurnaceHud.class(entrada = 2903) (salida = 1431)(desinflado 50%)
agregando: com/example/plugin/ui/FurnacePage$FurnaceEventData.class(entrada = 2812) (salida = 1057)(desinflado 62%)
agregando: com/example/plugin/ui/FurnacePage.class(entrada = 27683) (salida = 9444)(desinflado 65%)
agregando: com/example/plugin/ui/ItemCablePage$ConfigUpdate.class(entrada = 322) (salida = 219)(desinflado 31%)
agregando: com/example/plugin/ui/ItemCablePage$ContainerLookup.class(entrada = 804) (salida = 431)(desinflado 46%)
agregando: com/example/plugin/ui/ItemCablePage.class(entrada = 55200) (salida = 23038)(desinflado 58%)
agregando: com/example/plugin/ui/ItemNetworkPriorityEvent.class(entrada = 3453) (salida = 1245)(desinflado 63%)
agregando: com/example/plugin/ui/ItemNetworkPriorityPage$CableInfo.class(entrada = 801) (salida = 468)(desinflado 41%)
agregando: com/example/plugin/ui/ItemNetworkPriorityPage$ConfigUpdate.class(entrada = 352) (salida = 228)(desinflado 35%)
agregando: com/example/plugin/ui/ItemNetworkPriorityPage$ContainerLookup.class(entrada = 844) (salida = 443)(desinflado 47%)
agregando: com/example/plugin/ui/ItemNetworkPriorityPage$NetworkSnapshot.class(entrada = 2788) (salida = 1203)(desinflado 56%)
agregando: com/example/plugin/ui/ItemNetworkPriorityPage$StorageEntry.class(entrada = 1199) (salida = 642)(desinflado 46%)
agregando: com/example/plugin/ui/ItemNetworkPriorityPage.class(entrada = 38541) (salida = 14978)(desinflado 61%)
agregando: com/example/plugin/ui/OpenCustomUIWithWindowsInteraction.class(entrada = 15436) (salida = 4852)(desinflado 68%)
agregando: com/example/plugin/ui/OreCrusherPage$DragSnapshot.class(entrada = 908) (salida = 500)(desinflado 44%)
agregando: com/example/plugin/ui/OreCrusherPage$GridType.class(entrada = 1353) (salida = 677)(desinflado 49%)
agregando: com/example/plugin/ui/OreCrusherPage$PlayerIndexMode.class(entrada = 1416) (salida = 697)(desinflado 50%)
agregando: com/example/plugin/ui/OreCrusherPage$SlotRef.class(entrada = 672) (salida = 397)(desinflado 40%)
agregando: com/example/plugin/ui/OreCrusherPage.class(entrada = 88533) (salida = 35949)(desinflado 59%)
agregando: com/example/plugin/ui/OreCrusherUiEvent.class(entrada = 9650) (salida = 2800)(desinflado 70%)
agregando: com/example/plugin/ui/PlayerUiSystem$CableNetworkInfo.class(entrada = 699) (salida = 435)(desinflado 37%)
agregando: com/example/plugin/ui/PlayerUiSystem$DisplayState.class(entrada = 911) (salida = 495)(desinflado 45%)
agregando: com/example/plugin/ui/PlayerUiSystem$FurnaceHudState.class(entrada = 731) (salida = 420)(desinflado 42%)
agregando: com/example/plugin/ui/PlayerUiSystem$ItemCableNetworkInfo.class(entrada = 1172) (salida = 662)(desinflado 43%)
agregando: com/example/plugin/ui/PlayerUiSystem$TargetKind.class(entrada = 1530) (salida = 772)(desinflado 49%)
agregando: com/example/plugin/ui/PlayerUiSystem.class(entrada = 34101) (salida = 12336)(desinflado 63%)
agregando: com/example/plugin/ui/QuarryPage.class(entrada = 43095) (salida = 17347)(desinflado 59%)
agregando: com/example/plugin/ui/SideToggleEvent.class(entrada = 4150) (salida = 1450)(desinflado 65%)
agregando: com/example/plugin/ui/SolarHud.class(entrada = 1874) (salida = 875)(desinflado 53%)
agregando: com/example/plugin/ui/SolarPage.class(entrada = 26823) (salida = 10258)(desinflado 61%)
agregando: com/example/plugin/ui/SolarUpgradeEvent.class(entrada = 2667) (salida = 1022)(desinflado 61%)
agregando: com/example/plugin/ui/UiItemIds.class(entrada = 1545) (salida = 811)(desinflado 47%)
agregando: com/example/plugin/ui/WindPage.class(entrada = 26806) (salida = 10260)(desinflado 61%)
agregando: com/example/plugin/ui/WindUpgradeEvent.class(entrada = 2660) (salida = 1021)(desinflado 61%)
agregando: com/example/plugin/ui/WindowProvider.class(entrada = 605) (salida = 258)(desinflado 57%)
agregando: com/example/plugin/ui/WindowlessPage.class(entrada = 131) (salida = 113)(desinflado 13%)
agregando: com/google/(entrada = 0) (salida = 0)(almacenado 0%)
agregando: com/google/common/(entrada = 0) (salida = 0)(almacenado 0%)
agregando: com/google/common/base/(entrada = 0) (salida = 0)(almacenado 0%)
agregando: com/google/common/base/Supplier.class(entrada = 310) (salida = 214)(desinflado 30%)
agregando: com/google/common/collect/(entrada = 0) (salida = 0)(almacenado 0%)
agregando: com/google/common/collect/Iterators$1.class(entrada = 1626) (salida = 874)(desinflado 46%)
agregando: com/google/common/collect/Iterators$2.class(entrada = 1204) (salida = 592)(desinflado 50%)
agregando: com/google/common/collect/Iterators.class(entrada = 1546) (salida = 573)(desinflado 62%)
agregando: com/shailist/(entrada = 0) (salida = 0)(almacenado 0%)
agregando: com/shailist/hytale/(entrada = 0) (salida = 0)(almacenado 0%)
agregando: com/shailist/hytale/api/(entrada = 0) (salida = 0)(almacenado 0%)
agregando: com/shailist/hytale/api/transfer/(entrada = 0) (salida = 0)(almacenado 0%)
agregando: com/shailist/hytale/api/transfer/v1/(entrada = 0) (salida = 0)(almacenado 0%)
agregando: com/shailist/hytale/api/transfer/v1/storage/(entrada = 0) (salida = 0)(almacenado 0%)
agregando: com/shailist/hytale/api/transfer/v1/storage/Storage.class(entrada = 993) (salida = 407)(desinflado 59%)
agregando: com/shailist/hytale/api/transfer/v1/storage/StoragePreconditions.class(entrada = 625) (salida = 405)(desinflado 35%)
agregando: com/shailist/hytale/api/transfer/v1/storage/StorageView.class(entrada = 984) (salida = 409)(desinflado 58%)
agregando: com/shailist/hytale/api/transfer/v1/storage/base/(entrada = 0) (salida = 0)(almacenado 0%)
agregando: com/shailist/hytale/api/transfer/v1/storage/base/CombinedSlottedStorage$1.class(entrada = 1734) (salida = 691)(desinflado 60%)
agregando: com/shailist/hytale/api/transfer/v1/storage/base/CombinedSlottedStorage.class(entrada = 3038) (salida = 1111)(desinflado 63%)
agregando: com/shailist/hytale/api/transfer/v1/storage/base/ExtractionOnlyStorage.class(entrada = 1028) (salida = 392)(desinflado 61%)
agregando: com/shailist/hytale/api/transfer/v1/storage/base/FilteringStorage$1.class(entrada = 1971) (salida = 730)(desinflado 62%)
agregando: com/shailist/hytale/api/transfer/v1/storage/base/FilteringStorage$FilteringStorageView.class(entrada = 2699) (salida = 911)(desinflado 66%)
agregando: com/shailist/hytale/api/transfer/v1/storage/base/FilteringStorage.class(entrada = 4016) (salida = 1243)(desinflado 69%)
agregando: com/shailist/hytale/api/transfer/v1/storage/base/InsertionOnlyStorage.class(entrada = 1025) (salida = 393)(desinflado 61%)
agregando: com/shailist/hytale/api/transfer/v1/storage/base/ResourceAmount.class(entrada = 2046) (salida = 800)(desinflado 60%)
agregando: com/shailist/hytale/api/transfer/v1/storage/base/SingleSlotStorage.class(entrada = 1027) (salida = 403)(desinflado 60%)
agregando: com/shailist/hytale/api/transfer/v1/transaction/(entrada = 0) (salida = 0)(almacenado 0%)
agregando: com/shailist/hytale/api/transfer/v1/transaction/Transaction.class(entrada = 5006) (salida = 2124)(desinflado 57%)
agregando: com/shailist/hytale/api/transfer/v1/transaction/TransactionContext.class(entrada = 456) (salida = 221)(desinflado 51%)
agregando: com/shailist/hytale/api/transfer/v1/transaction/base/(entrada = 0) (salida = 0)(almacenado 0%)
agregando: com/shailist/hytale/api/transfer/v1/transaction/base/SnapshotParticipant.class(entrada = 2179) (salida = 835)(desinflado 61%)
agregando: com/shailist/hytale/impl/(entrada = 0) (salida = 0)(almacenado 0%)
agregando: com/shailist/hytale/impl/transfer/(entrada = 0) (salida = 0)(almacenado 0%)
agregando: com/shailist/hytale/impl/transfer/TransferApiImpl.class(entrada = 776) (salida = 421)(desinflado 45%)
agregando: manifest.json(entrada = 525) (salida = 282)(desinflado 46%)
agregando: org/(entrada = 0) (salida = 0)(almacenado 0%)
agregando: org/jspecify/(entrada = 0) (salida = 0)(almacenado 0%)
agregando: org/jspecify/annotations/(entrada = 0) (salida = 0)(almacenado 0%)
agregando: org/jspecify/annotations/NonNull.class(entrada = 436) (salida = 271)(desinflado 37%)
agregando: org/jspecify/annotations/Nullable.class(entrada = 438) (salida = 271)(desinflado 38%)
[2026-02-14 22:16:49] Empaquetado: /home/handerson/Descargas/sd/out_yad/HyProTech-1.3.2 -> /home/handerson/Descargas/sd/out_yad/HyProTech-1.3.2.jar
extracting to directory: /home/handerson/Descargas/sd/out_yad/AdminUI-1.0.5
  creado: META-INF/
 inflado: META-INF/MANIFEST.MF
  creado: com/
  creado: com/buuz135/
  creado: com/buuz135/adminui/
 inflado: com/buuz135/adminui/AdminUI.class
 inflado: com/buuz135/adminui/AdminUIIndexRegistry$Entry.class
 inflado: com/buuz135/adminui/AdminUIIndexRegistry.class
  creado: com/buuz135/adminui/command/
 inflado: com/buuz135/adminui/command/AdminCommand.class
 inflado: com/buuz135/adminui/command/AdminShortcutCommand.class
  creado: com/buuz135/adminui/gui/
 inflado: com/buuz135/adminui/gui/AdminIndexGui$IndexGuiData.class
 inflado: com/buuz135/adminui/gui/AdminIndexGui.class
 inflado: com/buuz135/adminui/gui/AdminStickGui$SearchGuiData.class
 inflado: com/buuz135/adminui/gui/AdminStickGui.class
 inflado: com/buuz135/adminui/gui/BackupGui$SearchGuiData.class
 inflado: com/buuz135/adminui/gui/BackupGui.class
 inflado: com/buuz135/adminui/gui/BanGui$SearchGuiData.class
 inflado: com/buuz135/adminui/gui/BanGui.class
 inflado: com/buuz135/adminui/gui/MuteGui$SearchGuiData.class
 inflado: com/buuz135/adminui/gui/MuteGui.class
 inflado: com/buuz135/adminui/gui/NavBarHelper.class
 inflado: com/buuz135/adminui/gui/PlayerGui$SearchGuiData.class
 inflado: com/buuz135/adminui/gui/PlayerGui.class
 inflado: com/buuz135/adminui/gui/StatsGui$SearchGuiData.class
 inflado: com/buuz135/adminui/gui/StatsGui.class
 inflado: com/buuz135/adminui/gui/WarpGui$SearchGuiData.class
 inflado: com/buuz135/adminui/gui/WarpGui.class
 inflado: com/buuz135/adminui/gui/WhitelistGui$SearchGuiData.class
 inflado: com/buuz135/adminui/gui/WhitelistGui.class
  creado: com/buuz135/adminui/interaction/
 inflado: com/buuz135/adminui/interaction/AdminStickInteraction.class
  creado: com/buuz135/adminui/util/
 inflado: com/buuz135/adminui/util/AdminStickCustomConfig$Config.class
 inflado: com/buuz135/adminui/util/AdminStickCustomConfig.class
 inflado: com/buuz135/adminui/util/AuthUtil.class
 inflado: com/buuz135/adminui/util/BackupConfiguration.class
 inflado: com/buuz135/adminui/util/DurationParser.class
 inflado: com/buuz135/adminui/util/MessageHelper$ML.class
 inflado: com/buuz135/adminui/util/MessageHelper.class
 inflado: com/buuz135/adminui/util/MuteTracker$Mute.class
 inflado: com/buuz135/adminui/util/MuteTracker.class
 inflado: com/buuz135/adminui/util/PermissionList.class
 inflado: com/buuz135/adminui/util/PlayerTracker$Players.class
 inflado: com/buuz135/adminui/util/PlayerTracker.class
 inflado: com/buuz135/adminui/util/ReflectionUtil.class
 inflado: manifest.json
  creado: Common/
  creado: Common/UI/
  creado: Common/UI/Custom/
 inflado: Common/UI/Custom/Buuz135_AdminUI.png
 inflado: Common/UI/Custom/admin_ui.png
  creado: Common/UI/Custom/Common/
 inflado: Common/UI/Custom/Common/DropdownDown@2x.png
  creado: Common/UI/Custom/Pages/
 inflado: Common/UI/Custom/Pages/Buuz135_AdminUI_Index.ui
 inflado: Common/UI/Custom/Pages/Buuz135_AdminUI_IndexEntry.ui
  creado: Common/UI/Custom/Pages/AdminStick/
 inflado: Common/UI/Custom/Pages/AdminStick/Buuz135_AdminUI_AdminStickPage.ui
  creado: Common/UI/Custom/Pages/Backup/
 inflado: Common/UI/Custom/Pages/Backup/Buuz135_AdminUI_BackupEntry.ui
 inflado: Common/UI/Custom/Pages/Backup/Buuz135_AdminUI_BackupPage.ui
  creado: Common/UI/Custom/Pages/Ban/
 inflado: Common/UI/Custom/Pages/Ban/Buuz135_AdminUI_BanEntry.ui
 inflado: Common/UI/Custom/Pages/Ban/Buuz135_AdminUI_BanPage.ui
  creado: Common/UI/Custom/Pages/Mute/
 inflado: Common/UI/Custom/Pages/Mute/Buuz135_AdminUI_MuteEntry.ui
 inflado: Common/UI/Custom/Pages/Mute/Buuz135_AdminUI_MutePage.ui
  creado: Common/UI/Custom/Pages/Nav/
 inflado: Common/UI/Custom/Pages/Nav/Buuz135_AdminUI_TopNavigationBar.ui
 inflado: Common/UI/Custom/Pages/Nav/Buuz135_AdminUI_TopNavigationBarButton.ui
  creado: Common/UI/Custom/Pages/Player/
 inflado: Common/UI/Custom/Pages/Player/Buuz135_AdminUI_PlayerEntry.ui
 inflado: Common/UI/Custom/Pages/Player/Buuz135_AdminUI_PlayerPage.ui
  creado: Common/UI/Custom/Pages/Stat/
 inflado: Common/UI/Custom/Pages/Stat/Buuz135_AdminUI_StatPage.ui
  creado: Common/UI/Custom/Pages/Warp/
 inflado: Common/UI/Custom/Pages/Warp/Buuz135_AdminUI_WarpEntry.ui
 inflado: Common/UI/Custom/Pages/Warp/Buuz135_AdminUI_WarpPage.ui
  creado: Common/UI/Custom/Pages/Whitelist/
 inflado: Common/UI/Custom/Pages/Whitelist/Buuz135_AdminUI_WhitelistEntry.ui
 inflado: Common/UI/Custom/Pages/Whitelist/Buuz135_AdminUI_WhitelistPage.ui
  creado: Server/
  creado: Server/Item/
  creado: Server/Item/Interactions/
  creado: Server/Item/Interactions/Item/
 inflado: Server/Item/Interactions/Item/Buuz135_AdminUI_Open_AdminIndex.json
  creado: Server/Item/Items/
  creado: Server/Item/Items/Ingredient/
 inflado: Server/Item/Items/Ingredient/Buuz135_AdminUI_Admin_Stick.json
  creado: Server/Item/RootInteractions/
 inflado: Server/Item/RootInteractions/Buuz135_AdminUI_Admin_Stick.json
  creado: Server/Languages/
  creado: Server/Languages/en-US/
 inflado: Server/Languages/en-US/adminui_items.lang
  creado: Server/Item/RootInteractions/Item/
[2026-02-14 22:18:59] Desempaquetado: /run/media/handerson/Disco local/Carreras/Mods/Hytale/Mods/AdminUI-1.0.5.jar -> /home/handerson/Descargas/sd/out_yad/AdminUI-1.0.5
extracting to directory: /home/handerson/Descargas/sd/out_yad/AdvancedItemInfo-1.0.5
  creado: META-INF/
 inflado: META-INF/MANIFEST.MF
  creado: com/
  creado: com/buuz135/
  creado: com/buuz135/advancediteminfo/
 inflado: com/buuz135/advancediteminfo/AdvancedItemInfoGui$SearchGuiData.class
 inflado: com/buuz135/advancediteminfo/AdvancedItemInfoGui$SearchResult.class
 inflado: com/buuz135/advancediteminfo/AdvancedItemInfoGui.class
 inflado: com/buuz135/advancediteminfo/Main.class
 inflado: com/buuz135/advancediteminfo/MessageHelper$ML.class
 inflado: com/buuz135/advancediteminfo/MessageHelper.class
 inflado: com/buuz135/advancediteminfo/OpenAdvancedInfoCommand$1.class
 inflado: com/buuz135/advancediteminfo/OpenAdvancedInfoCommand.class
 inflado: manifest.json
  creado: Common/
  creado: Common/UI/
  creado: Common/UI/Custom/
  creado: Common/UI/Custom/Pages/
 inflado: Common/UI/Custom/Pages/Buuz135_AdvancedItemInfo_Gui.ui
 inflado: Common/UI/Custom/Pages/Buuz135_AdvancedItemInfo_SearchItemIcon.ui
  creado: Server/
  creado: Server/NPC/
  creado: Server/NPC/Roles/
[2026-02-14 22:19:00] Desempaquetado: /run/media/handerson/Disco local/Carreras/Mods/Hytale/Mods/AdvancedItemInfo-1.0.5.jar -> /home/handerson/Descargas/sd/out_yad/AdvancedItemInfo-1.0.5
extracting to directory: /home/handerson/Descargas/sd/out_yad/ATK-1.4.5
  creado: META-INF/
 inflado: META-INF/MANIFEST.MF
  creado: Common/
  creado: Common/Config/
  creado: Common/UI/
  creado: Common/UI/Custom/
  creado: Common/UI/Custom/Pages/
  creado: dev/
  creado: dev/jei/
  creado: dev/jei/hytale/
  creado: dev/jei/hytale/jei/
  creado: dev/jei/hytale/jei/commands/
  creado: dev/jei/hytale/jei/detection/
  creado: dev/jei/hytale/jei/pages/
  creado: dev/jei/hytale/jei/systems/
  creado: META-INF/maven/
  creado: META-INF/maven/dev.atk.hytale/
  creado: META-INF/maven/dev.atk.hytale/ATK/
 inflado: Common/Config/ore_data.json
 inflado: Common/UI/Custom/Pages/ATK_CategoryButton.ui
 inflado: Common/UI/Custom/Pages/ATK_HowToObtain.ui
 inflado: Common/UI/Custom/Pages/ATK_Ingredient.ui
 inflado: Common/UI/Custom/Pages/ATK_ItemDetail.ui
 inflado: Common/UI/Custom/Pages/ATK_ItemIcon.ui
 inflado: Common/UI/Custom/Pages/ATK_Page.ui
 inflado: Common/UI/Custom/Pages/ATK_RecipeInfo.ui
 inflado: Common/UI/Custom/Pages/ATK_Row.ui
 inflado: Common/UI/Custom/Pages/ATK_SectionHeader.ui
 inflado: Common/UI/Custom/Pages/ATK_SourceItem.ui
 inflado: Common/UI/Custom/Pages/ATK_UsedInItem.ui
 inflado: dev/jei/hytale/jei/ATKPlugin.class
 inflado: dev/jei/hytale/jei/BookmarkManager.class
 inflado: dev/jei/hytale/jei/commands/ATKCommand.class
 inflado: dev/jei/hytale/jei/commands/BindCommand.class
 inflado: dev/jei/hytale/jei/commands/GiveCommand.class
 inflado: dev/jei/hytale/jei/commands/ListCommand.class
 inflado: dev/jei/hytale/jei/commands/SearchCommand.class
 inflado: dev/jei/hytale/jei/commands/UnbindCommand.class
 inflado: dev/jei/hytale/jei/detection/DropTableUtility$DropInfo.class
 inflado: dev/jei/hytale/jei/detection/DropTableUtility.class
 inflado: dev/jei/hytale/jei/detection/MobDropDetector$DropListLookup.class
 inflado: dev/jei/hytale/jei/detection/MobDropDetector.class
 inflado: dev/jei/hytale/jei/detection/OreDetector.class
 inflado: dev/jei/hytale/jei/ItemSourceManager$ItemSource.class
 inflado: dev/jei/hytale/jei/ItemSourceManager$SourceType.class
 inflado: dev/jei/hytale/jei/ItemSourceManager.class
 inflado: dev/jei/hytale/jei/KeyBindManager.class
 inflado: dev/jei/hytale/jei/ModManager$ModInfo.class
 inflado: dev/jei/hytale/jei/ModManager.class
 inflado: dev/jei/hytale/jei/pages/ATKPage$ATKPageEventData.class
 inflado: dev/jei/hytale/jei/pages/ATKPage.class
 inflado: dev/jei/hytale/jei/pages/HowToObtainPage$HowToObtainEventData.class
 inflado: dev/jei/hytale/jei/pages/HowToObtainPage.class
 inflado: dev/jei/hytale/jei/pages/ItemDetailPage$ItemDetailEventData.class
 inflado: dev/jei/hytale/jei/pages/ItemDetailPage.class
 inflado: dev/jei/hytale/jei/systems/DropItemEventSystem.class
 inflado: manifest.json
 inflado: META-INF/maven/dev.atk.hytale/ATK/pom.xml
 inflado: META-INF/maven/dev.atk.hytale/ATK/pom.properties
[2026-02-14 22:19:00] Desempaquetado: /run/media/handerson/Disco local/Carreras/Mods/Hytale/Mods/ATK-1.4.5.jar -> /home/handerson/Descargas/sd/out_yad/ATK-1.4.5
manifiesto agregado
agregando: Common/(entrada = 0) (salida = 0)(almacenado 0%)
agregando: Common/UI/(entrada = 0) (salida = 0)(almacenado 0%)
agregando: Common/UI/Custom/(entrada = 0) (salida = 0)(almacenado 0%)
agregando: Common/UI/Custom/Buuz135_AdminUI.png(entrada = 13401) (salida = 11687)(desinflado 12%)
agregando: Common/UI/Custom/Common/(entrada = 0) (salida = 0)(almacenado 0%)
agregando: Common/UI/Custom/Common/DropdownDown@2x.png(entrada = 1147) (salida = 853)(desinflado 25%)
agregando: Common/UI/Custom/Pages/(entrada = 0) (salida = 0)(almacenado 0%)
agregando: Common/UI/Custom/Pages/AdminStick/(entrada = 0) (salida = 0)(almacenado 0%)
agregando: Common/UI/Custom/Pages/AdminStick/Buuz135_AdminUI_AdminStickPage.ui(entrada = 4907) (salida = 737)(desinflado 84%)
agregando: Common/UI/Custom/Pages/Backup/(entrada = 0) (salida = 0)(almacenado 0%)
agregando: Common/UI/Custom/Pages/Backup/Buuz135_AdminUI_BackupEntry.ui(entrada = 1322) (salida = 428)(desinflado 67%)
agregando: Common/UI/Custom/Pages/Backup/Buuz135_AdminUI_BackupPage.ui(entrada = 6033) (salida = 1216)(desinflado 79%)
agregando: Common/UI/Custom/Pages/Ban/(entrada = 0) (salida = 0)(almacenado 0%)
agregando: Common/UI/Custom/Pages/Ban/Buuz135_AdminUI_BanEntry.ui(entrada = 1768) (salida = 448)(desinflado 74%)
agregando: Common/UI/Custom/Pages/Ban/Buuz135_AdminUI_BanPage.ui(entrada = 3804) (salida = 896)(desinflado 76%)
agregando: Common/UI/Custom/Pages/Buuz135_AdminUI_Index.ui(entrada = 778) (salida = 351)(desinflado 54%)
agregando: Common/UI/Custom/Pages/Buuz135_AdminUI_IndexEntry.ui(entrada = 504) (salida = 281)(desinflado 44%)
agregando: Common/UI/Custom/Pages/Mute/(entrada = 0) (salida = 0)(almacenado 0%)
agregando: Common/UI/Custom/Pages/Mute/Buuz135_AdminUI_MuteEntry.ui(entrada = 2198) (salida = 466)(desinflado 78%)
agregando: Common/UI/Custom/Pages/Mute/Buuz135_AdminUI_MutePage.ui(entrada = 4533) (salida = 945)(desinflado 79%)
agregando: Common/UI/Custom/Pages/Nav/(entrada = 0) (salida = 0)(almacenado 0%)
agregando: Common/UI/Custom/Pages/Nav/Buuz135_AdminUI_TopNavigationBar.ui(entrada = 2152) (salida = 518)(desinflado 75%)
agregando: Common/UI/Custom/Pages/Nav/Buuz135_AdminUI_TopNavigationBarButton.ui(entrada = 119) (salida = 107)(desinflado 10%)
agregando: Common/UI/Custom/Pages/Player/(entrada = 0) (salida = 0)(almacenado 0%)
agregando: Common/UI/Custom/Pages/Player/Buuz135_AdminUI_PlayerEntry.ui(entrada = 8574) (salida = 1392)(desinflado 83%)
agregando: Common/UI/Custom/Pages/Player/Buuz135_AdminUI_PlayerPage.ui(entrada = 3074) (salida = 827)(desinflado 73%)
agregando: Common/UI/Custom/Pages/Stat/(entrada = 0) (salida = 0)(almacenado 0%)
agregando: Common/UI/Custom/Pages/Stat/Buuz135_AdminUI_StatPage.ui(entrada = 12658) (salida = 1259)(desinflado 90%)
agregando: Common/UI/Custom/Pages/Warp/(entrada = 0) (salida = 0)(almacenado 0%)
agregando: Common/UI/Custom/Pages/Warp/Buuz135_AdminUI_WarpEntry.ui(entrada = 3359) (salida = 672)(desinflado 79%)
agregando: Common/UI/Custom/Pages/Warp/Buuz135_AdminUI_WarpPage.ui(entrada = 3164) (salida = 845)(desinflado 73%)
agregando: Common/UI/Custom/Pages/Whitelist/(entrada = 0) (salida = 0)(almacenado 0%)
agregando: Common/UI/Custom/Pages/Whitelist/Buuz135_AdminUI_WhitelistEntry.ui(entrada = 786) (salida = 349)(desinflado 55%)
agregando: Common/UI/Custom/Pages/Whitelist/Buuz135_AdminUI_WhitelistPage.ui(entrada = 3670) (salida = 923)(desinflado 74%)
agregando: Common/UI/Custom/admin_ui.png(entrada = 8984) (salida = 6235)(desinflado 30%)
ignorando entrada META-INF/
ignorando entrada META-INF/MANIFEST.MF
agregando: Server/(entrada = 0) (salida = 0)(almacenado 0%)
agregando: Server/Item/(entrada = 0) (salida = 0)(almacenado 0%)
agregando: Server/Item/Interactions/(entrada = 0) (salida = 0)(almacenado 0%)
agregando: Server/Item/Interactions/Item/(entrada = 0) (salida = 0)(almacenado 0%)
agregando: Server/Item/Interactions/Item/Buuz135_AdminUI_Open_AdminIndex.json(entrada = 54) (salida = 51)(desinflado 5%)
agregando: Server/Item/Items/(entrada = 0) (salida = 0)(almacenado 0%)
agregando: Server/Item/Items/Ingredient/(entrada = 0) (salida = 0)(almacenado 0%)
agregando: Server/Item/Items/Ingredient/Buuz135_AdminUI_Admin_Stick.json(entrada = 1034) (salida = 411)(desinflado 60%)
agregando: Server/Item/RootInteractions/(entrada = 0) (salida = 0)(almacenado 0%)
agregando: Server/Item/RootInteractions/Buuz135_AdminUI_Admin_Stick.json(entrada = 106) (salida = 89)(desinflado 16%)
agregando: Server/Item/RootInteractions/Item/(entrada = 0) (salida = 0)(almacenado 0%)
agregando: Server/Languages/(entrada = 0) (salida = 0)(almacenado 0%)
agregando: Server/Languages/en-US/(entrada = 0) (salida = 0)(almacenado 0%)
agregando: Server/Languages/en-US/adminui_items.lang(entrada = 202) (salida = 129)(desinflado 36%)
agregando: com/(entrada = 0) (salida = 0)(almacenado 0%)
agregando: com/buuz135/(entrada = 0) (salida = 0)(almacenado 0%)
agregando: com/buuz135/adminui/(entrada = 0) (salida = 0)(almacenado 0%)
agregando: com/buuz135/adminui/AdminUI.class(entrada = 15258) (salida = 5651)(desinflado 62%)
agregando: com/buuz135/adminui/AdminUIIndexRegistry$Entry.class(entrada = 3286) (salida = 1159)(desinflado 64%)
agregando: com/buuz135/adminui/AdminUIIndexRegistry.class(entrada = 3173) (salida = 1282)(desinflado 59%)
agregando: com/buuz135/adminui/command/(entrada = 0) (salida = 0)(almacenado 0%)
agregando: com/buuz135/adminui/command/AdminCommand.class(entrada = 5376) (salida = 1921)(desinflado 64%)
agregando: com/buuz135/adminui/command/AdminShortcutCommand.class(entrada = 6029) (salida = 2194)(desinflado 63%)
agregando: com/buuz135/adminui/gui/(entrada = 0) (salida = 0)(almacenado 0%)
agregando: com/buuz135/adminui/gui/AdminIndexGui$IndexGuiData.class(entrada = 3135) (salida = 1200)(desinflado 61%)
agregando: com/buuz135/adminui/gui/AdminIndexGui.class(entrada = 8232) (salida = 2752)(desinflado 66%)
agregando: com/buuz135/adminui/gui/AdminStickGui$SearchGuiData.class(entrada = 3498) (salida = 1333)(desinflado 61%)
agregando: com/buuz135/adminui/gui/AdminStickGui.class(entrada = 11164) (salida = 3654)(desinflado 67%)
agregando: com/buuz135/adminui/gui/BackupGui$SearchGuiData.class(entrada = 5225) (salida = 1964)(desinflado 62%)
agregando: com/buuz135/adminui/gui/BackupGui.class(entrada = 16132) (salida = 6200)(desinflado 61%)
agregando: com/buuz135/adminui/gui/BanGui$SearchGuiData.class(entrada = 4482) (salida = 1684)(desinflado 62%)
agregando: com/buuz135/adminui/gui/BanGui.class(entrada = 18525) (salida = 6588)(desinflado 64%)
agregando: com/buuz135/adminui/gui/MuteGui$SearchGuiData.class(entrada = 4836) (salida = 1787)(desinflado 63%)
agregando: com/buuz135/adminui/gui/MuteGui.class(entrada = 16200) (salida = 5906)(desinflado 63%)
agregando: com/buuz135/adminui/gui/NavBarHelper.class(entrada = 6159) (salida = 2148)(desinflado 65%)
agregando: com/buuz135/adminui/gui/PlayerGui$SearchGuiData.class(entrada = 4131) (salida = 1546)(desinflado 62%)
agregando: com/buuz135/adminui/gui/PlayerGui.class(entrada = 27628) (salida = 9606)(desinflado 65%)
agregando: com/buuz135/adminui/gui/StatsGui$SearchGuiData.class(entrada = 3102) (salida = 1199)(desinflado 61%)
agregando: com/buuz135/adminui/gui/StatsGui.class(entrada = 12416) (salida = 3952)(desinflado 68%)
agregando: com/buuz135/adminui/gui/WarpGui$SearchGuiData.class(entrada = 4144) (salida = 1558)(desinflado 62%)
agregando: com/buuz135/adminui/gui/WarpGui.class(entrada = 16498) (salida = 5904)(desinflado 64%)
agregando: com/buuz135/adminui/gui/WhitelistGui$SearchGuiData.class(entrada = 4184) (salida = 1560)(desinflado 62%)
agregando: com/buuz135/adminui/gui/WhitelistGui.class(entrada = 15666) (salida = 5579)(desinflado 64%)
agregando: com/buuz135/adminui/interaction/(entrada = 0) (salida = 0)(almacenado 0%)
agregando: com/buuz135/adminui/interaction/AdminStickInteraction.class(entrada = 6376) (salida = 2284)(desinflado 64%)
agregando: com/buuz135/adminui/util/(entrada = 0) (salida = 0)(almacenado 0%)
agregando: com/buuz135/adminui/util/AdminStickCustomConfig$Config.class(entrada = 3143) (salida = 1280)(desinflado 59%)
agregando: com/buuz135/adminui/util/AdminStickCustomConfig.class(entrada = 5889) (salida = 2579)(desinflado 56%)
agregando: com/buuz135/adminui/util/AuthUtil.class(entrada = 3830) (salida = 1551)(desinflado 59%)
agregando: com/buuz135/adminui/util/BackupConfiguration.class(entrada = 2957) (salida = 1302)(desinflado 55%)
agregando: com/buuz135/adminui/util/DurationParser.class(entrada = 1775) (salida = 989)(desinflado 44%)
agregando: com/buuz135/adminui/util/MessageHelper$ML.class(entrada = 1778) (salida = 766)(desinflado 56%)
agregando: com/buuz135/adminui/util/MessageHelper.class(entrada = 532) (salida = 313)(desinflado 41%)
agregando: com/buuz135/adminui/util/MuteTracker$Mute.class(entrada = 2047) (salida = 844)(desinflado 58%)
agregando: com/buuz135/adminui/util/MuteTracker.class(entrada = 6943) (salida = 3008)(desinflado 56%)
agregando: com/buuz135/adminui/util/PermissionList.class(entrada = 3781) (salida = 1646)(desinflado 56%)
agregando: com/buuz135/adminui/util/PlayerTracker$Players.class(entrada = 1932) (salida = 801)(desinflado 58%)
agregando: com/buuz135/adminui/util/PlayerTracker.class(entrada = 6544) (salida = 2726)(desinflado 58%)
agregando: com/buuz135/adminui/util/ReflectionUtil.class(entrada = 1349) (salida = 667)(desinflado 50%)
agregando: manifest.json(entrada = 463) (salida = 267)(desinflado 42%)
[2026-02-14 22:20:09] Empaquetado: /home/handerson/Descargas/sd/out_yad/AdminUI-1.0.5 -> /home/handerson/Descargas/sd/out_yad/AdminUI-1.0.5.jar
manifiesto agregado
agregando: Common/(entrada = 0) (salida = 0)(almacenado 0%)
agregando: Common/UI/(entrada = 0) (salida = 0)(almacenado 0%)
agregando: Common/UI/Custom/(entrada = 0) (salida = 0)(almacenado 0%)
agregando: Common/UI/Custom/Pages/(entrada = 0) (salida = 0)(almacenado 0%)
agregando: Common/UI/Custom/Pages/Buuz135_AdvancedItemInfo_Gui.ui(entrada = 744) (salida = 338)(desinflado 54%)
agregando: Common/UI/Custom/Pages/Buuz135_AdvancedItemInfo_SearchItemIcon.ui(entrada = 524) (salida = 273)(desinflado 47%)
ignorando entrada META-INF/
ignorando entrada META-INF/MANIFEST.MF
agregando: Server/(entrada = 0) (salida = 0)(almacenado 0%)
agregando: Server/NPC/(entrada = 0) (salida = 0)(almacenado 0%)
agregando: Server/NPC/Roles/(entrada = 0) (salida = 0)(almacenado 0%)
agregando: com/(entrada = 0) (salida = 0)(almacenado 0%)
agregando: com/buuz135/(entrada = 0) (salida = 0)(almacenado 0%)
agregando: com/buuz135/advancediteminfo/(entrada = 0) (salida = 0)(almacenado 0%)
agregando: com/buuz135/advancediteminfo/AdvancedItemInfoGui$SearchGuiData.class(entrada = 3232) (salida = 1215)(desinflado 62%)
agregando: com/buuz135/advancediteminfo/AdvancedItemInfoGui$SearchResult.class(entrada = 1806) (salida = 787)(desinflado 56%)
agregando: com/buuz135/advancediteminfo/AdvancedItemInfoGui.class(entrada = 18311) (salida = 6369)(desinflado 65%)
agregando: com/buuz135/advancediteminfo/Main.class(entrada = 6810) (salida = 2192)(desinflado 67%)
agregando: com/buuz135/advancediteminfo/MessageHelper$ML.class(entrada = 1798) (salida = 771)(desinflado 57%)
agregando: com/buuz135/advancediteminfo/MessageHelper.class(entrada = 548) (salida = 320)(desinflado 41%)
agregando: com/buuz135/advancediteminfo/OpenAdvancedInfoCommand$1.class(entrada = 1748) (salida = 731)(desinflado 58%)
agregando: com/buuz135/advancediteminfo/OpenAdvancedInfoCommand.class(entrada = 6715) (salida = 2331)(desinflado 65%)
agregando: manifest.json(entrada = 486) (salida = 283)(desinflado 41%)
[2026-02-14 22:20:12] Empaquetado: /home/handerson/Descargas/sd/out_yad/AdvancedItemInfo-1.0.5 -> /home/handerson/Descargas/sd/out_yad/AdvancedItemInfo-1.0.5.jar
manifiesto agregado
agregando: Common/(entrada = 0) (salida = 0)(almacenado 0%)
agregando: Common/Config/(entrada = 0) (salida = 0)(almacenado 0%)
agregando: Common/Config/ore_data.json(entrada = 4294) (salida = 643)(desinflado 85%)
agregando: Common/UI/(entrada = 0) (salida = 0)(almacenado 0%)
agregando: Common/UI/Custom/(entrada = 0) (salida = 0)(almacenado 0%)
agregando: Common/UI/Custom/Pages/(entrada = 0) (salida = 0)(almacenado 0%)
agregando: Common/UI/Custom/Pages/ATK_CategoryButton.ui(entrada = 363) (salida = 215)(desinflado 40%)
agregando: Common/UI/Custom/Pages/ATK_HowToObtain.ui(entrada = 1265) (salida = 476)(desinflado 62%)
agregando: Common/UI/Custom/Pages/ATK_Ingredient.ui(entrada = 554) (salida = 298)(desinflado 46%)
agregando: Common/UI/Custom/Pages/ATK_ItemDetail.ui(entrada = 6136) (salida = 1047)(desinflado 82%)
agregando: Common/UI/Custom/Pages/ATK_ItemIcon.ui(entrada = 521) (salida = 274)(desinflado 47%)
agregando: Common/UI/Custom/Pages/ATK_Page.ui(entrada = 2529) (salida = 709)(desinflado 71%)
agregando: Common/UI/Custom/Pages/ATK_RecipeInfo.ui(entrada = 611) (salida = 285)(desinflado 53%)
agregando: Common/UI/Custom/Pages/ATK_Row.ui(entrada = 57) (salida = 55)(desinflado 3%)
agregando: Common/UI/Custom/Pages/ATK_SectionHeader.ui(entrada = 201) (salida = 147)(desinflado 26%)
agregando: Common/UI/Custom/Pages/ATK_SourceItem.ui(entrada = 749) (salida = 305)(desinflado 59%)
agregando: Common/UI/Custom/Pages/ATK_UsedInItem.ui(entrada = 673) (salida = 332)(desinflado 50%)
ignorando entrada META-INF/
ignorando entrada META-INF/MANIFEST.MF
agregando: META-INF/maven/(entrada = 0) (salida = 0)(almacenado 0%)
agregando: META-INF/maven/dev.atk.hytale/(entrada = 0) (salida = 0)(almacenado 0%)
agregando: META-INF/maven/dev.atk.hytale/ATK/(entrada = 0) (salida = 0)(almacenado 0%)
agregando: META-INF/maven/dev.atk.hytale/ATK/pom.properties(entrada = 55) (salida = 55)(desinflado 0%)
agregando: META-INF/maven/dev.atk.hytale/ATK/pom.xml(entrada = 971) (salida = 405)(desinflado 58%)
agregando: dev/(entrada = 0) (salida = 0)(almacenado 0%)
agregando: dev/jei/(entrada = 0) (salida = 0)(almacenado 0%)
agregando: dev/jei/hytale/(entrada = 0) (salida = 0)(almacenado 0%)
agregando: dev/jei/hytale/jei/(entrada = 0) (salida = 0)(almacenado 0%)
agregando: dev/jei/hytale/jei/ATKPlugin.class(entrada = 4336) (salida = 1729)(desinflado 60%)
agregando: dev/jei/hytale/jei/BookmarkManager.class(entrada = 3438) (salida = 1469)(desinflado 57%)
agregando: dev/jei/hytale/jei/ItemSourceManager$ItemSource.class(entrada = 1323) (salida = 560)(desinflado 57%)
agregando: dev/jei/hytale/jei/ItemSourceManager$SourceType.class(entrada = 2727) (salida = 1368)(desinflado 49%)
agregando: dev/jei/hytale/jei/ItemSourceManager.class(entrada = 12633) (salida = 5919)(desinflado 53%)
agregando: dev/jei/hytale/jei/KeyBindManager.class(entrada = 1091) (salida = 581)(desinflado 46%)
agregando: dev/jei/hytale/jei/ModManager$ModInfo.class(entrada = 513) (salida = 326)(desinflado 36%)
agregando: dev/jei/hytale/jei/ModManager.class(entrada = 8567) (salida = 3973)(desinflado 53%)
agregando: dev/jei/hytale/jei/commands/(entrada = 0) (salida = 0)(almacenado 0%)
agregando: dev/jei/hytale/jei/commands/ATKCommand.class(entrada = 4399) (salida = 1805)(desinflado 58%)
agregando: dev/jei/hytale/jei/commands/BindCommand.class(entrada = 2565) (salida = 1146)(desinflado 55%)
agregando: dev/jei/hytale/jei/commands/GiveCommand.class(entrada = 5306) (salida = 1977)(desinflado 62%)
agregando: dev/jei/hytale/jei/commands/ListCommand.class(entrada = 2686) (salida = 1254)(desinflado 53%)
agregando: dev/jei/hytale/jei/commands/SearchCommand.class(entrada = 4192) (salida = 1535)(desinflado 63%)
agregando: dev/jei/hytale/jei/commands/UnbindCommand.class(entrada = 2581) (salida = 1155)(desinflado 55%)
agregando: dev/jei/hytale/jei/detection/(entrada = 0) (salida = 0)(almacenado 0%)
agregando: dev/jei/hytale/jei/detection/DropTableUtility$DropInfo.class(entrada = 1856) (salida = 969)(desinflado 47%)
agregando: dev/jei/hytale/jei/detection/DropTableUtility.class(entrada = 11057) (salida = 3909)(desinflado 64%)
agregando: dev/jei/hytale/jei/detection/MobDropDetector$DropListLookup.class(entrada = 629) (salida = 362)(desinflado 42%)
agregando: dev/jei/hytale/jei/detection/MobDropDetector.class(entrada = 19272) (salida = 8483)(desinflado 55%)
agregando: dev/jei/hytale/jei/detection/OreDetector.class(entrada = 8468) (salida = 4012)(desinflado 52%)
agregando: dev/jei/hytale/jei/pages/(entrada = 0) (salida = 0)(almacenado 0%)
agregando: dev/jei/hytale/jei/pages/ATKPage$ATKPageEventData.class(entrada = 4527) (salida = 1590)(desinflado 64%)
agregando: dev/jei/hytale/jei/pages/ATKPage.class(entrada = 25802) (salida = 11227)(desinflado 56%)
agregando: dev/jei/hytale/jei/pages/HowToObtainPage$HowToObtainEventData.class(entrada = 3097) (salida = 1125)(desinflado 63%)
agregando: dev/jei/hytale/jei/pages/HowToObtainPage.class(entrada = 10199) (salida = 3713)(desinflado 63%)
agregando: dev/jei/hytale/jei/pages/ItemDetailPage$ItemDetailEventData.class(entrada = 3688) (salida = 1327)(desinflado 64%)
agregando: dev/jei/hytale/jei/pages/ItemDetailPage.class(entrada = 32185) (salida = 13682)(desinflado 57%)
agregando: dev/jei/hytale/jei/systems/(entrada = 0) (salida = 0)(almacenado 0%)
agregando: dev/jei/hytale/jei/systems/DropItemEventSystem.class(entrada = 5221) (salida = 1477)(desinflado 71%)
agregando: manifest.json(entrada = 452) (salida = 260)(desinflado 42%)
[2026-02-14 22:20:15] Empaquetado: /home/handerson/Descargas/sd/out_yad/ATK-1.4.5 -> /home/handerson/Descargas/sd/out_yad/ATK-1.4.5.jar
extracting to directory: /home/handerson/Descargas/sd/out_yad/AdminUI-1.0.5
  creado: META-INF/
 inflado: META-INF/MANIFEST.MF
  creado: Common/
  creado: Common/UI/
  creado: Common/UI/Custom/
 inflado: Common/UI/Custom/Buuz135_AdminUI.png
  creado: Common/UI/Custom/Common/
 inflado: Common/UI/Custom/Common/DropdownDown@2x.png
  creado: Common/UI/Custom/Pages/
  creado: Common/UI/Custom/Pages/AdminStick/
 inflado: Common/UI/Custom/Pages/AdminStick/Buuz135_AdminUI_AdminStickPage.ui
  creado: Common/UI/Custom/Pages/Backup/
 inflado: Common/UI/Custom/Pages/Backup/Buuz135_AdminUI_BackupEntry.ui
 inflado: Common/UI/Custom/Pages/Backup/Buuz135_AdminUI_BackupPage.ui
  creado: Common/UI/Custom/Pages/Ban/
 inflado: Common/UI/Custom/Pages/Ban/Buuz135_AdminUI_BanEntry.ui
 inflado: Common/UI/Custom/Pages/Ban/Buuz135_AdminUI_BanPage.ui
 inflado: Common/UI/Custom/Pages/Buuz135_AdminUI_Index.ui
 inflado: Common/UI/Custom/Pages/Buuz135_AdminUI_IndexEntry.ui
  creado: Common/UI/Custom/Pages/Mute/
 inflado: Common/UI/Custom/Pages/Mute/Buuz135_AdminUI_MuteEntry.ui
 inflado: Common/UI/Custom/Pages/Mute/Buuz135_AdminUI_MutePage.ui
  creado: Common/UI/Custom/Pages/Nav/
 inflado: Common/UI/Custom/Pages/Nav/Buuz135_AdminUI_TopNavigationBar.ui
 inflado: Common/UI/Custom/Pages/Nav/Buuz135_AdminUI_TopNavigationBarButton.ui
  creado: Common/UI/Custom/Pages/Player/
 inflado: Common/UI/Custom/Pages/Player/Buuz135_AdminUI_PlayerEntry.ui
 inflado: Common/UI/Custom/Pages/Player/Buuz135_AdminUI_PlayerPage.ui
  creado: Common/UI/Custom/Pages/Stat/
 inflado: Common/UI/Custom/Pages/Stat/Buuz135_AdminUI_StatPage.ui
  creado: Common/UI/Custom/Pages/Warp/
 inflado: Common/UI/Custom/Pages/Warp/Buuz135_AdminUI_WarpEntry.ui
 inflado: Common/UI/Custom/Pages/Warp/Buuz135_AdminUI_WarpPage.ui
  creado: Common/UI/Custom/Pages/Whitelist/
 inflado: Common/UI/Custom/Pages/Whitelist/Buuz135_AdminUI_WhitelistEntry.ui
 inflado: Common/UI/Custom/Pages/Whitelist/Buuz135_AdminUI_WhitelistPage.ui
 inflado: Common/UI/Custom/admin_ui.png
  creado: Server/
  creado: Server/Item/
  creado: Server/Item/Interactions/
  creado: Server/Item/Interactions/Item/
 inflado: Server/Item/Interactions/Item/Buuz135_AdminUI_Open_AdminIndex.json
  creado: Server/Item/Items/
  creado: Server/Item/Items/Ingredient/
 inflado: Server/Item/Items/Ingredient/Buuz135_AdminUI_Admin_Stick.json
  creado: Server/Item/RootInteractions/
 inflado: Server/Item/RootInteractions/Buuz135_AdminUI_Admin_Stick.json
  creado: Server/Item/RootInteractions/Item/
  creado: Server/Languages/
  creado: Server/Languages/en-US/
 inflado: Server/Languages/en-US/adminui_items.lang
  creado: com/
  creado: com/buuz135/
  creado: com/buuz135/adminui/
 inflado: com/buuz135/adminui/AdminUI.class
 inflado: com/buuz135/adminui/AdminUIIndexRegistry$Entry.class
 inflado: com/buuz135/adminui/AdminUIIndexRegistry.class
  creado: com/buuz135/adminui/command/
 inflado: com/buuz135/adminui/command/AdminCommand.class
 inflado: com/buuz135/adminui/command/AdminShortcutCommand.class
  creado: com/buuz135/adminui/gui/
 inflado: com/buuz135/adminui/gui/AdminIndexGui$IndexGuiData.class
 inflado: com/buuz135/adminui/gui/AdminIndexGui.class
 inflado: com/buuz135/adminui/gui/AdminStickGui$SearchGuiData.class
 inflado: com/buuz135/adminui/gui/AdminStickGui.class
 inflado: com/buuz135/adminui/gui/BackupGui$SearchGuiData.class
 inflado: com/buuz135/adminui/gui/BackupGui.class
 inflado: com/buuz135/adminui/gui/BanGui$SearchGuiData.class
 inflado: com/buuz135/adminui/gui/BanGui.class
 inflado: com/buuz135/adminui/gui/MuteGui$SearchGuiData.class
 inflado: com/buuz135/adminui/gui/MuteGui.class
 inflado: com/buuz135/adminui/gui/NavBarHelper.class
 inflado: com/buuz135/adminui/gui/PlayerGui$SearchGuiData.class
 inflado: com/buuz135/adminui/gui/PlayerGui.class
 inflado: com/buuz135/adminui/gui/StatsGui$SearchGuiData.class
 inflado: com/buuz135/adminui/gui/StatsGui.class
 inflado: com/buuz135/adminui/gui/WarpGui$SearchGuiData.class
 inflado: com/buuz135/adminui/gui/WarpGui.class
 inflado: com/buuz135/adminui/gui/WhitelistGui$SearchGuiData.class
 inflado: com/buuz135/adminui/gui/WhitelistGui.class
  creado: com/buuz135/adminui/interaction/
 inflado: com/buuz135/adminui/interaction/AdminStickInteraction.class
  creado: com/buuz135/adminui/util/
 inflado: com/buuz135/adminui/util/AdminStickCustomConfig$Config.class
 inflado: com/buuz135/adminui/util/AdminStickCustomConfig.class
 inflado: com/buuz135/adminui/util/AuthUtil.class
 inflado: com/buuz135/adminui/util/BackupConfiguration.class
 inflado: com/buuz135/adminui/util/DurationParser.class
 inflado: com/buuz135/adminui/util/MessageHelper$ML.class
 inflado: com/buuz135/adminui/util/MessageHelper.class
 inflado: com/buuz135/adminui/util/MuteTracker$Mute.class
 inflado: com/buuz135/adminui/util/MuteTracker.class
 inflado: com/buuz135/adminui/util/PermissionList.class
 inflado: com/buuz135/adminui/util/PlayerTracker$Players.class
 inflado: com/buuz135/adminui/util/PlayerTracker.class
 inflado: com/buuz135/adminui/util/ReflectionUtil.class
 inflado: manifest.json
[2026-02-14 22:25:07] Desempaquetado: /home/handerson/Descargas/sd/out_yad/AdminUI-1.0.5.jar -> /home/handerson/Descargas/sd/out_yad/AdminUI-1.0.5
extracting to directory: /home/handerson/Descargas/sd/out_yad/AdvancedItemInfo-1.0.5
  creado: META-INF/
 inflado: META-INF/MANIFEST.MF
  creado: Common/
  creado: Common/UI/
  creado: Common/UI/Custom/
  creado: Common/UI/Custom/Pages/
 inflado: Common/UI/Custom/Pages/Buuz135_AdvancedItemInfo_Gui.ui
 inflado: Common/UI/Custom/Pages/Buuz135_AdvancedItemInfo_SearchItemIcon.ui
  creado: Server/
  creado: Server/NPC/
  creado: Server/NPC/Roles/
  creado: com/
  creado: com/buuz135/
  creado: com/buuz135/advancediteminfo/
 inflado: com/buuz135/advancediteminfo/AdvancedItemInfoGui$SearchGuiData.class
 inflado: com/buuz135/advancediteminfo/AdvancedItemInfoGui$SearchResult.class
 inflado: com/buuz135/advancediteminfo/AdvancedItemInfoGui.class
 inflado: com/buuz135/advancediteminfo/Main.class
 inflado: com/buuz135/advancediteminfo/MessageHelper$ML.class
 inflado: com/buuz135/advancediteminfo/MessageHelper.class
 inflado: com/buuz135/advancediteminfo/OpenAdvancedInfoCommand$1.class
 inflado: com/buuz135/advancediteminfo/OpenAdvancedInfoCommand.class
 inflado: manifest.json
[2026-02-14 22:25:08] Desempaquetado: /home/handerson/Descargas/sd/out_yad/AdvancedItemInfo-1.0.5.jar -> /home/handerson/Descargas/sd/out_yad/AdvancedItemInfo-1.0.5
extracting to directory: /home/handerson/Descargas/sd/out_yad/ATK-1.4.5
  creado: META-INF/
 inflado: META-INF/MANIFEST.MF
  creado: Common/
  creado: Common/Config/
 inflado: Common/Config/ore_data.json
  creado: Common/UI/
  creado: Common/UI/Custom/
  creado: Common/UI/Custom/Pages/
 inflado: Common/UI/Custom/Pages/ATK_CategoryButton.ui
 inflado: Common/UI/Custom/Pages/ATK_HowToObtain.ui
 inflado: Common/UI/Custom/Pages/ATK_Ingredient.ui
 inflado: Common/UI/Custom/Pages/ATK_ItemDetail.ui
 inflado: Common/UI/Custom/Pages/ATK_ItemIcon.ui
 inflado: Common/UI/Custom/Pages/ATK_Page.ui
 inflado: Common/UI/Custom/Pages/ATK_RecipeInfo.ui
 inflado: Common/UI/Custom/Pages/ATK_Row.ui
 inflado: Common/UI/Custom/Pages/ATK_SectionHeader.ui
 inflado: Common/UI/Custom/Pages/ATK_SourceItem.ui
 inflado: Common/UI/Custom/Pages/ATK_UsedInItem.ui
  creado: META-INF/maven/
  creado: META-INF/maven/dev.atk.hytale/
  creado: META-INF/maven/dev.atk.hytale/ATK/
 inflado: META-INF/maven/dev.atk.hytale/ATK/pom.properties
 inflado: META-INF/maven/dev.atk.hytale/ATK/pom.xml
  creado: dev/
  creado: dev/jei/
  creado: dev/jei/hytale/
  creado: dev/jei/hytale/jei/
 inflado: dev/jei/hytale/jei/ATKPlugin.class
 inflado: dev/jei/hytale/jei/BookmarkManager.class
 inflado: dev/jei/hytale/jei/ItemSourceManager$ItemSource.class
 inflado: dev/jei/hytale/jei/ItemSourceManager$SourceType.class
 inflado: dev/jei/hytale/jei/ItemSourceManager.class
 inflado: dev/jei/hytale/jei/KeyBindManager.class
 inflado: dev/jei/hytale/jei/ModManager$ModInfo.class
 inflado: dev/jei/hytale/jei/ModManager.class
  creado: dev/jei/hytale/jei/commands/
 inflado: dev/jei/hytale/jei/commands/ATKCommand.class
 inflado: dev/jei/hytale/jei/commands/BindCommand.class
 inflado: dev/jei/hytale/jei/commands/GiveCommand.class
 inflado: dev/jei/hytale/jei/commands/ListCommand.class
 inflado: dev/jei/hytale/jei/commands/SearchCommand.class
 inflado: dev/jei/hytale/jei/commands/UnbindCommand.class
  creado: dev/jei/hytale/jei/detection/
 inflado: dev/jei/hytale/jei/detection/DropTableUtility$DropInfo.class
 inflado: dev/jei/hytale/jei/detection/DropTableUtility.class
 inflado: dev/jei/hytale/jei/detection/MobDropDetector$DropListLookup.class
 inflado: dev/jei/hytale/jei/detection/MobDropDetector.class
 inflado: dev/jei/hytale/jei/detection/OreDetector.class
  creado: dev/jei/hytale/jei/pages/
 inflado: dev/jei/hytale/jei/pages/ATKPage$ATKPageEventData.class
 inflado: dev/jei/hytale/jei/pages/ATKPage.class
 inflado: dev/jei/hytale/jei/pages/HowToObtainPage$HowToObtainEventData.class
 inflado: dev/jei/hytale/jei/pages/HowToObtainPage.class
 inflado: dev/jei/hytale/jei/pages/ItemDetailPage$ItemDetailEventData.class
 inflado: dev/jei/hytale/jei/pages/ItemDetailPage.class
  creado: dev/jei/hytale/jei/systems/
 inflado: dev/jei/hytale/jei/systems/DropItemEventSystem.class
 inflado: manifest.json
[2026-02-14 22:25:08] Desempaquetado: /home/handerson/Descargas/sd/out_yad/ATK-1.4.5.jar -> /home/handerson/Descargas/sd/out_yad/ATK-1.4.5
manifiesto agregado
agregando: Common/(entrada = 0) (salida = 0)(almacenado 0%)
agregando: Common/UI/(entrada = 0) (salida = 0)(almacenado 0%)
agregando: Common/UI/Custom/(entrada = 0) (salida = 0)(almacenado 0%)
agregando: Common/UI/Custom/Buuz135_AdminUI.png(entrada = 13401) (salida = 11687)(desinflado 12%)
agregando: Common/UI/Custom/Common/(entrada = 0) (salida = 0)(almacenado 0%)
agregando: Common/UI/Custom/Common/DropdownDown@2x.png(entrada = 1147) (salida = 853)(desinflado 25%)
agregando: Common/UI/Custom/Pages/(entrada = 0) (salida = 0)(almacenado 0%)
agregando: Common/UI/Custom/Pages/AdminStick/(entrada = 0) (salida = 0)(almacenado 0%)
agregando: Common/UI/Custom/Pages/AdminStick/Buuz135_AdminUI_AdminStickPage.ui(entrada = 4907) (salida = 737)(desinflado 84%)
agregando: Common/UI/Custom/Pages/Backup/(entrada = 0) (salida = 0)(almacenado 0%)
agregando: Common/UI/Custom/Pages/Backup/Buuz135_AdminUI_BackupEntry.ui(entrada = 1322) (salida = 428)(desinflado 67%)
agregando: Common/UI/Custom/Pages/Backup/Buuz135_AdminUI_BackupPage.ui(entrada = 6033) (salida = 1216)(desinflado 79%)
agregando: Common/UI/Custom/Pages/Ban/(entrada = 0) (salida = 0)(almacenado 0%)
agregando: Common/UI/Custom/Pages/Ban/Buuz135_AdminUI_BanEntry.ui(entrada = 1768) (salida = 448)(desinflado 74%)
agregando: Common/UI/Custom/Pages/Ban/Buuz135_AdminUI_BanPage.ui(entrada = 3804) (salida = 896)(desinflado 76%)
agregando: Common/UI/Custom/Pages/Buuz135_AdminUI_Index.ui(entrada = 778) (salida = 351)(desinflado 54%)
agregando: Common/UI/Custom/Pages/Buuz135_AdminUI_IndexEntry.ui(entrada = 504) (salida = 281)(desinflado 44%)
agregando: Common/UI/Custom/Pages/Mute/(entrada = 0) (salida = 0)(almacenado 0%)
agregando: Common/UI/Custom/Pages/Mute/Buuz135_AdminUI_MuteEntry.ui(entrada = 2198) (salida = 466)(desinflado 78%)
agregando: Common/UI/Custom/Pages/Mute/Buuz135_AdminUI_MutePage.ui(entrada = 4533) (salida = 945)(desinflado 79%)
agregando: Common/UI/Custom/Pages/Nav/(entrada = 0) (salida = 0)(almacenado 0%)
agregando: Common/UI/Custom/Pages/Nav/Buuz135_AdminUI_TopNavigationBar.ui(entrada = 2152) (salida = 518)(desinflado 75%)
agregando: Common/UI/Custom/Pages/Nav/Buuz135_AdminUI_TopNavigationBarButton.ui(entrada = 119) (salida = 107)(desinflado 10%)
agregando: Common/UI/Custom/Pages/Player/(entrada = 0) (salida = 0)(almacenado 0%)
agregando: Common/UI/Custom/Pages/Player/Buuz135_AdminUI_PlayerEntry.ui(entrada = 8574) (salida = 1392)(desinflado 83%)
agregando: Common/UI/Custom/Pages/Player/Buuz135_AdminUI_PlayerPage.ui(entrada = 3074) (salida = 827)(desinflado 73%)
agregando: Common/UI/Custom/Pages/Stat/(entrada = 0) (salida = 0)(almacenado 0%)
agregando: Common/UI/Custom/Pages/Stat/Buuz135_AdminUI_StatPage.ui(entrada = 12658) (salida = 1259)(desinflado 90%)
agregando: Common/UI/Custom/Pages/Warp/(entrada = 0) (salida = 0)(almacenado 0%)
agregando: Common/UI/Custom/Pages/Warp/Buuz135_AdminUI_WarpEntry.ui(entrada = 3359) (salida = 672)(desinflado 79%)
agregando: Common/UI/Custom/Pages/Warp/Buuz135_AdminUI_WarpPage.ui(entrada = 3164) (salida = 845)(desinflado 73%)
agregando: Common/UI/Custom/Pages/Whitelist/(entrada = 0) (salida = 0)(almacenado 0%)
agregando: Common/UI/Custom/Pages/Whitelist/Buuz135_AdminUI_WhitelistEntry.ui(entrada = 786) (salida = 349)(desinflado 55%)
agregando: Common/UI/Custom/Pages/Whitelist/Buuz135_AdminUI_WhitelistPage.ui(entrada = 3670) (salida = 923)(desinflado 74%)
agregando: Common/UI/Custom/admin_ui.png(entrada = 8984) (salida = 6235)(desinflado 30%)
ignorando entrada META-INF/
ignorando entrada META-INF/MANIFEST.MF
agregando: Server/(entrada = 0) (salida = 0)(almacenado 0%)
agregando: Server/Item/(entrada = 0) (salida = 0)(almacenado 0%)
agregando: Server/Item/Interactions/(entrada = 0) (salida = 0)(almacenado 0%)
agregando: Server/Item/Interactions/Item/(entrada = 0) (salida = 0)(almacenado 0%)
agregando: Server/Item/Interactions/Item/Buuz135_AdminUI_Open_AdminIndex.json(entrada = 54) (salida = 51)(desinflado 5%)
agregando: Server/Item/Items/(entrada = 0) (salida = 0)(almacenado 0%)
agregando: Server/Item/Items/Ingredient/(entrada = 0) (salida = 0)(almacenado 0%)
agregando: Server/Item/Items/Ingredient/Buuz135_AdminUI_Admin_Stick.json(entrada = 1034) (salida = 411)(desinflado 60%)
agregando: Server/Item/RootInteractions/(entrada = 0) (salida = 0)(almacenado 0%)
agregando: Server/Item/RootInteractions/Buuz135_AdminUI_Admin_Stick.json(entrada = 106) (salida = 89)(desinflado 16%)
agregando: Server/Item/RootInteractions/Item/(entrada = 0) (salida = 0)(almacenado 0%)
agregando: Server/Languages/(entrada = 0) (salida = 0)(almacenado 0%)
agregando: Server/Languages/en-US/(entrada = 0) (salida = 0)(almacenado 0%)
agregando: Server/Languages/en-US/adminui_items.lang(entrada = 202) (salida = 129)(desinflado 36%)
agregando: com/(entrada = 0) (salida = 0)(almacenado 0%)
agregando: com/buuz135/(entrada = 0) (salida = 0)(almacenado 0%)
agregando: com/buuz135/adminui/(entrada = 0) (salida = 0)(almacenado 0%)
agregando: com/buuz135/adminui/AdminUI.class(entrada = 15258) (salida = 5651)(desinflado 62%)
agregando: com/buuz135/adminui/AdminUIIndexRegistry$Entry.class(entrada = 3286) (salida = 1159)(desinflado 64%)
agregando: com/buuz135/adminui/AdminUIIndexRegistry.class(entrada = 3173) (salida = 1282)(desinflado 59%)
agregando: com/buuz135/adminui/command/(entrada = 0) (salida = 0)(almacenado 0%)
agregando: com/buuz135/adminui/command/AdminCommand.class(entrada = 5376) (salida = 1921)(desinflado 64%)
agregando: com/buuz135/adminui/command/AdminShortcutCommand.class(entrada = 6029) (salida = 2194)(desinflado 63%)
agregando: com/buuz135/adminui/gui/(entrada = 0) (salida = 0)(almacenado 0%)
agregando: com/buuz135/adminui/gui/AdminIndexGui$IndexGuiData.class(entrada = 3135) (salida = 1200)(desinflado 61%)
agregando: com/buuz135/adminui/gui/AdminIndexGui.class(entrada = 8232) (salida = 2752)(desinflado 66%)
agregando: com/buuz135/adminui/gui/AdminStickGui$SearchGuiData.class(entrada = 3498) (salida = 1333)(desinflado 61%)
agregando: com/buuz135/adminui/gui/AdminStickGui.class(entrada = 11164) (salida = 3654)(desinflado 67%)
agregando: com/buuz135/adminui/gui/BackupGui$SearchGuiData.class(entrada = 5225) (salida = 1964)(desinflado 62%)
agregando: com/buuz135/adminui/gui/BackupGui.class(entrada = 16132) (salida = 6200)(desinflado 61%)
agregando: com/buuz135/adminui/gui/BanGui$SearchGuiData.class(entrada = 4482) (salida = 1684)(desinflado 62%)
agregando: com/buuz135/adminui/gui/BanGui.class(entrada = 18525) (salida = 6588)(desinflado 64%)
agregando: com/buuz135/adminui/gui/MuteGui$SearchGuiData.class(entrada = 4836) (salida = 1787)(desinflado 63%)
agregando: com/buuz135/adminui/gui/MuteGui.class(entrada = 16200) (salida = 5906)(desinflado 63%)
agregando: com/buuz135/adminui/gui/NavBarHelper.class(entrada = 6159) (salida = 2148)(desinflado 65%)
agregando: com/buuz135/adminui/gui/PlayerGui$SearchGuiData.class(entrada = 4131) (salida = 1546)(desinflado 62%)
agregando: com/buuz135/adminui/gui/PlayerGui.class(entrada = 27628) (salida = 9606)(desinflado 65%)
agregando: com/buuz135/adminui/gui/StatsGui$SearchGuiData.class(entrada = 3102) (salida = 1199)(desinflado 61%)
agregando: com/buuz135/adminui/gui/StatsGui.class(entrada = 12416) (salida = 3952)(desinflado 68%)
agregando: com/buuz135/adminui/gui/WarpGui$SearchGuiData.class(entrada = 4144) (salida = 1558)(desinflado 62%)
agregando: com/buuz135/adminui/gui/WarpGui.class(entrada = 16498) (salida = 5904)(desinflado 64%)
agregando: com/buuz135/adminui/gui/WhitelistGui$SearchGuiData.class(entrada = 4184) (salida = 1560)(desinflado 62%)
agregando: com/buuz135/adminui/gui/WhitelistGui.class(entrada = 15666) (salida = 5579)(desinflado 64%)
agregando: com/buuz135/adminui/interaction/(entrada = 0) (salida = 0)(almacenado 0%)
agregando: com/buuz135/adminui/interaction/AdminStickInteraction.class(entrada = 6376) (salida = 2284)(desinflado 64%)
agregando: com/buuz135/adminui/util/(entrada = 0) (salida = 0)(almacenado 0%)
agregando: com/buuz135/adminui/util/AdminStickCustomConfig$Config.class(entrada = 3143) (salida = 1280)(desinflado 59%)
agregando: com/buuz135/adminui/util/AdminStickCustomConfig.class(entrada = 5889) (salida = 2579)(desinflado 56%)
agregando: com/buuz135/adminui/util/AuthUtil.class(entrada = 3830) (salida = 1551)(desinflado 59%)
agregando: com/buuz135/adminui/util/BackupConfiguration.class(entrada = 2957) (salida = 1302)(desinflado 55%)
agregando: com/buuz135/adminui/util/DurationParser.class(entrada = 1775) (salida = 989)(desinflado 44%)
agregando: com/buuz135/adminui/util/MessageHelper$ML.class(entrada = 1778) (salida = 766)(desinflado 56%)
agregando: com/buuz135/adminui/util/MessageHelper.class(entrada = 532) (salida = 313)(desinflado 41%)
agregando: com/buuz135/adminui/util/MuteTracker$Mute.class(entrada = 2047) (salida = 844)(desinflado 58%)
agregando: com/buuz135/adminui/util/MuteTracker.class(entrada = 6943) (salida = 3008)(desinflado 56%)
agregando: com/buuz135/adminui/util/PermissionList.class(entrada = 3781) (salida = 1646)(desinflado 56%)
agregando: com/buuz135/adminui/util/PlayerTracker$Players.class(entrada = 1932) (salida = 801)(desinflado 58%)
agregando: com/buuz135/adminui/util/PlayerTracker.class(entrada = 6544) (salida = 2726)(desinflado 58%)
agregando: com/buuz135/adminui/util/ReflectionUtil.class(entrada = 1349) (salida = 667)(desinflado 50%)
agregando: manifest.json(entrada = 463) (salida = 267)(desinflado 42%)
[2026-02-14 22:25:59] Empaquetado: /home/handerson/Descargas/sd/out_yad/AdminUI-1.0.5 -> /home/handerson/Descargas/sd/out_yad/AdminUI-1.0.5.jar
manifiesto agregado
agregando: Common/(entrada = 0) (salida = 0)(almacenado 0%)
agregando: Common/UI/(entrada = 0) (salida = 0)(almacenado 0%)
agregando: Common/UI/Custom/(entrada = 0) (salida = 0)(almacenado 0%)
agregando: Common/UI/Custom/Pages/(entrada = 0) (salida = 0)(almacenado 0%)
agregando: Common/UI/Custom/Pages/Buuz135_AdvancedItemInfo_Gui.ui(entrada = 744) (salida = 338)(desinflado 54%)
agregando: Common/UI/Custom/Pages/Buuz135_AdvancedItemInfo_SearchItemIcon.ui(entrada = 524) (salida = 273)(desinflado 47%)
ignorando entrada META-INF/
ignorando entrada META-INF/MANIFEST.MF
agregando: Server/(entrada = 0) (salida = 0)(almacenado 0%)
agregando: Server/NPC/(entrada = 0) (salida = 0)(almacenado 0%)
agregando: Server/NPC/Roles/(entrada = 0) (salida = 0)(almacenado 0%)
agregando: com/(entrada = 0) (salida = 0)(almacenado 0%)
agregando: com/buuz135/(entrada = 0) (salida = 0)(almacenado 0%)
agregando: com/buuz135/advancediteminfo/(entrada = 0) (salida = 0)(almacenado 0%)
agregando: com/buuz135/advancediteminfo/AdvancedItemInfoGui$SearchGuiData.class(entrada = 3232) (salida = 1215)(desinflado 62%)
agregando: com/buuz135/advancediteminfo/AdvancedItemInfoGui$SearchResult.class(entrada = 1806) (salida = 787)(desinflado 56%)
agregando: com/buuz135/advancediteminfo/AdvancedItemInfoGui.class(entrada = 18311) (salida = 6369)(desinflado 65%)
agregando: com/buuz135/advancediteminfo/Main.class(entrada = 6810) (salida = 2192)(desinflado 67%)
agregando: com/buuz135/advancediteminfo/MessageHelper$ML.class(entrada = 1798) (salida = 771)(desinflado 57%)
agregando: com/buuz135/advancediteminfo/MessageHelper.class(entrada = 548) (salida = 320)(desinflado 41%)
agregando: com/buuz135/advancediteminfo/OpenAdvancedInfoCommand$1.class(entrada = 1748) (salida = 731)(desinflado 58%)
agregando: com/buuz135/advancediteminfo/OpenAdvancedInfoCommand.class(entrada = 6715) (salida = 2331)(desinflado 65%)
agregando: manifest.json(entrada = 486) (salida = 283)(desinflado 41%)
[2026-02-14 22:26:01] Empaquetado: /home/handerson/Descargas/sd/out_yad/AdvancedItemInfo-1.0.5 -> /home/handerson/Descargas/sd/out_yad/AdvancedItemInfo-1.0.5.jar
manifiesto agregado
agregando: Common/(entrada = 0) (salida = 0)(almacenado 0%)
agregando: Common/Config/(entrada = 0) (salida = 0)(almacenado 0%)
agregando: Common/Config/ore_data.json(entrada = 4294) (salida = 643)(desinflado 85%)
agregando: Common/UI/(entrada = 0) (salida = 0)(almacenado 0%)
agregando: Common/UI/Custom/(entrada = 0) (salida = 0)(almacenado 0%)
agregando: Common/UI/Custom/Pages/(entrada = 0) (salida = 0)(almacenado 0%)
agregando: Common/UI/Custom/Pages/ATK_CategoryButton.ui(entrada = 363) (salida = 215)(desinflado 40%)
agregando: Common/UI/Custom/Pages/ATK_HowToObtain.ui(entrada = 1265) (salida = 476)(desinflado 62%)
agregando: Common/UI/Custom/Pages/ATK_Ingredient.ui(entrada = 554) (salida = 298)(desinflado 46%)
agregando: Common/UI/Custom/Pages/ATK_ItemDetail.ui(entrada = 6136) (salida = 1047)(desinflado 82%)
agregando: Common/UI/Custom/Pages/ATK_ItemIcon.ui(entrada = 521) (salida = 274)(desinflado 47%)
agregando: Common/UI/Custom/Pages/ATK_Page.ui(entrada = 2529) (salida = 709)(desinflado 71%)
agregando: Common/UI/Custom/Pages/ATK_RecipeInfo.ui(entrada = 611) (salida = 285)(desinflado 53%)
agregando: Common/UI/Custom/Pages/ATK_Row.ui(entrada = 57) (salida = 55)(desinflado 3%)
agregando: Common/UI/Custom/Pages/ATK_SectionHeader.ui(entrada = 201) (salida = 147)(desinflado 26%)
agregando: Common/UI/Custom/Pages/ATK_SourceItem.ui(entrada = 749) (salida = 305)(desinflado 59%)
agregando: Common/UI/Custom/Pages/ATK_UsedInItem.ui(entrada = 673) (salida = 332)(desinflado 50%)
ignorando entrada META-INF/
ignorando entrada META-INF/MANIFEST.MF
agregando: META-INF/maven/(entrada = 0) (salida = 0)(almacenado 0%)
agregando: META-INF/maven/dev.atk.hytale/(entrada = 0) (salida = 0)(almacenado 0%)
agregando: META-INF/maven/dev.atk.hytale/ATK/(entrada = 0) (salida = 0)(almacenado 0%)
agregando: META-INF/maven/dev.atk.hytale/ATK/pom.properties(entrada = 55) (salida = 55)(desinflado 0%)
agregando: META-INF/maven/dev.atk.hytale/ATK/pom.xml(entrada = 971) (salida = 405)(desinflado 58%)
agregando: dev/(entrada = 0) (salida = 0)(almacenado 0%)
agregando: dev/jei/(entrada = 0) (salida = 0)(almacenado 0%)
agregando: dev/jei/hytale/(entrada = 0) (salida = 0)(almacenado 0%)
agregando: dev/jei/hytale/jei/(entrada = 0) (salida = 0)(almacenado 0%)
agregando: dev/jei/hytale/jei/ATKPlugin.class(entrada = 4336) (salida = 1729)(desinflado 60%)
agregando: dev/jei/hytale/jei/BookmarkManager.class(entrada = 3438) (salida = 1469)(desinflado 57%)
agregando: dev/jei/hytale/jei/ItemSourceManager$ItemSource.class(entrada = 1323) (salida = 560)(desinflado 57%)
agregando: dev/jei/hytale/jei/ItemSourceManager$SourceType.class(entrada = 2727) (salida = 1368)(desinflado 49%)
agregando: dev/jei/hytale/jei/ItemSourceManager.class(entrada = 12633) (salida = 5919)(desinflado 53%)
agregando: dev/jei/hytale/jei/KeyBindManager.class(entrada = 1091) (salida = 581)(desinflado 46%)
agregando: dev/jei/hytale/jei/ModManager$ModInfo.class(entrada = 513) (salida = 326)(desinflado 36%)
agregando: dev/jei/hytale/jei/ModManager.class(entrada = 8567) (salida = 3973)(desinflado 53%)
agregando: dev/jei/hytale/jei/commands/(entrada = 0) (salida = 0)(almacenado 0%)
agregando: dev/jei/hytale/jei/commands/ATKCommand.class(entrada = 4399) (salida = 1805)(desinflado 58%)
agregando: dev/jei/hytale/jei/commands/BindCommand.class(entrada = 2565) (salida = 1146)(desinflado 55%)
agregando: dev/jei/hytale/jei/commands/GiveCommand.class(entrada = 5306) (salida = 1977)(desinflado 62%)
agregando: dev/jei/hytale/jei/commands/ListCommand.class(entrada = 2686) (salida = 1254)(desinflado 53%)
agregando: dev/jei/hytale/jei/commands/SearchCommand.class(entrada = 4192) (salida = 1535)(desinflado 63%)
agregando: dev/jei/hytale/jei/commands/UnbindCommand.class(entrada = 2581) (salida = 1155)(desinflado 55%)
agregando: dev/jei/hytale/jei/detection/(entrada = 0) (salida = 0)(almacenado 0%)
agregando: dev/jei/hytale/jei/detection/DropTableUtility$DropInfo.class(entrada = 1856) (salida = 969)(desinflado 47%)
agregando: dev/jei/hytale/jei/detection/DropTableUtility.class(entrada = 11057) (salida = 3909)(desinflado 64%)
agregando: dev/jei/hytale/jei/detection/MobDropDetector$DropListLookup.class(entrada = 629) (salida = 362)(desinflado 42%)
agregando: dev/jei/hytale/jei/detection/MobDropDetector.class(entrada = 19272) (salida = 8483)(desinflado 55%)
agregando: dev/jei/hytale/jei/detection/OreDetector.class(entrada = 8468) (salida = 4012)(desinflado 52%)
agregando: dev/jei/hytale/jei/pages/(entrada = 0) (salida = 0)(almacenado 0%)
agregando: dev/jei/hytale/jei/pages/ATKPage$ATKPageEventData.class(entrada = 4527) (salida = 1590)(desinflado 64%)
agregando: dev/jei/hytale/jei/pages/ATKPage.class(entrada = 25802) (salida = 11227)(desinflado 56%)
agregando: dev/jei/hytale/jei/pages/HowToObtainPage$HowToObtainEventData.class(entrada = 3097) (salida = 1125)(desinflado 63%)
agregando: dev/jei/hytale/jei/pages/HowToObtainPage.class(entrada = 10199) (salida = 3713)(desinflado 63%)
agregando: dev/jei/hytale/jei/pages/ItemDetailPage$ItemDetailEventData.class(entrada = 3688) (salida = 1327)(desinflado 64%)
agregando: dev/jei/hytale/jei/pages/ItemDetailPage.class(entrada = 32185) (salida = 13682)(desinflado 57%)
agregando: dev/jei/hytale/jei/systems/(entrada = 0) (salida = 0)(almacenado 0%)
agregando: dev/jei/hytale/jei/systems/DropItemEventSystem.class(entrada = 5221) (salida = 1477)(desinflado 71%)
agregando: manifest.json(entrada = 452) (salida = 260)(desinflado 42%)
[2026-02-14 22:26:03] Empaquetado: /home/handerson/Descargas/sd/out_yad/ATK-1.4.5 -> /home/handerson/Descargas/sd/out_yad/ATK-1.4.5.jar
extracting to directory: /home/handerson/Descargas/sd/out_yad/AdminUI-1.0.5
  creado: META-INF/
 inflado: META-INF/MANIFEST.MF
  creado: Common/
  creado: Common/UI/
  creado: Common/UI/Custom/
 inflado: Common/UI/Custom/Buuz135_AdminUI.png
  creado: Common/UI/Custom/Common/
 inflado: Common/UI/Custom/Common/DropdownDown@2x.png
  creado: Common/UI/Custom/Pages/
  creado: Common/UI/Custom/Pages/AdminStick/
 inflado: Common/UI/Custom/Pages/AdminStick/Buuz135_AdminUI_AdminStickPage.ui
  creado: Common/UI/Custom/Pages/Backup/
 inflado: Common/UI/Custom/Pages/Backup/Buuz135_AdminUI_BackupEntry.ui
 inflado: Common/UI/Custom/Pages/Backup/Buuz135_AdminUI_BackupPage.ui
  creado: Common/UI/Custom/Pages/Ban/
 inflado: Common/UI/Custom/Pages/Ban/Buuz135_AdminUI_BanEntry.ui
 inflado: Common/UI/Custom/Pages/Ban/Buuz135_AdminUI_BanPage.ui
 inflado: Common/UI/Custom/Pages/Buuz135_AdminUI_Index.ui
 inflado: Common/UI/Custom/Pages/Buuz135_AdminUI_IndexEntry.ui
  creado: Common/UI/Custom/Pages/Mute/
 inflado: Common/UI/Custom/Pages/Mute/Buuz135_AdminUI_MuteEntry.ui
 inflado: Common/UI/Custom/Pages/Mute/Buuz135_AdminUI_MutePage.ui
  creado: Common/UI/Custom/Pages/Nav/
 inflado: Common/UI/Custom/Pages/Nav/Buuz135_AdminUI_TopNavigationBar.ui
 inflado: Common/UI/Custom/Pages/Nav/Buuz135_AdminUI_TopNavigationBarButton.ui
  creado: Common/UI/Custom/Pages/Player/
 inflado: Common/UI/Custom/Pages/Player/Buuz135_AdminUI_PlayerEntry.ui
 inflado: Common/UI/Custom/Pages/Player/Buuz135_AdminUI_PlayerPage.ui
  creado: Common/UI/Custom/Pages/Stat/
 inflado: Common/UI/Custom/Pages/Stat/Buuz135_AdminUI_StatPage.ui
  creado: Common/UI/Custom/Pages/Warp/
 inflado: Common/UI/Custom/Pages/Warp/Buuz135_AdminUI_WarpEntry.ui
 inflado: Common/UI/Custom/Pages/Warp/Buuz135_AdminUI_WarpPage.ui
  creado: Common/UI/Custom/Pages/Whitelist/
 inflado: Common/UI/Custom/Pages/Whitelist/Buuz135_AdminUI_WhitelistEntry.ui
 inflado: Common/UI/Custom/Pages/Whitelist/Buuz135_AdminUI_WhitelistPage.ui
 inflado: Common/UI/Custom/admin_ui.png
  creado: Server/
  creado: Server/Item/
  creado: Server/Item/Interactions/
  creado: Server/Item/Interactions/Item/
 inflado: Server/Item/Interactions/Item/Buuz135_AdminUI_Open_AdminIndex.json
  creado: Server/Item/Items/
  creado: Server/Item/Items/Ingredient/
 inflado: Server/Item/Items/Ingredient/Buuz135_AdminUI_Admin_Stick.json
  creado: Server/Item/RootInteractions/
 inflado: Server/Item/RootInteractions/Buuz135_AdminUI_Admin_Stick.json
  creado: Server/Item/RootInteractions/Item/
  creado: Server/Languages/
  creado: Server/Languages/en-US/
 inflado: Server/Languages/en-US/adminui_items.lang
  creado: com/
  creado: com/buuz135/
  creado: com/buuz135/adminui/
 inflado: com/buuz135/adminui/AdminUI.class
 inflado: com/buuz135/adminui/AdminUIIndexRegistry$Entry.class
 inflado: com/buuz135/adminui/AdminUIIndexRegistry.class
  creado: com/buuz135/adminui/command/
 inflado: com/buuz135/adminui/command/AdminCommand.class
 inflado: com/buuz135/adminui/command/AdminShortcutCommand.class
  creado: com/buuz135/adminui/gui/
 inflado: com/buuz135/adminui/gui/AdminIndexGui$IndexGuiData.class
 inflado: com/buuz135/adminui/gui/AdminIndexGui.class
 inflado: com/buuz135/adminui/gui/AdminStickGui$SearchGuiData.class
 inflado: com/buuz135/adminui/gui/AdminStickGui.class
 inflado: com/buuz135/adminui/gui/BackupGui$SearchGuiData.class
 inflado: com/buuz135/adminui/gui/BackupGui.class
 inflado: com/buuz135/adminui/gui/BanGui$SearchGuiData.class
 inflado: com/buuz135/adminui/gui/BanGui.class
 inflado: com/buuz135/adminui/gui/MuteGui$SearchGuiData.class
 inflado: com/buuz135/adminui/gui/MuteGui.class
 inflado: com/buuz135/adminui/gui/NavBarHelper.class
 inflado: com/buuz135/adminui/gui/PlayerGui$SearchGuiData.class
 inflado: com/buuz135/adminui/gui/PlayerGui.class
 inflado: com/buuz135/adminui/gui/StatsGui$SearchGuiData.class
 inflado: com/buuz135/adminui/gui/StatsGui.class
 inflado: com/buuz135/adminui/gui/WarpGui$SearchGuiData.class
 inflado: com/buuz135/adminui/gui/WarpGui.class
 inflado: com/buuz135/adminui/gui/WhitelistGui$SearchGuiData.class
 inflado: com/buuz135/adminui/gui/WhitelistGui.class
  creado: com/buuz135/adminui/interaction/
 inflado: com/buuz135/adminui/interaction/AdminStickInteraction.class
  creado: com/buuz135/adminui/util/
 inflado: com/buuz135/adminui/util/AdminStickCustomConfig$Config.class
 inflado: com/buuz135/adminui/util/AdminStickCustomConfig.class
 inflado: com/buuz135/adminui/util/AuthUtil.class
 inflado: com/buuz135/adminui/util/BackupConfiguration.class
 inflado: com/buuz135/adminui/util/DurationParser.class
 inflado: com/buuz135/adminui/util/MessageHelper$ML.class
 inflado: com/buuz135/adminui/util/MessageHelper.class
 inflado: com/buuz135/adminui/util/MuteTracker$Mute.class
 inflado: com/buuz135/adminui/util/MuteTracker.class
 inflado: com/buuz135/adminui/util/PermissionList.class
 inflado: com/buuz135/adminui/util/PlayerTracker$Players.class
 inflado: com/buuz135/adminui/util/PlayerTracker.class
 inflado: com/buuz135/adminui/util/ReflectionUtil.class
 inflado: manifest.json
[2026-02-14 22:31:02] Desempaquetado: /home/handerson/Descargas/sd/out_yad/AdminUI-1.0.5.jar -> /home/handerson/Descargas/sd/out_yad/AdminUI-1.0.5
extracting to directory: /home/handerson/Descargas/sd/out_yad/AdvancedItemInfo-1.0.5
  creado: META-INF/
 inflado: META-INF/MANIFEST.MF
  creado: Common/
  creado: Common/UI/
  creado: Common/UI/Custom/
  creado: Common/UI/Custom/Pages/
 inflado: Common/UI/Custom/Pages/Buuz135_AdvancedItemInfo_Gui.ui
 inflado: Common/UI/Custom/Pages/Buuz135_AdvancedItemInfo_SearchItemIcon.ui
  creado: Server/
  creado: Server/NPC/
  creado: Server/NPC/Roles/
  creado: com/
  creado: com/buuz135/
  creado: com/buuz135/advancediteminfo/
 inflado: com/buuz135/advancediteminfo/AdvancedItemInfoGui$SearchGuiData.class
 inflado: com/buuz135/advancediteminfo/AdvancedItemInfoGui$SearchResult.class
 inflado: com/buuz135/advancediteminfo/AdvancedItemInfoGui.class
 inflado: com/buuz135/advancediteminfo/Main.class
 inflado: com/buuz135/advancediteminfo/MessageHelper$ML.class
 inflado: com/buuz135/advancediteminfo/MessageHelper.class
 inflado: com/buuz135/advancediteminfo/OpenAdvancedInfoCommand$1.class
 inflado: com/buuz135/advancediteminfo/OpenAdvancedInfoCommand.class
 inflado: manifest.json
[2026-02-14 22:31:02] Desempaquetado: /home/handerson/Descargas/sd/out_yad/AdvancedItemInfo-1.0.5.jar -> /home/handerson/Descargas/sd/out_yad/AdvancedItemInfo-1.0.5
extracting to directory: /home/handerson/Descargas/sd/out_yad/ATK-1.4.5
  creado: META-INF/
 inflado: META-INF/MANIFEST.MF
  creado: Common/
  creado: Common/Config/
 inflado: Common/Config/ore_data.json
  creado: Common/UI/
  creado: Common/UI/Custom/
  creado: Common/UI/Custom/Pages/
 inflado: Common/UI/Custom/Pages/ATK_CategoryButton.ui
 inflado: Common/UI/Custom/Pages/ATK_HowToObtain.ui
 inflado: Common/UI/Custom/Pages/ATK_Ingredient.ui
 inflado: Common/UI/Custom/Pages/ATK_ItemDetail.ui
 inflado: Common/UI/Custom/Pages/ATK_ItemIcon.ui
 inflado: Common/UI/Custom/Pages/ATK_Page.ui
 inflado: Common/UI/Custom/Pages/ATK_RecipeInfo.ui
 inflado: Common/UI/Custom/Pages/ATK_Row.ui
 inflado: Common/UI/Custom/Pages/ATK_SectionHeader.ui
 inflado: Common/UI/Custom/Pages/ATK_SourceItem.ui
 inflado: Common/UI/Custom/Pages/ATK_UsedInItem.ui
  creado: META-INF/maven/
  creado: META-INF/maven/dev.atk.hytale/
  creado: META-INF/maven/dev.atk.hytale/ATK/
 inflado: META-INF/maven/dev.atk.hytale/ATK/pom.properties
 inflado: META-INF/maven/dev.atk.hytale/ATK/pom.xml
  creado: dev/
  creado: dev/jei/
  creado: dev/jei/hytale/
  creado: dev/jei/hytale/jei/
 inflado: dev/jei/hytale/jei/ATKPlugin.class
 inflado: dev/jei/hytale/jei/BookmarkManager.class
 inflado: dev/jei/hytale/jei/ItemSourceManager$ItemSource.class
 inflado: dev/jei/hytale/jei/ItemSourceManager$SourceType.class
 inflado: dev/jei/hytale/jei/ItemSourceManager.class
 inflado: dev/jei/hytale/jei/KeyBindManager.class
 inflado: dev/jei/hytale/jei/ModManager$ModInfo.class
 inflado: dev/jei/hytale/jei/ModManager.class
  creado: dev/jei/hytale/jei/commands/
 inflado: dev/jei/hytale/jei/commands/ATKCommand.class
 inflado: dev/jei/hytale/jei/commands/BindCommand.class
 inflado: dev/jei/hytale/jei/commands/GiveCommand.class
 inflado: dev/jei/hytale/jei/commands/ListCommand.class
 inflado: dev/jei/hytale/jei/commands/SearchCommand.class
 inflado: dev/jei/hytale/jei/commands/UnbindCommand.class
  creado: dev/jei/hytale/jei/detection/
 inflado: dev/jei/hytale/jei/detection/DropTableUtility$DropInfo.class
 inflado: dev/jei/hytale/jei/detection/DropTableUtility.class
 inflado: dev/jei/hytale/jei/detection/MobDropDetector$DropListLookup.class
 inflado: dev/jei/hytale/jei/detection/MobDropDetector.class
 inflado: dev/jei/hytale/jei/detection/OreDetector.class
  creado: dev/jei/hytale/jei/pages/
 inflado: dev/jei/hytale/jei/pages/ATKPage$ATKPageEventData.class
 inflado: dev/jei/hytale/jei/pages/ATKPage.class
 inflado: dev/jei/hytale/jei/pages/HowToObtainPage$HowToObtainEventData.class
 inflado: dev/jei/hytale/jei/pages/HowToObtainPage.class
 inflado: dev/jei/hytale/jei/pages/ItemDetailPage$ItemDetailEventData.class
 inflado: dev/jei/hytale/jei/pages/ItemDetailPage.class
  creado: dev/jei/hytale/jei/systems/
 inflado: dev/jei/hytale/jei/systems/DropItemEventSystem.class
 inflado: manifest.json
[2026-02-14 22:31:03] Desempaquetado: /home/handerson/Descargas/sd/out_yad/ATK-1.4.5.jar -> /home/handerson/Descargas/sd/out_yad/ATK-1.4.5
manifiesto agregado
agregando: Common/(entrada = 0) (salida = 0)(almacenado 0%)
agregando: Common/UI/(entrada = 0) (salida = 0)(almacenado 0%)
agregando: Common/UI/Custom/(entrada = 0) (salida = 0)(almacenado 0%)
agregando: Common/UI/Custom/Buuz135_AdminUI.png(entrada = 13401) (salida = 11687)(desinflado 12%)
agregando: Common/UI/Custom/Common/(entrada = 0) (salida = 0)(almacenado 0%)
agregando: Common/UI/Custom/Common/DropdownDown@2x.png(entrada = 1147) (salida = 853)(desinflado 25%)
agregando: Common/UI/Custom/Pages/(entrada = 0) (salida = 0)(almacenado 0%)
agregando: Common/UI/Custom/Pages/AdminStick/(entrada = 0) (salida = 0)(almacenado 0%)
agregando: Common/UI/Custom/Pages/AdminStick/Buuz135_AdminUI_AdminStickPage.ui(entrada = 4907) (salida = 737)(desinflado 84%)
agregando: Common/UI/Custom/Pages/Backup/(entrada = 0) (salida = 0)(almacenado 0%)
agregando: Common/UI/Custom/Pages/Backup/Buuz135_AdminUI_BackupEntry.ui(entrada = 1322) (salida = 428)(desinflado 67%)
agregando: Common/UI/Custom/Pages/Backup/Buuz135_AdminUI_BackupPage.ui(entrada = 6033) (salida = 1216)(desinflado 79%)
agregando: Common/UI/Custom/Pages/Ban/(entrada = 0) (salida = 0)(almacenado 0%)
agregando: Common/UI/Custom/Pages/Ban/Buuz135_AdminUI_BanEntry.ui(entrada = 1768) (salida = 448)(desinflado 74%)
agregando: Common/UI/Custom/Pages/Ban/Buuz135_AdminUI_BanPage.ui(entrada = 3804) (salida = 896)(desinflado 76%)
agregando: Common/UI/Custom/Pages/Buuz135_AdminUI_Index.ui(entrada = 778) (salida = 351)(desinflado 54%)
agregando: Common/UI/Custom/Pages/Buuz135_AdminUI_IndexEntry.ui(entrada = 504) (salida = 281)(desinflado 44%)
agregando: Common/UI/Custom/Pages/Mute/(entrada = 0) (salida = 0)(almacenado 0%)
agregando: Common/UI/Custom/Pages/Mute/Buuz135_AdminUI_MuteEntry.ui(entrada = 2198) (salida = 466)(desinflado 78%)
agregando: Common/UI/Custom/Pages/Mute/Buuz135_AdminUI_MutePage.ui(entrada = 4533) (salida = 945)(desinflado 79%)
agregando: Common/UI/Custom/Pages/Nav/(entrada = 0) (salida = 0)(almacenado 0%)
agregando: Common/UI/Custom/Pages/Nav/Buuz135_AdminUI_TopNavigationBar.ui(entrada = 2152) (salida = 518)(desinflado 75%)
agregando: Common/UI/Custom/Pages/Nav/Buuz135_AdminUI_TopNavigationBarButton.ui(entrada = 119) (salida = 107)(desinflado 10%)
agregando: Common/UI/Custom/Pages/Player/(entrada = 0) (salida = 0)(almacenado 0%)
agregando: Common/UI/Custom/Pages/Player/Buuz135_AdminUI_PlayerEntry.ui(entrada = 8574) (salida = 1392)(desinflado 83%)
agregando: Common/UI/Custom/Pages/Player/Buuz135_AdminUI_PlayerPage.ui(entrada = 3074) (salida = 827)(desinflado 73%)
agregando: Common/UI/Custom/Pages/Stat/(entrada = 0) (salida = 0)(almacenado 0%)
agregando: Common/UI/Custom/Pages/Stat/Buuz135_AdminUI_StatPage.ui(entrada = 12658) (salida = 1259)(desinflado 90%)
agregando: Common/UI/Custom/Pages/Warp/(entrada = 0) (salida = 0)(almacenado 0%)
agregando: Common/UI/Custom/Pages/Warp/Buuz135_AdminUI_WarpEntry.ui(entrada = 3359) (salida = 672)(desinflado 79%)
agregando: Common/UI/Custom/Pages/Warp/Buuz135_AdminUI_WarpPage.ui(entrada = 3164) (salida = 845)(desinflado 73%)
agregando: Common/UI/Custom/Pages/Whitelist/(entrada = 0) (salida = 0)(almacenado 0%)
agregando: Common/UI/Custom/Pages/Whitelist/Buuz135_AdminUI_WhitelistEntry.ui(entrada = 786) (salida = 349)(desinflado 55%)
agregando: Common/UI/Custom/Pages/Whitelist/Buuz135_AdminUI_WhitelistPage.ui(entrada = 3670) (salida = 923)(desinflado 74%)
agregando: Common/UI/Custom/admin_ui.png(entrada = 8984) (salida = 6235)(desinflado 30%)
ignorando entrada META-INF/
ignorando entrada META-INF/MANIFEST.MF
agregando: Server/(entrada = 0) (salida = 0)(almacenado 0%)
agregando: Server/Item/(entrada = 0) (salida = 0)(almacenado 0%)
agregando: Server/Item/Interactions/(entrada = 0) (salida = 0)(almacenado 0%)
agregando: Server/Item/Interactions/Item/(entrada = 0) (salida = 0)(almacenado 0%)
agregando: Server/Item/Interactions/Item/Buuz135_AdminUI_Open_AdminIndex.json(entrada = 54) (salida = 51)(desinflado 5%)
agregando: Server/Item/Items/(entrada = 0) (salida = 0)(almacenado 0%)
agregando: Server/Item/Items/Ingredient/(entrada = 0) (salida = 0)(almacenado 0%)
agregando: Server/Item/Items/Ingredient/Buuz135_AdminUI_Admin_Stick.json(entrada = 1034) (salida = 411)(desinflado 60%)
agregando: Server/Item/RootInteractions/(entrada = 0) (salida = 0)(almacenado 0%)
agregando: Server/Item/RootInteractions/Buuz135_AdminUI_Admin_Stick.json(entrada = 106) (salida = 89)(desinflado 16%)
agregando: Server/Item/RootInteractions/Item/(entrada = 0) (salida = 0)(almacenado 0%)
agregando: Server/Languages/(entrada = 0) (salida = 0)(almacenado 0%)
agregando: Server/Languages/en-US/(entrada = 0) (salida = 0)(almacenado 0%)
agregando: Server/Languages/en-US/adminui_items.lang(entrada = 202) (salida = 129)(desinflado 36%)
agregando: com/(entrada = 0) (salida = 0)(almacenado 0%)
agregando: com/buuz135/(entrada = 0) (salida = 0)(almacenado 0%)
agregando: com/buuz135/adminui/(entrada = 0) (salida = 0)(almacenado 0%)
agregando: com/buuz135/adminui/AdminUI.class(entrada = 15258) (salida = 5651)(desinflado 62%)
agregando: com/buuz135/adminui/AdminUIIndexRegistry$Entry.class(entrada = 3286) (salida = 1159)(desinflado 64%)
agregando: com/buuz135/adminui/AdminUIIndexRegistry.class(entrada = 3173) (salida = 1282)(desinflado 59%)
agregando: com/buuz135/adminui/command/(entrada = 0) (salida = 0)(almacenado 0%)
agregando: com/buuz135/adminui/command/AdminCommand.class(entrada = 5376) (salida = 1921)(desinflado 64%)
agregando: com/buuz135/adminui/command/AdminShortcutCommand.class(entrada = 6029) (salida = 2194)(desinflado 63%)
agregando: com/buuz135/adminui/gui/(entrada = 0) (salida = 0)(almacenado 0%)
agregando: com/buuz135/adminui/gui/AdminIndexGui$IndexGuiData.class(entrada = 3135) (salida = 1200)(desinflado 61%)
agregando: com/buuz135/adminui/gui/AdminIndexGui.class(entrada = 8232) (salida = 2752)(desinflado 66%)
agregando: com/buuz135/adminui/gui/AdminStickGui$SearchGuiData.class(entrada = 3498) (salida = 1333)(desinflado 61%)
agregando: com/buuz135/adminui/gui/AdminStickGui.class(entrada = 11164) (salida = 3654)(desinflado 67%)
agregando: com/buuz135/adminui/gui/BackupGui$SearchGuiData.class(entrada = 5225) (salida = 1964)(desinflado 62%)
agregando: com/buuz135/adminui/gui/BackupGui.class(entrada = 16132) (salida = 6200)(desinflado 61%)
agregando: com/buuz135/adminui/gui/BanGui$SearchGuiData.class(entrada = 4482) (salida = 1684)(desinflado 62%)
agregando: com/buuz135/adminui/gui/BanGui.class(entrada = 18525) (salida = 6588)(desinflado 64%)
agregando: com/buuz135/adminui/gui/MuteGui$SearchGuiData.class(entrada = 4836) (salida = 1787)(desinflado 63%)
agregando: com/buuz135/adminui/gui/MuteGui.class(entrada = 16200) (salida = 5906)(desinflado 63%)
agregando: com/buuz135/adminui/gui/NavBarHelper.class(entrada = 6159) (salida = 2148)(desinflado 65%)
agregando: com/buuz135/adminui/gui/PlayerGui$SearchGuiData.class(entrada = 4131) (salida = 1546)(desinflado 62%)
agregando: com/buuz135/adminui/gui/PlayerGui.class(entrada = 27628) (salida = 9606)(desinflado 65%)
agregando: com/buuz135/adminui/gui/StatsGui$SearchGuiData.class(entrada = 3102) (salida = 1199)(desinflado 61%)
agregando: com/buuz135/adminui/gui/StatsGui.class(entrada = 12416) (salida = 3952)(desinflado 68%)
agregando: com/buuz135/adminui/gui/WarpGui$SearchGuiData.class(entrada = 4144) (salida = 1558)(desinflado 62%)
agregando: com/buuz135/adminui/gui/WarpGui.class(entrada = 16498) (salida = 5904)(desinflado 64%)
agregando: com/buuz135/adminui/gui/WhitelistGui$SearchGuiData.class(entrada = 4184) (salida = 1560)(desinflado 62%)
agregando: com/buuz135/adminui/gui/WhitelistGui.class(entrada = 15666) (salida = 5579)(desinflado 64%)
agregando: com/buuz135/adminui/interaction/(entrada = 0) (salida = 0)(almacenado 0%)
agregando: com/buuz135/adminui/interaction/AdminStickInteraction.class(entrada = 6376) (salida = 2284)(desinflado 64%)
agregando: com/buuz135/adminui/util/(entrada = 0) (salida = 0)(almacenado 0%)
agregando: com/buuz135/adminui/util/AdminStickCustomConfig$Config.class(entrada = 3143) (salida = 1280)(desinflado 59%)
agregando: com/buuz135/adminui/util/AdminStickCustomConfig.class(entrada = 5889) (salida = 2579)(desinflado 56%)
agregando: com/buuz135/adminui/util/AuthUtil.class(entrada = 3830) (salida = 1551)(desinflado 59%)
agregando: com/buuz135/adminui/util/BackupConfiguration.class(entrada = 2957) (salida = 1302)(desinflado 55%)
agregando: com/buuz135/adminui/util/DurationParser.class(entrada = 1775) (salida = 989)(desinflado 44%)
agregando: com/buuz135/adminui/util/MessageHelper$ML.class(entrada = 1778) (salida = 766)(desinflado 56%)
agregando: com/buuz135/adminui/util/MessageHelper.class(entrada = 532) (salida = 313)(desinflado 41%)
agregando: com/buuz135/adminui/util/MuteTracker$Mute.class(entrada = 2047) (salida = 844)(desinflado 58%)
agregando: com/buuz135/adminui/util/MuteTracker.class(entrada = 6943) (salida = 3008)(desinflado 56%)
agregando: com/buuz135/adminui/util/PermissionList.class(entrada = 3781) (salida = 1646)(desinflado 56%)
agregando: com/buuz135/adminui/util/PlayerTracker$Players.class(entrada = 1932) (salida = 801)(desinflado 58%)
agregando: com/buuz135/adminui/util/PlayerTracker.class(entrada = 6544) (salida = 2726)(desinflado 58%)
agregando: com/buuz135/adminui/util/ReflectionUtil.class(entrada = 1349) (salida = 667)(desinflado 50%)
agregando: manifest.json(entrada = 463) (salida = 267)(desinflado 42%)
[2026-02-14 22:31:57] Empaquetado: /home/handerson/Descargas/sd/out_yad/AdminUI-1.0.5 -> /home/handerson/Descargas/sd/out_yad/AdminUI-1.0.5.jar
manifiesto agregado
agregando: Common/(entrada = 0) (salida = 0)(almacenado 0%)
agregando: Common/UI/(entrada = 0) (salida = 0)(almacenado 0%)
agregando: Common/UI/Custom/(entrada = 0) (salida = 0)(almacenado 0%)
agregando: Common/UI/Custom/Pages/(entrada = 0) (salida = 0)(almacenado 0%)
agregando: Common/UI/Custom/Pages/Buuz135_AdvancedItemInfo_Gui.ui(entrada = 744) (salida = 338)(desinflado 54%)
agregando: Common/UI/Custom/Pages/Buuz135_AdvancedItemInfo_SearchItemIcon.ui(entrada = 524) (salida = 273)(desinflado 47%)
ignorando entrada META-INF/
ignorando entrada META-INF/MANIFEST.MF
agregando: Server/(entrada = 0) (salida = 0)(almacenado 0%)
agregando: Server/NPC/(entrada = 0) (salida = 0)(almacenado 0%)
agregando: Server/NPC/Roles/(entrada = 0) (salida = 0)(almacenado 0%)
agregando: com/(entrada = 0) (salida = 0)(almacenado 0%)
agregando: com/buuz135/(entrada = 0) (salida = 0)(almacenado 0%)
agregando: com/buuz135/advancediteminfo/(entrada = 0) (salida = 0)(almacenado 0%)
agregando: com/buuz135/advancediteminfo/AdvancedItemInfoGui$SearchGuiData.class(entrada = 3232) (salida = 1215)(desinflado 62%)
agregando: com/buuz135/advancediteminfo/AdvancedItemInfoGui$SearchResult.class(entrada = 1806) (salida = 787)(desinflado 56%)
agregando: com/buuz135/advancediteminfo/AdvancedItemInfoGui.class(entrada = 18311) (salida = 6369)(desinflado 65%)
agregando: com/buuz135/advancediteminfo/Main.class(entrada = 6810) (salida = 2192)(desinflado 67%)
agregando: com/buuz135/advancediteminfo/MessageHelper$ML.class(entrada = 1798) (salida = 771)(desinflado 57%)
agregando: com/buuz135/advancediteminfo/MessageHelper.class(entrada = 548) (salida = 320)(desinflado 41%)
agregando: com/buuz135/advancediteminfo/OpenAdvancedInfoCommand$1.class(entrada = 1748) (salida = 731)(desinflado 58%)
agregando: com/buuz135/advancediteminfo/OpenAdvancedInfoCommand.class(entrada = 6715) (salida = 2331)(desinflado 65%)
agregando: manifest.json(entrada = 486) (salida = 283)(desinflado 41%)
[2026-02-14 22:31:59] Empaquetado: /home/handerson/Descargas/sd/out_yad/AdvancedItemInfo-1.0.5 -> /home/handerson/Descargas/sd/out_yad/AdvancedItemInfo-1.0.5.jar
manifiesto agregado
agregando: Common/(entrada = 0) (salida = 0)(almacenado 0%)
agregando: Common/Config/(entrada = 0) (salida = 0)(almacenado 0%)
agregando: Common/Config/ore_data.json(entrada = 4294) (salida = 643)(desinflado 85%)
agregando: Common/UI/(entrada = 0) (salida = 0)(almacenado 0%)
agregando: Common/UI/Custom/(entrada = 0) (salida = 0)(almacenado 0%)
agregando: Common/UI/Custom/Pages/(entrada = 0) (salida = 0)(almacenado 0%)
agregando: Common/UI/Custom/Pages/ATK_CategoryButton.ui(entrada = 363) (salida = 215)(desinflado 40%)
agregando: Common/UI/Custom/Pages/ATK_HowToObtain.ui(entrada = 1265) (salida = 476)(desinflado 62%)
agregando: Common/UI/Custom/Pages/ATK_Ingredient.ui(entrada = 554) (salida = 298)(desinflado 46%)
agregando: Common/UI/Custom/Pages/ATK_ItemDetail.ui(entrada = 6136) (salida = 1047)(desinflado 82%)
agregando: Common/UI/Custom/Pages/ATK_ItemIcon.ui(entrada = 521) (salida = 274)(desinflado 47%)
agregando: Common/UI/Custom/Pages/ATK_Page.ui(entrada = 2529) (salida = 709)(desinflado 71%)
agregando: Common/UI/Custom/Pages/ATK_RecipeInfo.ui(entrada = 611) (salida = 285)(desinflado 53%)
agregando: Common/UI/Custom/Pages/ATK_Row.ui(entrada = 57) (salida = 55)(desinflado 3%)
agregando: Common/UI/Custom/Pages/ATK_SectionHeader.ui(entrada = 201) (salida = 147)(desinflado 26%)
agregando: Common/UI/Custom/Pages/ATK_SourceItem.ui(entrada = 749) (salida = 305)(desinflado 59%)
agregando: Common/UI/Custom/Pages/ATK_UsedInItem.ui(entrada = 673) (salida = 332)(desinflado 50%)
ignorando entrada META-INF/
ignorando entrada META-INF/MANIFEST.MF
agregando: META-INF/maven/(entrada = 0) (salida = 0)(almacenado 0%)
agregando: META-INF/maven/dev.atk.hytale/(entrada = 0) (salida = 0)(almacenado 0%)
agregando: META-INF/maven/dev.atk.hytale/ATK/(entrada = 0) (salida = 0)(almacenado 0%)
agregando: META-INF/maven/dev.atk.hytale/ATK/pom.properties(entrada = 55) (salida = 55)(desinflado 0%)
agregando: META-INF/maven/dev.atk.hytale/ATK/pom.xml(entrada = 971) (salida = 405)(desinflado 58%)
agregando: dev/(entrada = 0) (salida = 0)(almacenado 0%)
agregando: dev/jei/(entrada = 0) (salida = 0)(almacenado 0%)
agregando: dev/jei/hytale/(entrada = 0) (salida = 0)(almacenado 0%)
agregando: dev/jei/hytale/jei/(entrada = 0) (salida = 0)(almacenado 0%)
agregando: dev/jei/hytale/jei/ATKPlugin.class(entrada = 4336) (salida = 1729)(desinflado 60%)
agregando: dev/jei/hytale/jei/BookmarkManager.class(entrada = 3438) (salida = 1469)(desinflado 57%)
agregando: dev/jei/hytale/jei/ItemSourceManager$ItemSource.class(entrada = 1323) (salida = 560)(desinflado 57%)
agregando: dev/jei/hytale/jei/ItemSourceManager$SourceType.class(entrada = 2727) (salida = 1368)(desinflado 49%)
agregando: dev/jei/hytale/jei/ItemSourceManager.class(entrada = 12633) (salida = 5919)(desinflado 53%)
agregando: dev/jei/hytale/jei/KeyBindManager.class(entrada = 1091) (salida = 581)(desinflado 46%)
agregando: dev/jei/hytale/jei/ModManager$ModInfo.class(entrada = 513) (salida = 326)(desinflado 36%)
agregando: dev/jei/hytale/jei/ModManager.class(entrada = 8567) (salida = 3973)(desinflado 53%)
agregando: dev/jei/hytale/jei/commands/(entrada = 0) (salida = 0)(almacenado 0%)
agregando: dev/jei/hytale/jei/commands/ATKCommand.class(entrada = 4399) (salida = 1805)(desinflado 58%)
agregando: dev/jei/hytale/jei/commands/BindCommand.class(entrada = 2565) (salida = 1146)(desinflado 55%)
agregando: dev/jei/hytale/jei/commands/GiveCommand.class(entrada = 5306) (salida = 1977)(desinflado 62%)
agregando: dev/jei/hytale/jei/commands/ListCommand.class(entrada = 2686) (salida = 1254)(desinflado 53%)
agregando: dev/jei/hytale/jei/commands/SearchCommand.class(entrada = 4192) (salida = 1535)(desinflado 63%)
agregando: dev/jei/hytale/jei/commands/UnbindCommand.class(entrada = 2581) (salida = 1155)(desinflado 55%)
agregando: dev/jei/hytale/jei/detection/(entrada = 0) (salida = 0)(almacenado 0%)
agregando: dev/jei/hytale/jei/detection/DropTableUtility$DropInfo.class(entrada = 1856) (salida = 969)(desinflado 47%)
agregando: dev/jei/hytale/jei/detection/DropTableUtility.class(entrada = 11057) (salida = 3909)(desinflado 64%)
agregando: dev/jei/hytale/jei/detection/MobDropDetector$DropListLookup.class(entrada = 629) (salida = 362)(desinflado 42%)
agregando: dev/jei/hytale/jei/detection/MobDropDetector.class(entrada = 19272) (salida = 8483)(desinflado 55%)
agregando: dev/jei/hytale/jei/detection/OreDetector.class(entrada = 8468) (salida = 4012)(desinflado 52%)
agregando: dev/jei/hytale/jei/pages/(entrada = 0) (salida = 0)(almacenado 0%)
agregando: dev/jei/hytale/jei/pages/ATKPage$ATKPageEventData.class(entrada = 4527) (salida = 1590)(desinflado 64%)
agregando: dev/jei/hytale/jei/pages/ATKPage.class(entrada = 25802) (salida = 11227)(desinflado 56%)
agregando: dev/jei/hytale/jei/pages/HowToObtainPage$HowToObtainEventData.class(entrada = 3097) (salida = 1125)(desinflado 63%)
agregando: dev/jei/hytale/jei/pages/HowToObtainPage.class(entrada = 10199) (salida = 3713)(desinflado 63%)
agregando: dev/jei/hytale/jei/pages/ItemDetailPage$ItemDetailEventData.class(entrada = 3688) (salida = 1327)(desinflado 64%)
agregando: dev/jei/hytale/jei/pages/ItemDetailPage.class(entrada = 32185) (salida = 13682)(desinflado 57%)
agregando: dev/jei/hytale/jei/systems/(entrada = 0) (salida = 0)(almacenado 0%)
agregando: dev/jei/hytale/jei/systems/DropItemEventSystem.class(entrada = 5221) (salida = 1477)(desinflado 71%)
agregando: manifest.json(entrada = 452) (salida = 260)(desinflado 42%)
[2026-02-14 22:32:01] Empaquetado: /home/handerson/Descargas/sd/out_yad/ATK-1.4.5 -> /home/handerson/Descargas/sd/out_yad/ATK-1.4.5.jar
extracting to directory: /home/handerson/Descargas/sd/out_yad/AdminUI-1.0.5
  creado: META-INF/
 inflado: META-INF/MANIFEST.MF
  creado: Common/
  creado: Common/UI/
  creado: Common/UI/Custom/
 inflado: Common/UI/Custom/Buuz135_AdminUI.png
  creado: Common/UI/Custom/Common/
 inflado: Common/UI/Custom/Common/DropdownDown@2x.png
  creado: Common/UI/Custom/Pages/
  creado: Common/UI/Custom/Pages/AdminStick/
 inflado: Common/UI/Custom/Pages/AdminStick/Buuz135_AdminUI_AdminStickPage.ui
  creado: Common/UI/Custom/Pages/Backup/
 inflado: Common/UI/Custom/Pages/Backup/Buuz135_AdminUI_BackupEntry.ui
 inflado: Common/UI/Custom/Pages/Backup/Buuz135_AdminUI_BackupPage.ui
  creado: Common/UI/Custom/Pages/Ban/
 inflado: Common/UI/Custom/Pages/Ban/Buuz135_AdminUI_BanEntry.ui
 inflado: Common/UI/Custom/Pages/Ban/Buuz135_AdminUI_BanPage.ui
 inflado: Common/UI/Custom/Pages/Buuz135_AdminUI_Index.ui
 inflado: Common/UI/Custom/Pages/Buuz135_AdminUI_IndexEntry.ui
  creado: Common/UI/Custom/Pages/Mute/
 inflado: Common/UI/Custom/Pages/Mute/Buuz135_AdminUI_MuteEntry.ui
 inflado: Common/UI/Custom/Pages/Mute/Buuz135_AdminUI_MutePage.ui
  creado: Common/UI/Custom/Pages/Nav/
 inflado: Common/UI/Custom/Pages/Nav/Buuz135_AdminUI_TopNavigationBar.ui
 inflado: Common/UI/Custom/Pages/Nav/Buuz135_AdminUI_TopNavigationBarButton.ui
  creado: Common/UI/Custom/Pages/Player/
 inflado: Common/UI/Custom/Pages/Player/Buuz135_AdminUI_PlayerEntry.ui
 inflado: Common/UI/Custom/Pages/Player/Buuz135_AdminUI_PlayerPage.ui
  creado: Common/UI/Custom/Pages/Stat/
 inflado: Common/UI/Custom/Pages/Stat/Buuz135_AdminUI_StatPage.ui
  creado: Common/UI/Custom/Pages/Warp/
 inflado: Common/UI/Custom/Pages/Warp/Buuz135_AdminUI_WarpEntry.ui
 inflado: Common/UI/Custom/Pages/Warp/Buuz135_AdminUI_WarpPage.ui
  creado: Common/UI/Custom/Pages/Whitelist/
 inflado: Common/UI/Custom/Pages/Whitelist/Buuz135_AdminUI_WhitelistEntry.ui
 inflado: Common/UI/Custom/Pages/Whitelist/Buuz135_AdminUI_WhitelistPage.ui
 inflado: Common/UI/Custom/admin_ui.png
  creado: Server/
  creado: Server/Item/
  creado: Server/Item/Interactions/
  creado: Server/Item/Interactions/Item/
 inflado: Server/Item/Interactions/Item/Buuz135_AdminUI_Open_AdminIndex.json
  creado: Server/Item/Items/
  creado: Server/Item/Items/Ingredient/
 inflado: Server/Item/Items/Ingredient/Buuz135_AdminUI_Admin_Stick.json
  creado: Server/Item/RootInteractions/
 inflado: Server/Item/RootInteractions/Buuz135_AdminUI_Admin_Stick.json
  creado: Server/Item/RootInteractions/Item/
  creado: Server/Languages/
  creado: Server/Languages/en-US/
 inflado: Server/Languages/en-US/adminui_items.lang
  creado: com/
  creado: com/buuz135/
  creado: com/buuz135/adminui/
 inflado: com/buuz135/adminui/AdminUI.class
 inflado: com/buuz135/adminui/AdminUIIndexRegistry$Entry.class
 inflado: com/buuz135/adminui/AdminUIIndexRegistry.class
  creado: com/buuz135/adminui/command/
 inflado: com/buuz135/adminui/command/AdminCommand.class
 inflado: com/buuz135/adminui/command/AdminShortcutCommand.class
  creado: com/buuz135/adminui/gui/
 inflado: com/buuz135/adminui/gui/AdminIndexGui$IndexGuiData.class
 inflado: com/buuz135/adminui/gui/AdminIndexGui.class
 inflado: com/buuz135/adminui/gui/AdminStickGui$SearchGuiData.class
 inflado: com/buuz135/adminui/gui/AdminStickGui.class
 inflado: com/buuz135/adminui/gui/BackupGui$SearchGuiData.class
 inflado: com/buuz135/adminui/gui/BackupGui.class
 inflado: com/buuz135/adminui/gui/BanGui$SearchGuiData.class
 inflado: com/buuz135/adminui/gui/BanGui.class
 inflado: com/buuz135/adminui/gui/MuteGui$SearchGuiData.class
 inflado: com/buuz135/adminui/gui/MuteGui.class
 inflado: com/buuz135/adminui/gui/NavBarHelper.class
 inflado: com/buuz135/adminui/gui/PlayerGui$SearchGuiData.class
 inflado: com/buuz135/adminui/gui/PlayerGui.class
 inflado: com/buuz135/adminui/gui/StatsGui$SearchGuiData.class
 inflado: com/buuz135/adminui/gui/StatsGui.class
 inflado: com/buuz135/adminui/gui/WarpGui$SearchGuiData.class
 inflado: com/buuz135/adminui/gui/WarpGui.class
 inflado: com/buuz135/adminui/gui/WhitelistGui$SearchGuiData.class
 inflado: com/buuz135/adminui/gui/WhitelistGui.class
  creado: com/buuz135/adminui/interaction/
 inflado: com/buuz135/adminui/interaction/AdminStickInteraction.class
  creado: com/buuz135/adminui/util/
 inflado: com/buuz135/adminui/util/AdminStickCustomConfig$Config.class
 inflado: com/buuz135/adminui/util/AdminStickCustomConfig.class
 inflado: com/buuz135/adminui/util/AuthUtil.class
 inflado: com/buuz135/adminui/util/BackupConfiguration.class
 inflado: com/buuz135/adminui/util/DurationParser.class
 inflado: com/buuz135/adminui/util/MessageHelper$ML.class
 inflado: com/buuz135/adminui/util/MessageHelper.class
 inflado: com/buuz135/adminui/util/MuteTracker$Mute.class
 inflado: com/buuz135/adminui/util/MuteTracker.class
 inflado: com/buuz135/adminui/util/PermissionList.class
 inflado: com/buuz135/adminui/util/PlayerTracker$Players.class
 inflado: com/buuz135/adminui/util/PlayerTracker.class
 inflado: com/buuz135/adminui/util/ReflectionUtil.class
 inflado: manifest.json
[2026-02-14 22:42:23] Desempaquetado: /home/handerson/Descargas/sd/out_yad/AdminUI-1.0.5.jar -> /home/handerson/Descargas/sd/out_yad/AdminUI-1.0.5
extracting to directory: /home/handerson/Descargas/sd/out_yad/AdvancedItemInfo-1.0.5
  creado: META-INF/
 inflado: META-INF/MANIFEST.MF
  creado: Common/
  creado: Common/UI/
  creado: Common/UI/Custom/
  creado: Common/UI/Custom/Pages/
 inflado: Common/UI/Custom/Pages/Buuz135_AdvancedItemInfo_Gui.ui
 inflado: Common/UI/Custom/Pages/Buuz135_AdvancedItemInfo_SearchItemIcon.ui
  creado: Server/
  creado: Server/NPC/
  creado: Server/NPC/Roles/
  creado: com/
  creado: com/buuz135/
  creado: com/buuz135/advancediteminfo/
 inflado: com/buuz135/advancediteminfo/AdvancedItemInfoGui$SearchGuiData.class
 inflado: com/buuz135/advancediteminfo/AdvancedItemInfoGui$SearchResult.class
 inflado: com/buuz135/advancediteminfo/AdvancedItemInfoGui.class
 inflado: com/buuz135/advancediteminfo/Main.class
 inflado: com/buuz135/advancediteminfo/MessageHelper$ML.class
 inflado: com/buuz135/advancediteminfo/MessageHelper.class
 inflado: com/buuz135/advancediteminfo/OpenAdvancedInfoCommand$1.class
 inflado: com/buuz135/advancediteminfo/OpenAdvancedInfoCommand.class
 inflado: manifest.json
[2026-02-14 22:42:32] Desempaquetado: /home/handerson/Descargas/sd/out_yad/AdvancedItemInfo-1.0.5.jar -> /home/handerson/Descargas/sd/out_yad/AdvancedItemInfo-1.0.5
extracting to directory: /home/handerson/Descargas/sd/out_yad/ATK-1.4.5
  creado: META-INF/
 inflado: META-INF/MANIFEST.MF
  creado: Common/
  creado: Common/Config/
 inflado: Common/Config/ore_data.json
  creado: Common/UI/
  creado: Common/UI/Custom/
  creado: Common/UI/Custom/Pages/
 inflado: Common/UI/Custom/Pages/ATK_CategoryButton.ui
 inflado: Common/UI/Custom/Pages/ATK_HowToObtain.ui
 inflado: Common/UI/Custom/Pages/ATK_Ingredient.ui
 inflado: Common/UI/Custom/Pages/ATK_ItemDetail.ui
 inflado: Common/UI/Custom/Pages/ATK_ItemIcon.ui
 inflado: Common/UI/Custom/Pages/ATK_Page.ui
 inflado: Common/UI/Custom/Pages/ATK_RecipeInfo.ui
 inflado: Common/UI/Custom/Pages/ATK_Row.ui
 inflado: Common/UI/Custom/Pages/ATK_SectionHeader.ui
 inflado: Common/UI/Custom/Pages/ATK_SourceItem.ui
 inflado: Common/UI/Custom/Pages/ATK_UsedInItem.ui
  creado: META-INF/maven/
  creado: META-INF/maven/dev.atk.hytale/
  creado: META-INF/maven/dev.atk.hytale/ATK/
 inflado: META-INF/maven/dev.atk.hytale/ATK/pom.properties
 inflado: META-INF/maven/dev.atk.hytale/ATK/pom.xml
  creado: dev/
  creado: dev/jei/
  creado: dev/jei/hytale/
  creado: dev/jei/hytale/jei/
 inflado: dev/jei/hytale/jei/ATKPlugin.class
 inflado: dev/jei/hytale/jei/BookmarkManager.class
 inflado: dev/jei/hytale/jei/ItemSourceManager$ItemSource.class
 inflado: dev/jei/hytale/jei/ItemSourceManager$SourceType.class
 inflado: dev/jei/hytale/jei/ItemSourceManager.class
 inflado: dev/jei/hytale/jei/KeyBindManager.class
 inflado: dev/jei/hytale/jei/ModManager$ModInfo.class
 inflado: dev/jei/hytale/jei/ModManager.class
  creado: dev/jei/hytale/jei/commands/
 inflado: dev/jei/hytale/jei/commands/ATKCommand.class
 inflado: dev/jei/hytale/jei/commands/BindCommand.class
 inflado: dev/jei/hytale/jei/commands/GiveCommand.class
 inflado: dev/jei/hytale/jei/commands/ListCommand.class
 inflado: dev/jei/hytale/jei/commands/SearchCommand.class
 inflado: dev/jei/hytale/jei/commands/UnbindCommand.class
  creado: dev/jei/hytale/jei/detection/
 inflado: dev/jei/hytale/jei/detection/DropTableUtility$DropInfo.class
 inflado: dev/jei/hytale/jei/detection/DropTableUtility.class
 inflado: dev/jei/hytale/jei/detection/MobDropDetector$DropListLookup.class
 inflado: dev/jei/hytale/jei/detection/MobDropDetector.class
 inflado: dev/jei/hytale/jei/detection/OreDetector.class
  creado: dev/jei/hytale/jei/pages/
 inflado: dev/jei/hytale/jei/pages/ATKPage$ATKPageEventData.class
 inflado: dev/jei/hytale/jei/pages/ATKPage.class
 inflado: dev/jei/hytale/jei/pages/HowToObtainPage$HowToObtainEventData.class
 inflado: dev/jei/hytale/jei/pages/HowToObtainPage.class
 inflado: dev/jei/hytale/jei/pages/ItemDetailPage$ItemDetailEventData.class
 inflado: dev/jei/hytale/jei/pages/ItemDetailPage.class
  creado: dev/jei/hytale/jei/systems/
 inflado: dev/jei/hytale/jei/systems/DropItemEventSystem.class
 inflado: manifest.json
[2026-02-14 22:42:35] Desempaquetado: /home/handerson/Descargas/sd/out_yad/ATK-1.4.5.jar -> /home/handerson/Descargas/sd/out_yad/ATK-1.4.5
manifiesto agregado
agregando: Common/(entrada = 0) (salida = 0)(almacenado 0%)
agregando: Common/UI/(entrada = 0) (salida = 0)(almacenado 0%)
agregando: Common/UI/Custom/(entrada = 0) (salida = 0)(almacenado 0%)
agregando: Common/UI/Custom/Buuz135_AdminUI.png(entrada = 13401) (salida = 11687)(desinflado 12%)
agregando: Common/UI/Custom/Common/(entrada = 0) (salida = 0)(almacenado 0%)
agregando: Common/UI/Custom/Common/DropdownDown@2x.png(entrada = 1147) (salida = 853)(desinflado 25%)
agregando: Common/UI/Custom/Pages/(entrada = 0) (salida = 0)(almacenado 0%)
agregando: Common/UI/Custom/Pages/AdminStick/(entrada = 0) (salida = 0)(almacenado 0%)
agregando: Common/UI/Custom/Pages/AdminStick/Buuz135_AdminUI_AdminStickPage.ui(entrada = 4907) (salida = 737)(desinflado 84%)
agregando: Common/UI/Custom/Pages/Backup/(entrada = 0) (salida = 0)(almacenado 0%)
agregando: Common/UI/Custom/Pages/Backup/Buuz135_AdminUI_BackupEntry.ui(entrada = 1322) (salida = 428)(desinflado 67%)
agregando: Common/UI/Custom/Pages/Backup/Buuz135_AdminUI_BackupPage.ui(entrada = 6033) (salida = 1216)(desinflado 79%)
agregando: Common/UI/Custom/Pages/Ban/(entrada = 0) (salida = 0)(almacenado 0%)
agregando: Common/UI/Custom/Pages/Ban/Buuz135_AdminUI_BanEntry.ui(entrada = 1768) (salida = 448)(desinflado 74%)
agregando: Common/UI/Custom/Pages/Ban/Buuz135_AdminUI_BanPage.ui(entrada = 3804) (salida = 896)(desinflado 76%)
agregando: Common/UI/Custom/Pages/Buuz135_AdminUI_Index.ui(entrada = 778) (salida = 351)(desinflado 54%)
agregando: Common/UI/Custom/Pages/Buuz135_AdminUI_IndexEntry.ui(entrada = 504) (salida = 281)(desinflado 44%)
agregando: Common/UI/Custom/Pages/Mute/(entrada = 0) (salida = 0)(almacenado 0%)
agregando: Common/UI/Custom/Pages/Mute/Buuz135_AdminUI_MuteEntry.ui(entrada = 2198) (salida = 466)(desinflado 78%)
agregando: Common/UI/Custom/Pages/Mute/Buuz135_AdminUI_MutePage.ui(entrada = 4533) (salida = 945)(desinflado 79%)
agregando: Common/UI/Custom/Pages/Nav/(entrada = 0) (salida = 0)(almacenado 0%)
agregando: Common/UI/Custom/Pages/Nav/Buuz135_AdminUI_TopNavigationBar.ui(entrada = 2152) (salida = 518)(desinflado 75%)
agregando: Common/UI/Custom/Pages/Nav/Buuz135_AdminUI_TopNavigationBarButton.ui(entrada = 119) (salida = 107)(desinflado 10%)
agregando: Common/UI/Custom/Pages/Player/(entrada = 0) (salida = 0)(almacenado 0%)
agregando: Common/UI/Custom/Pages/Player/Buuz135_AdminUI_PlayerEntry.ui(entrada = 8574) (salida = 1392)(desinflado 83%)
agregando: Common/UI/Custom/Pages/Player/Buuz135_AdminUI_PlayerPage.ui(entrada = 3074) (salida = 827)(desinflado 73%)
agregando: Common/UI/Custom/Pages/Stat/(entrada = 0) (salida = 0)(almacenado 0%)
agregando: Common/UI/Custom/Pages/Stat/Buuz135_AdminUI_StatPage.ui(entrada = 12658) (salida = 1259)(desinflado 90%)
agregando: Common/UI/Custom/Pages/Warp/(entrada = 0) (salida = 0)(almacenado 0%)
agregando: Common/UI/Custom/Pages/Warp/Buuz135_AdminUI_WarpEntry.ui(entrada = 3359) (salida = 672)(desinflado 79%)
agregando: Common/UI/Custom/Pages/Warp/Buuz135_AdminUI_WarpPage.ui(entrada = 3164) (salida = 845)(desinflado 73%)
agregando: Common/UI/Custom/Pages/Whitelist/(entrada = 0) (salida = 0)(almacenado 0%)
agregando: Common/UI/Custom/Pages/Whitelist/Buuz135_AdminUI_WhitelistEntry.ui(entrada = 786) (salida = 349)(desinflado 55%)
agregando: Common/UI/Custom/Pages/Whitelist/Buuz135_AdminUI_WhitelistPage.ui(entrada = 3670) (salida = 923)(desinflado 74%)
agregando: Common/UI/Custom/admin_ui.png(entrada = 8984) (salida = 6235)(desinflado 30%)
ignorando entrada META-INF/
ignorando entrada META-INF/MANIFEST.MF
agregando: Server/(entrada = 0) (salida = 0)(almacenado 0%)
agregando: Server/Item/(entrada = 0) (salida = 0)(almacenado 0%)
agregando: Server/Item/Interactions/(entrada = 0) (salida = 0)(almacenado 0%)
agregando: Server/Item/Interactions/Item/(entrada = 0) (salida = 0)(almacenado 0%)
agregando: Server/Item/Interactions/Item/Buuz135_AdminUI_Open_AdminIndex.json(entrada = 54) (salida = 51)(desinflado 5%)
agregando: Server/Item/Items/(entrada = 0) (salida = 0)(almacenado 0%)
agregando: Server/Item/Items/Ingredient/(entrada = 0) (salida = 0)(almacenado 0%)
agregando: Server/Item/Items/Ingredient/Buuz135_AdminUI_Admin_Stick.json(entrada = 1034) (salida = 411)(desinflado 60%)
agregando: Server/Item/RootInteractions/(entrada = 0) (salida = 0)(almacenado 0%)
agregando: Server/Item/RootInteractions/Buuz135_AdminUI_Admin_Stick.json(entrada = 106) (salida = 89)(desinflado 16%)
agregando: Server/Item/RootInteractions/Item/(entrada = 0) (salida = 0)(almacenado 0%)
agregando: Server/Languages/(entrada = 0) (salida = 0)(almacenado 0%)
agregando: Server/Languages/en-US/(entrada = 0) (salida = 0)(almacenado 0%)
agregando: Server/Languages/en-US/adminui_items.lang(entrada = 202) (salida = 129)(desinflado 36%)
agregando: com/(entrada = 0) (salida = 0)(almacenado 0%)
agregando: com/buuz135/(entrada = 0) (salida = 0)(almacenado 0%)
agregando: com/buuz135/adminui/(entrada = 0) (salida = 0)(almacenado 0%)
agregando: com/buuz135/adminui/AdminUI.class(entrada = 15258) (salida = 5651)(desinflado 62%)
agregando: com/buuz135/adminui/AdminUIIndexRegistry$Entry.class(entrada = 3286) (salida = 1159)(desinflado 64%)
agregando: com/buuz135/adminui/AdminUIIndexRegistry.class(entrada = 3173) (salida = 1282)(desinflado 59%)
agregando: com/buuz135/adminui/command/(entrada = 0) (salida = 0)(almacenado 0%)
agregando: com/buuz135/adminui/command/AdminCommand.class(entrada = 5376) (salida = 1921)(desinflado 64%)
agregando: com/buuz135/adminui/command/AdminShortcutCommand.class(entrada = 6029) (salida = 2194)(desinflado 63%)
agregando: com/buuz135/adminui/gui/(entrada = 0) (salida = 0)(almacenado 0%)
agregando: com/buuz135/adminui/gui/AdminIndexGui$IndexGuiData.class(entrada = 3135) (salida = 1200)(desinflado 61%)
agregando: com/buuz135/adminui/gui/AdminIndexGui.class(entrada = 8232) (salida = 2752)(desinflado 66%)
agregando: com/buuz135/adminui/gui/AdminStickGui$SearchGuiData.class(entrada = 3498) (salida = 1333)(desinflado 61%)
agregando: com/buuz135/adminui/gui/AdminStickGui.class(entrada = 11164) (salida = 3654)(desinflado 67%)
agregando: com/buuz135/adminui/gui/BackupGui$SearchGuiData.class(entrada = 5225) (salida = 1964)(desinflado 62%)
agregando: com/buuz135/adminui/gui/BackupGui.class(entrada = 16132) (salida = 6200)(desinflado 61%)
agregando: com/buuz135/adminui/gui/BanGui$SearchGuiData.class(entrada = 4482) (salida = 1684)(desinflado 62%)
agregando: com/buuz135/adminui/gui/BanGui.class(entrada = 18525) (salida = 6588)(desinflado 64%)
agregando: com/buuz135/adminui/gui/MuteGui$SearchGuiData.class(entrada = 4836) (salida = 1787)(desinflado 63%)
agregando: com/buuz135/adminui/gui/MuteGui.class(entrada = 16200) (salida = 5906)(desinflado 63%)
agregando: com/buuz135/adminui/gui/NavBarHelper.class(entrada = 6159) (salida = 2148)(desinflado 65%)
agregando: com/buuz135/adminui/gui/PlayerGui$SearchGuiData.class(entrada = 4131) (salida = 1546)(desinflado 62%)
agregando: com/buuz135/adminui/gui/PlayerGui.class(entrada = 27628) (salida = 9606)(desinflado 65%)
agregando: com/buuz135/adminui/gui/StatsGui$SearchGuiData.class(entrada = 3102) (salida = 1199)(desinflado 61%)
agregando: com/buuz135/adminui/gui/StatsGui.class(entrada = 12416) (salida = 3952)(desinflado 68%)
agregando: com/buuz135/adminui/gui/WarpGui$SearchGuiData.class(entrada = 4144) (salida = 1558)(desinflado 62%)
agregando: com/buuz135/adminui/gui/WarpGui.class(entrada = 16498) (salida = 5904)(desinflado 64%)
agregando: com/buuz135/adminui/gui/WhitelistGui$SearchGuiData.class(entrada = 4184) (salida = 1560)(desinflado 62%)
agregando: com/buuz135/adminui/gui/WhitelistGui.class(entrada = 15666) (salida = 5579)(desinflado 64%)
agregando: com/buuz135/adminui/interaction/(entrada = 0) (salida = 0)(almacenado 0%)
agregando: com/buuz135/adminui/interaction/AdminStickInteraction.class(entrada = 6376) (salida = 2284)(desinflado 64%)
agregando: com/buuz135/adminui/util/(entrada = 0) (salida = 0)(almacenado 0%)
agregando: com/buuz135/adminui/util/AdminStickCustomConfig$Config.class(entrada = 3143) (salida = 1280)(desinflado 59%)
agregando: com/buuz135/adminui/util/AdminStickCustomConfig.class(entrada = 5889) (salida = 2579)(desinflado 56%)
agregando: com/buuz135/adminui/util/AuthUtil.class(entrada = 3830) (salida = 1551)(desinflado 59%)
agregando: com/buuz135/adminui/util/BackupConfiguration.class(entrada = 2957) (salida = 1302)(desinflado 55%)
agregando: com/buuz135/adminui/util/DurationParser.class(entrada = 1775) (salida = 989)(desinflado 44%)
agregando: com/buuz135/adminui/util/MessageHelper$ML.class(entrada = 1778) (salida = 766)(desinflado 56%)
agregando: com/buuz135/adminui/util/MessageHelper.class(entrada = 532) (salida = 313)(desinflado 41%)
agregando: com/buuz135/adminui/util/MuteTracker$Mute.class(entrada = 2047) (salida = 844)(desinflado 58%)
agregando: com/buuz135/adminui/util/MuteTracker.class(entrada = 6943) (salida = 3008)(desinflado 56%)
agregando: com/buuz135/adminui/util/PermissionList.class(entrada = 3781) (salida = 1646)(desinflado 56%)
agregando: com/buuz135/adminui/util/PlayerTracker$Players.class(entrada = 1932) (salida = 801)(desinflado 58%)
agregando: com/buuz135/adminui/util/PlayerTracker.class(entrada = 6544) (salida = 2726)(desinflado 58%)
agregando: com/buuz135/adminui/util/ReflectionUtil.class(entrada = 1349) (salida = 667)(desinflado 50%)
agregando: manifest.json(entrada = 463) (salida = 267)(desinflado 42%)
[2026-02-14 22:43:36] Empaquetado: /home/handerson/Descargas/sd/out_yad/AdminUI-1.0.5 -> /home/handerson/Descargas/sd/out_yad/AdminUI-1.0.5.jar
manifiesto agregado
agregando: Common/(entrada = 0) (salida = 0)(almacenado 0%)
agregando: Common/UI/(entrada = 0) (salida = 0)(almacenado 0%)
agregando: Common/UI/Custom/(entrada = 0) (salida = 0)(almacenado 0%)
agregando: Common/UI/Custom/Pages/(entrada = 0) (salida = 0)(almacenado 0%)
agregando: Common/UI/Custom/Pages/Buuz135_AdvancedItemInfo_Gui.ui(entrada = 744) (salida = 338)(desinflado 54%)
agregando: Common/UI/Custom/Pages/Buuz135_AdvancedItemInfo_SearchItemIcon.ui(entrada = 524) (salida = 273)(desinflado 47%)
ignorando entrada META-INF/
ignorando entrada META-INF/MANIFEST.MF
agregando: Server/(entrada = 0) (salida = 0)(almacenado 0%)
agregando: Server/NPC/(entrada = 0) (salida = 0)(almacenado 0%)
agregando: Server/NPC/Roles/(entrada = 0) (salida = 0)(almacenado 0%)
agregando: com/(entrada = 0) (salida = 0)(almacenado 0%)
agregando: com/buuz135/(entrada = 0) (salida = 0)(almacenado 0%)
agregando: com/buuz135/advancediteminfo/(entrada = 0) (salida = 0)(almacenado 0%)
agregando: com/buuz135/advancediteminfo/AdvancedItemInfoGui$SearchGuiData.class(entrada = 3232) (salida = 1215)(desinflado 62%)
agregando: com/buuz135/advancediteminfo/AdvancedItemInfoGui$SearchResult.class(entrada = 1806) (salida = 787)(desinflado 56%)
agregando: com/buuz135/advancediteminfo/AdvancedItemInfoGui.class(entrada = 18311) (salida = 6369)(desinflado 65%)
agregando: com/buuz135/advancediteminfo/Main.class(entrada = 6810) (salida = 2192)(desinflado 67%)
agregando: com/buuz135/advancediteminfo/MessageHelper$ML.class(entrada = 1798) (salida = 771)(desinflado 57%)
agregando: com/buuz135/advancediteminfo/MessageHelper.class(entrada = 548) (salida = 320)(desinflado 41%)
agregando: com/buuz135/advancediteminfo/OpenAdvancedInfoCommand$1.class(entrada = 1748) (salida = 731)(desinflado 58%)
agregando: com/buuz135/advancediteminfo/OpenAdvancedInfoCommand.class(entrada = 6715) (salida = 2331)(desinflado 65%)
agregando: manifest.json(entrada = 486) (salida = 283)(desinflado 41%)
[2026-02-14 22:43:39] Empaquetado: /home/handerson/Descargas/sd/out_yad/AdvancedItemInfo-1.0.5 -> /home/handerson/Descargas/sd/out_yad/AdvancedItemInfo-1.0.5.jar
manifiesto agregado
agregando: Common/(entrada = 0) (salida = 0)(almacenado 0%)
agregando: Common/Config/(entrada = 0) (salida = 0)(almacenado 0%)
agregando: Common/Config/ore_data.json(entrada = 4294) (salida = 643)(desinflado 85%)
agregando: Common/UI/(entrada = 0) (salida = 0)(almacenado 0%)
agregando: Common/UI/Custom/(entrada = 0) (salida = 0)(almacenado 0%)
agregando: Common/UI/Custom/Pages/(entrada = 0) (salida = 0)(almacenado 0%)
agregando: Common/UI/Custom/Pages/ATK_CategoryButton.ui(entrada = 363) (salida = 215)(desinflado 40%)
agregando: Common/UI/Custom/Pages/ATK_HowToObtain.ui(entrada = 1265) (salida = 476)(desinflado 62%)
agregando: Common/UI/Custom/Pages/ATK_Ingredient.ui(entrada = 554) (salida = 298)(desinflado 46%)
agregando: Common/UI/Custom/Pages/ATK_ItemDetail.ui(entrada = 6136) (salida = 1047)(desinflado 82%)
agregando: Common/UI/Custom/Pages/ATK_ItemIcon.ui(entrada = 521) (salida = 274)(desinflado 47%)
agregando: Common/UI/Custom/Pages/ATK_Page.ui(entrada = 2529) (salida = 709)(desinflado 71%)
agregando: Common/UI/Custom/Pages/ATK_RecipeInfo.ui(entrada = 611) (salida = 285)(desinflado 53%)
agregando: Common/UI/Custom/Pages/ATK_Row.ui(entrada = 57) (salida = 55)(desinflado 3%)
agregando: Common/UI/Custom/Pages/ATK_SectionHeader.ui(entrada = 201) (salida = 147)(desinflado 26%)
agregando: Common/UI/Custom/Pages/ATK_SourceItem.ui(entrada = 749) (salida = 305)(desinflado 59%)
agregando: Common/UI/Custom/Pages/ATK_UsedInItem.ui(entrada = 673) (salida = 332)(desinflado 50%)
ignorando entrada META-INF/
ignorando entrada META-INF/MANIFEST.MF
agregando: META-INF/maven/(entrada = 0) (salida = 0)(almacenado 0%)
agregando: META-INF/maven/dev.atk.hytale/(entrada = 0) (salida = 0)(almacenado 0%)
agregando: META-INF/maven/dev.atk.hytale/ATK/(entrada = 0) (salida = 0)(almacenado 0%)
agregando: META-INF/maven/dev.atk.hytale/ATK/pom.properties(entrada = 55) (salida = 55)(desinflado 0%)
agregando: META-INF/maven/dev.atk.hytale/ATK/pom.xml(entrada = 971) (salida = 405)(desinflado 58%)
agregando: dev/(entrada = 0) (salida = 0)(almacenado 0%)
agregando: dev/jei/(entrada = 0) (salida = 0)(almacenado 0%)
agregando: dev/jei/hytale/(entrada = 0) (salida = 0)(almacenado 0%)
agregando: dev/jei/hytale/jei/(entrada = 0) (salida = 0)(almacenado 0%)
agregando: dev/jei/hytale/jei/ATKPlugin.class(entrada = 4336) (salida = 1729)(desinflado 60%)
agregando: dev/jei/hytale/jei/BookmarkManager.class(entrada = 3438) (salida = 1469)(desinflado 57%)
agregando: dev/jei/hytale/jei/ItemSourceManager$ItemSource.class(entrada = 1323) (salida = 560)(desinflado 57%)
agregando: dev/jei/hytale/jei/ItemSourceManager$SourceType.class(entrada = 2727) (salida = 1368)(desinflado 49%)
agregando: dev/jei/hytale/jei/ItemSourceManager.class(entrada = 12633) (salida = 5919)(desinflado 53%)
agregando: dev/jei/hytale/jei/KeyBindManager.class(entrada = 1091) (salida = 581)(desinflado 46%)
agregando: dev/jei/hytale/jei/ModManager$ModInfo.class(entrada = 513) (salida = 326)(desinflado 36%)
agregando: dev/jei/hytale/jei/ModManager.class(entrada = 8567) (salida = 3973)(desinflado 53%)
agregando: dev/jei/hytale/jei/commands/(entrada = 0) (salida = 0)(almacenado 0%)
agregando: dev/jei/hytale/jei/commands/ATKCommand.class(entrada = 4399) (salida = 1805)(desinflado 58%)
agregando: dev/jei/hytale/jei/commands/BindCommand.class(entrada = 2565) (salida = 1146)(desinflado 55%)
agregando: dev/jei/hytale/jei/commands/GiveCommand.class(entrada = 5306) (salida = 1977)(desinflado 62%)
agregando: dev/jei/hytale/jei/commands/ListCommand.class(entrada = 2686) (salida = 1254)(desinflado 53%)
agregando: dev/jei/hytale/jei/commands/SearchCommand.class(entrada = 4192) (salida = 1535)(desinflado 63%)
agregando: dev/jei/hytale/jei/commands/UnbindCommand.class(entrada = 2581) (salida = 1155)(desinflado 55%)
agregando: dev/jei/hytale/jei/detection/(entrada = 0) (salida = 0)(almacenado 0%)
agregando: dev/jei/hytale/jei/detection/DropTableUtility$DropInfo.class(entrada = 1856) (salida = 969)(desinflado 47%)
agregando: dev/jei/hytale/jei/detection/DropTableUtility.class(entrada = 11057) (salida = 3909)(desinflado 64%)
agregando: dev/jei/hytale/jei/detection/MobDropDetector$DropListLookup.class(entrada = 629) (salida = 362)(desinflado 42%)
agregando: dev/jei/hytale/jei/detection/MobDropDetector.class(entrada = 19272) (salida = 8483)(desinflado 55%)
agregando: dev/jei/hytale/jei/detection/OreDetector.class(entrada = 8468) (salida = 4012)(desinflado 52%)
agregando: dev/jei/hytale/jei/pages/(entrada = 0) (salida = 0)(almacenado 0%)
agregando: dev/jei/hytale/jei/pages/ATKPage$ATKPageEventData.class(entrada = 4527) (salida = 1590)(desinflado 64%)
agregando: dev/jei/hytale/jei/pages/ATKPage.class(entrada = 25802) (salida = 11227)(desinflado 56%)
agregando: dev/jei/hytale/jei/pages/HowToObtainPage$HowToObtainEventData.class(entrada = 3097) (salida = 1125)(desinflado 63%)
agregando: dev/jei/hytale/jei/pages/HowToObtainPage.class(entrada = 10199) (salida = 3713)(desinflado 63%)
agregando: dev/jei/hytale/jei/pages/ItemDetailPage$ItemDetailEventData.class(entrada = 3688) (salida = 1327)(desinflado 64%)
agregando: dev/jei/hytale/jei/pages/ItemDetailPage.class(entrada = 32185) (salida = 13682)(desinflado 57%)
agregando: dev/jei/hytale/jei/systems/(entrada = 0) (salida = 0)(almacenado 0%)
agregando: dev/jei/hytale/jei/systems/DropItemEventSystem.class(entrada = 5221) (salida = 1477)(desinflado 71%)
agregando: manifest.json(entrada = 452) (salida = 260)(desinflado 42%)
[2026-02-14 22:43:41] Empaquetado: /home/handerson/Descargas/sd/out_yad/ATK-1.4.5 -> /home/handerson/Descargas/sd/out_yad/ATK-1.4.5.jar
extracting to directory: /home/handerson/Descargas/sd/out_yad/AdminUI-1.0.5
  creado: META-INF/
 inflado: META-INF/MANIFEST.MF
  creado: Common/
  creado: Common/UI/
  creado: Common/UI/Custom/
 inflado: Common/UI/Custom/Buuz135_AdminUI.png
  creado: Common/UI/Custom/Common/
 inflado: Common/UI/Custom/Common/DropdownDown@2x.png
  creado: Common/UI/Custom/Pages/
  creado: Common/UI/Custom/Pages/AdminStick/
 inflado: Common/UI/Custom/Pages/AdminStick/Buuz135_AdminUI_AdminStickPage.ui
  creado: Common/UI/Custom/Pages/Backup/
 inflado: Common/UI/Custom/Pages/Backup/Buuz135_AdminUI_BackupEntry.ui
 inflado: Common/UI/Custom/Pages/Backup/Buuz135_AdminUI_BackupPage.ui
  creado: Common/UI/Custom/Pages/Ban/
 inflado: Common/UI/Custom/Pages/Ban/Buuz135_AdminUI_BanEntry.ui
 inflado: Common/UI/Custom/Pages/Ban/Buuz135_AdminUI_BanPage.ui
 inflado: Common/UI/Custom/Pages/Buuz135_AdminUI_Index.ui
 inflado: Common/UI/Custom/Pages/Buuz135_AdminUI_IndexEntry.ui
  creado: Common/UI/Custom/Pages/Mute/
 inflado: Common/UI/Custom/Pages/Mute/Buuz135_AdminUI_MuteEntry.ui
 inflado: Common/UI/Custom/Pages/Mute/Buuz135_AdminUI_MutePage.ui
  creado: Common/UI/Custom/Pages/Nav/
 inflado: Common/UI/Custom/Pages/Nav/Buuz135_AdminUI_TopNavigationBar.ui
 inflado: Common/UI/Custom/Pages/Nav/Buuz135_AdminUI_TopNavigationBarButton.ui
  creado: Common/UI/Custom/Pages/Player/
 inflado: Common/UI/Custom/Pages/Player/Buuz135_AdminUI_PlayerEntry.ui
 inflado: Common/UI/Custom/Pages/Player/Buuz135_AdminUI_PlayerPage.ui
  creado: Common/UI/Custom/Pages/Stat/
 inflado: Common/UI/Custom/Pages/Stat/Buuz135_AdminUI_StatPage.ui
  creado: Common/UI/Custom/Pages/Warp/
 inflado: Common/UI/Custom/Pages/Warp/Buuz135_AdminUI_WarpEntry.ui
 inflado: Common/UI/Custom/Pages/Warp/Buuz135_AdminUI_WarpPage.ui
  creado: Common/UI/Custom/Pages/Whitelist/
 inflado: Common/UI/Custom/Pages/Whitelist/Buuz135_AdminUI_WhitelistEntry.ui
 inflado: Common/UI/Custom/Pages/Whitelist/Buuz135_AdminUI_WhitelistPage.ui
 inflado: Common/UI/Custom/admin_ui.png
  creado: Server/
  creado: Server/Item/
  creado: Server/Item/Interactions/
  creado: Server/Item/Interactions/Item/
 inflado: Server/Item/Interactions/Item/Buuz135_AdminUI_Open_AdminIndex.json
  creado: Server/Item/Items/
  creado: Server/Item/Items/Ingredient/
 inflado: Server/Item/Items/Ingredient/Buuz135_AdminUI_Admin_Stick.json
  creado: Server/Item/RootInteractions/
 inflado: Server/Item/RootInteractions/Buuz135_AdminUI_Admin_Stick.json
  creado: Server/Item/RootInteractions/Item/
  creado: Server/Languages/
  creado: Server/Languages/en-US/
 inflado: Server/Languages/en-US/adminui_items.lang
  creado: com/
  creado: com/buuz135/
  creado: com/buuz135/adminui/
 inflado: com/buuz135/adminui/AdminUI.class
 inflado: com/buuz135/adminui/AdminUIIndexRegistry$Entry.class
 inflado: com/buuz135/adminui/AdminUIIndexRegistry.class
  creado: com/buuz135/adminui/command/
 inflado: com/buuz135/adminui/command/AdminCommand.class
 inflado: com/buuz135/adminui/command/AdminShortcutCommand.class
  creado: com/buuz135/adminui/gui/
 inflado: com/buuz135/adminui/gui/AdminIndexGui$IndexGuiData.class
 inflado: com/buuz135/adminui/gui/AdminIndexGui.class
 inflado: com/buuz135/adminui/gui/AdminStickGui$SearchGuiData.class
 inflado: com/buuz135/adminui/gui/AdminStickGui.class
 inflado: com/buuz135/adminui/gui/BackupGui$SearchGuiData.class
 inflado: com/buuz135/adminui/gui/BackupGui.class
 inflado: com/buuz135/adminui/gui/BanGui$SearchGuiData.class
 inflado: com/buuz135/adminui/gui/BanGui.class
 inflado: com/buuz135/adminui/gui/MuteGui$SearchGuiData.class
 inflado: com/buuz135/adminui/gui/MuteGui.class
 inflado: com/buuz135/adminui/gui/NavBarHelper.class
 inflado: com/buuz135/adminui/gui/PlayerGui$SearchGuiData.class
 inflado: com/buuz135/adminui/gui/PlayerGui.class
 inflado: com/buuz135/adminui/gui/StatsGui$SearchGuiData.class
 inflado: com/buuz135/adminui/gui/StatsGui.class
 inflado: com/buuz135/adminui/gui/WarpGui$SearchGuiData.class
 inflado: com/buuz135/adminui/gui/WarpGui.class
 inflado: com/buuz135/adminui/gui/WhitelistGui$SearchGuiData.class
 inflado: com/buuz135/adminui/gui/WhitelistGui.class
  creado: com/buuz135/adminui/interaction/
 inflado: com/buuz135/adminui/interaction/AdminStickInteraction.class
  creado: com/buuz135/adminui/util/
 inflado: com/buuz135/adminui/util/AdminStickCustomConfig$Config.class
 inflado: com/buuz135/adminui/util/AdminStickCustomConfig.class
 inflado: com/buuz135/adminui/util/AuthUtil.class
 inflado: com/buuz135/adminui/util/BackupConfiguration.class
 inflado: com/buuz135/adminui/util/DurationParser.class
 inflado: com/buuz135/adminui/util/MessageHelper$ML.class
 inflado: com/buuz135/adminui/util/MessageHelper.class
 inflado: com/buuz135/adminui/util/MuteTracker$Mute.class
 inflado: com/buuz135/adminui/util/MuteTracker.class
 inflado: com/buuz135/adminui/util/PermissionList.class
 inflado: com/buuz135/adminui/util/PlayerTracker$Players.class
 inflado: com/buuz135/adminui/util/PlayerTracker.class
 inflado: com/buuz135/adminui/util/ReflectionUtil.class
 inflado: manifest.json
[2026-02-15 01:57:55] Desempaquetado: /home/handerson/Descargas/sd/out_yad/AdminUI-1.0.5.jar -> /home/handerson/Descargas/sd/out_yad/AdminUI-1.0.5
extracting to directory: /home/handerson/Descargas/sd/out_yad/AdvancedItemInfo-1.0.5
  creado: META-INF/
 inflado: META-INF/MANIFEST.MF
  creado: Common/
  creado: Common/UI/
  creado: Common/UI/Custom/
  creado: Common/UI/Custom/Pages/
 inflado: Common/UI/Custom/Pages/Buuz135_AdvancedItemInfo_Gui.ui
 inflado: Common/UI/Custom/Pages/Buuz135_AdvancedItemInfo_SearchItemIcon.ui
  creado: Server/
  creado: Server/NPC/
  creado: Server/NPC/Roles/
  creado: com/
  creado: com/buuz135/
  creado: com/buuz135/advancediteminfo/
 inflado: com/buuz135/advancediteminfo/AdvancedItemInfoGui$SearchGuiData.class
 inflado: com/buuz135/advancediteminfo/AdvancedItemInfoGui$SearchResult.class
 inflado: com/buuz135/advancediteminfo/AdvancedItemInfoGui.class
 inflado: com/buuz135/advancediteminfo/Main.class
 inflado: com/buuz135/advancediteminfo/MessageHelper$ML.class
 inflado: com/buuz135/advancediteminfo/MessageHelper.class
 inflado: com/buuz135/advancediteminfo/OpenAdvancedInfoCommand$1.class
 inflado: com/buuz135/advancediteminfo/OpenAdvancedInfoCommand.class
 inflado: manifest.json
[2026-02-15 01:57:55] Desempaquetado: /home/handerson/Descargas/sd/out_yad/AdvancedItemInfo-1.0.5.jar -> /home/handerson/Descargas/sd/out_yad/AdvancedItemInfo-1.0.5
extracting to directory: /home/handerson/Descargas/sd/out_yad/ATK-1.4.5
  creado: META-INF/
 inflado: META-INF/MANIFEST.MF
  creado: Common/
  creado: Common/Config/
 inflado: Common/Config/ore_data.json
  creado: Common/UI/
  creado: Common/UI/Custom/
  creado: Common/UI/Custom/Pages/
 inflado: Common/UI/Custom/Pages/ATK_CategoryButton.ui
 inflado: Common/UI/Custom/Pages/ATK_HowToObtain.ui
 inflado: Common/UI/Custom/Pages/ATK_Ingredient.ui
 inflado: Common/UI/Custom/Pages/ATK_ItemDetail.ui
 inflado: Common/UI/Custom/Pages/ATK_ItemIcon.ui
 inflado: Common/UI/Custom/Pages/ATK_Page.ui
 inflado: Common/UI/Custom/Pages/ATK_RecipeInfo.ui
 inflado: Common/UI/Custom/Pages/ATK_Row.ui
 inflado: Common/UI/Custom/Pages/ATK_SectionHeader.ui
 inflado: Common/UI/Custom/Pages/ATK_SourceItem.ui
 inflado: Common/UI/Custom/Pages/ATK_UsedInItem.ui
  creado: META-INF/maven/
  creado: META-INF/maven/dev.atk.hytale/
  creado: META-INF/maven/dev.atk.hytale/ATK/
 inflado: META-INF/maven/dev.atk.hytale/ATK/pom.properties
 inflado: META-INF/maven/dev.atk.hytale/ATK/pom.xml
  creado: dev/
  creado: dev/jei/
  creado: dev/jei/hytale/
  creado: dev/jei/hytale/jei/
 inflado: dev/jei/hytale/jei/ATKPlugin.class
 inflado: dev/jei/hytale/jei/BookmarkManager.class
 inflado: dev/jei/hytale/jei/ItemSourceManager$ItemSource.class
 inflado: dev/jei/hytale/jei/ItemSourceManager$SourceType.class
 inflado: dev/jei/hytale/jei/ItemSourceManager.class
 inflado: dev/jei/hytale/jei/KeyBindManager.class
 inflado: dev/jei/hytale/jei/ModManager$ModInfo.class
 inflado: dev/jei/hytale/jei/ModManager.class
  creado: dev/jei/hytale/jei/commands/
 inflado: dev/jei/hytale/jei/commands/ATKCommand.class
 inflado: dev/jei/hytale/jei/commands/BindCommand.class
 inflado: dev/jei/hytale/jei/commands/GiveCommand.class
 inflado: dev/jei/hytale/jei/commands/ListCommand.class
 inflado: dev/jei/hytale/jei/commands/SearchCommand.class
 inflado: dev/jei/hytale/jei/commands/UnbindCommand.class
  creado: dev/jei/hytale/jei/detection/
 inflado: dev/jei/hytale/jei/detection/DropTableUtility$DropInfo.class
 inflado: dev/jei/hytale/jei/detection/DropTableUtility.class
 inflado: dev/jei/hytale/jei/detection/MobDropDetector$DropListLookup.class
 inflado: dev/jei/hytale/jei/detection/MobDropDetector.class
 inflado: dev/jei/hytale/jei/detection/OreDetector.class
  creado: dev/jei/hytale/jei/pages/
 inflado: dev/jei/hytale/jei/pages/ATKPage$ATKPageEventData.class
 inflado: dev/jei/hytale/jei/pages/ATKPage.class
 inflado: dev/jei/hytale/jei/pages/HowToObtainPage$HowToObtainEventData.class
 inflado: dev/jei/hytale/jei/pages/HowToObtainPage.class
 inflado: dev/jei/hytale/jei/pages/ItemDetailPage$ItemDetailEventData.class
 inflado: dev/jei/hytale/jei/pages/ItemDetailPage.class
  creado: dev/jei/hytale/jei/systems/
 inflado: dev/jei/hytale/jei/systems/DropItemEventSystem.class
 inflado: manifest.json
[2026-02-15 01:57:55] Desempaquetado: /home/handerson/Descargas/sd/out_yad/ATK-1.4.5.jar -> /home/handerson/Descargas/sd/out_yad/ATK-1.4.5
manifiesto agregado
agregando: Common/(entrada = 0) (salida = 0)(almacenado 0%)
agregando: Common/UI/(entrada = 0) (salida = 0)(almacenado 0%)
agregando: Common/UI/Custom/(entrada = 0) (salida = 0)(almacenado 0%)
agregando: Common/UI/Custom/Buuz135_AdminUI.png(entrada = 13401) (salida = 11687)(desinflado 12%)
agregando: Common/UI/Custom/Common/(entrada = 0) (salida = 0)(almacenado 0%)
agregando: Common/UI/Custom/Common/DropdownDown@2x.png(entrada = 1147) (salida = 853)(desinflado 25%)
agregando: Common/UI/Custom/Pages/(entrada = 0) (salida = 0)(almacenado 0%)
agregando: Common/UI/Custom/Pages/AdminStick/(entrada = 0) (salida = 0)(almacenado 0%)
agregando: Common/UI/Custom/Pages/AdminStick/Buuz135_AdminUI_AdminStickPage.ui(entrada = 4907) (salida = 737)(desinflado 84%)
agregando: Common/UI/Custom/Pages/Backup/(entrada = 0) (salida = 0)(almacenado 0%)
agregando: Common/UI/Custom/Pages/Backup/Buuz135_AdminUI_BackupEntry.ui(entrada = 1322) (salida = 428)(desinflado 67%)
agregando: Common/UI/Custom/Pages/Backup/Buuz135_AdminUI_BackupPage.ui(entrada = 6033) (salida = 1216)(desinflado 79%)
agregando: Common/UI/Custom/Pages/Ban/(entrada = 0) (salida = 0)(almacenado 0%)
agregando: Common/UI/Custom/Pages/Ban/Buuz135_AdminUI_BanEntry.ui(entrada = 1768) (salida = 448)(desinflado 74%)
agregando: Common/UI/Custom/Pages/Ban/Buuz135_AdminUI_BanPage.ui(entrada = 3804) (salida = 896)(desinflado 76%)
agregando: Common/UI/Custom/Pages/Buuz135_AdminUI_Index.ui(entrada = 778) (salida = 351)(desinflado 54%)
agregando: Common/UI/Custom/Pages/Buuz135_AdminUI_IndexEntry.ui(entrada = 504) (salida = 281)(desinflado 44%)
agregando: Common/UI/Custom/Pages/Mute/(entrada = 0) (salida = 0)(almacenado 0%)
agregando: Common/UI/Custom/Pages/Mute/Buuz135_AdminUI_MuteEntry.ui(entrada = 2198) (salida = 466)(desinflado 78%)
agregando: Common/UI/Custom/Pages/Mute/Buuz135_AdminUI_MutePage.ui(entrada = 4533) (salida = 945)(desinflado 79%)
agregando: Common/UI/Custom/Pages/Nav/(entrada = 0) (salida = 0)(almacenado 0%)
agregando: Common/UI/Custom/Pages/Nav/Buuz135_AdminUI_TopNavigationBar.ui(entrada = 2152) (salida = 518)(desinflado 75%)
agregando: Common/UI/Custom/Pages/Nav/Buuz135_AdminUI_TopNavigationBarButton.ui(entrada = 119) (salida = 107)(desinflado 10%)
agregando: Common/UI/Custom/Pages/Player/(entrada = 0) (salida = 0)(almacenado 0%)
agregando: Common/UI/Custom/Pages/Player/Buuz135_AdminUI_PlayerEntry.ui(entrada = 8574) (salida = 1392)(desinflado 83%)
agregando: Common/UI/Custom/Pages/Player/Buuz135_AdminUI_PlayerPage.ui(entrada = 3074) (salida = 827)(desinflado 73%)
agregando: Common/UI/Custom/Pages/Stat/(entrada = 0) (salida = 0)(almacenado 0%)
agregando: Common/UI/Custom/Pages/Stat/Buuz135_AdminUI_StatPage.ui(entrada = 12658) (salida = 1259)(desinflado 90%)
agregando: Common/UI/Custom/Pages/Warp/(entrada = 0) (salida = 0)(almacenado 0%)
agregando: Common/UI/Custom/Pages/Warp/Buuz135_AdminUI_WarpEntry.ui(entrada = 3359) (salida = 672)(desinflado 79%)
agregando: Common/UI/Custom/Pages/Warp/Buuz135_AdminUI_WarpPage.ui(entrada = 3164) (salida = 845)(desinflado 73%)
agregando: Common/UI/Custom/Pages/Whitelist/(entrada = 0) (salida = 0)(almacenado 0%)
agregando: Common/UI/Custom/Pages/Whitelist/Buuz135_AdminUI_WhitelistEntry.ui(entrada = 786) (salida = 349)(desinflado 55%)
agregando: Common/UI/Custom/Pages/Whitelist/Buuz135_AdminUI_WhitelistPage.ui(entrada = 3670) (salida = 923)(desinflado 74%)
agregando: Common/UI/Custom/admin_ui.png(entrada = 8984) (salida = 6235)(desinflado 30%)
ignorando entrada META-INF/
ignorando entrada META-INF/MANIFEST.MF
agregando: Server/(entrada = 0) (salida = 0)(almacenado 0%)
agregando: Server/Item/(entrada = 0) (salida = 0)(almacenado 0%)
agregando: Server/Item/Interactions/(entrada = 0) (salida = 0)(almacenado 0%)
agregando: Server/Item/Interactions/Item/(entrada = 0) (salida = 0)(almacenado 0%)
agregando: Server/Item/Interactions/Item/Buuz135_AdminUI_Open_AdminIndex.json(entrada = 54) (salida = 51)(desinflado 5%)
agregando: Server/Item/Items/(entrada = 0) (salida = 0)(almacenado 0%)
agregando: Server/Item/Items/Ingredient/(entrada = 0) (salida = 0)(almacenado 0%)
agregando: Server/Item/Items/Ingredient/Buuz135_AdminUI_Admin_Stick.json(entrada = 1034) (salida = 411)(desinflado 60%)
agregando: Server/Item/RootInteractions/(entrada = 0) (salida = 0)(almacenado 0%)
agregando: Server/Item/RootInteractions/Buuz135_AdminUI_Admin_Stick.json(entrada = 106) (salida = 89)(desinflado 16%)
agregando: Server/Item/RootInteractions/Item/(entrada = 0) (salida = 0)(almacenado 0%)
agregando: Server/Languages/(entrada = 0) (salida = 0)(almacenado 0%)
agregando: Server/Languages/en-US/(entrada = 0) (salida = 0)(almacenado 0%)
agregando: Server/Languages/en-US/adminui_items.lang(entrada = 202) (salida = 129)(desinflado 36%)
agregando: com/(entrada = 0) (salida = 0)(almacenado 0%)
agregando: com/buuz135/(entrada = 0) (salida = 0)(almacenado 0%)
agregando: com/buuz135/adminui/(entrada = 0) (salida = 0)(almacenado 0%)
agregando: com/buuz135/adminui/AdminUI.class(entrada = 15258) (salida = 5651)(desinflado 62%)
agregando: com/buuz135/adminui/AdminUIIndexRegistry$Entry.class(entrada = 3286) (salida = 1159)(desinflado 64%)
agregando: com/buuz135/adminui/AdminUIIndexRegistry.class(entrada = 3173) (salida = 1282)(desinflado 59%)
agregando: com/buuz135/adminui/command/(entrada = 0) (salida = 0)(almacenado 0%)
agregando: com/buuz135/adminui/command/AdminCommand.class(entrada = 5376) (salida = 1921)(desinflado 64%)
agregando: com/buuz135/adminui/command/AdminShortcutCommand.class(entrada = 6029) (salida = 2194)(desinflado 63%)
agregando: com/buuz135/adminui/gui/(entrada = 0) (salida = 0)(almacenado 0%)
agregando: com/buuz135/adminui/gui/AdminIndexGui$IndexGuiData.class(entrada = 3135) (salida = 1200)(desinflado 61%)
agregando: com/buuz135/adminui/gui/AdminIndexGui.class(entrada = 8232) (salida = 2752)(desinflado 66%)
agregando: com/buuz135/adminui/gui/AdminStickGui$SearchGuiData.class(entrada = 3498) (salida = 1333)(desinflado 61%)
agregando: com/buuz135/adminui/gui/AdminStickGui.class(entrada = 11164) (salida = 3654)(desinflado 67%)
agregando: com/buuz135/adminui/gui/BackupGui$SearchGuiData.class(entrada = 5225) (salida = 1964)(desinflado 62%)
agregando: com/buuz135/adminui/gui/BackupGui.class(entrada = 16132) (salida = 6200)(desinflado 61%)
agregando: com/buuz135/adminui/gui/BanGui$SearchGuiData.class(entrada = 4482) (salida = 1684)(desinflado 62%)
agregando: com/buuz135/adminui/gui/BanGui.class(entrada = 18525) (salida = 6588)(desinflado 64%)
agregando: com/buuz135/adminui/gui/MuteGui$SearchGuiData.class(entrada = 4836) (salida = 1787)(desinflado 63%)
agregando: com/buuz135/adminui/gui/MuteGui.class(entrada = 16200) (salida = 5906)(desinflado 63%)
agregando: com/buuz135/adminui/gui/NavBarHelper.class(entrada = 6159) (salida = 2148)(desinflado 65%)
agregando: com/buuz135/adminui/gui/PlayerGui$SearchGuiData.class(entrada = 4131) (salida = 1546)(desinflado 62%)
agregando: com/buuz135/adminui/gui/PlayerGui.class(entrada = 27628) (salida = 9606)(desinflado 65%)
agregando: com/buuz135/adminui/gui/StatsGui$SearchGuiData.class(entrada = 3102) (salida = 1199)(desinflado 61%)
agregando: com/buuz135/adminui/gui/StatsGui.class(entrada = 12416) (salida = 3952)(desinflado 68%)
agregando: com/buuz135/adminui/gui/WarpGui$SearchGuiData.class(entrada = 4144) (salida = 1558)(desinflado 62%)
agregando: com/buuz135/adminui/gui/WarpGui.class(entrada = 16498) (salida = 5904)(desinflado 64%)
agregando: com/buuz135/adminui/gui/WhitelistGui$SearchGuiData.class(entrada = 4184) (salida = 1560)(desinflado 62%)
agregando: com/buuz135/adminui/gui/WhitelistGui.class(entrada = 15666) (salida = 5579)(desinflado 64%)
agregando: com/buuz135/adminui/interaction/(entrada = 0) (salida = 0)(almacenado 0%)
agregando: com/buuz135/adminui/interaction/AdminStickInteraction.class(entrada = 6376) (salida = 2284)(desinflado 64%)
agregando: com/buuz135/adminui/util/(entrada = 0) (salida = 0)(almacenado 0%)
agregando: com/buuz135/adminui/util/AdminStickCustomConfig$Config.class(entrada = 3143) (salida = 1280)(desinflado 59%)
agregando: com/buuz135/adminui/util/AdminStickCustomConfig.class(entrada = 5889) (salida = 2579)(desinflado 56%)
agregando: com/buuz135/adminui/util/AuthUtil.class(entrada = 3830) (salida = 1551)(desinflado 59%)
agregando: com/buuz135/adminui/util/BackupConfiguration.class(entrada = 2957) (salida = 1302)(desinflado 55%)
agregando: com/buuz135/adminui/util/DurationParser.class(entrada = 1775) (salida = 989)(desinflado 44%)
agregando: com/buuz135/adminui/util/MessageHelper$ML.class(entrada = 1778) (salida = 766)(desinflado 56%)
agregando: com/buuz135/adminui/util/MessageHelper.class(entrada = 532) (salida = 313)(desinflado 41%)
agregando: com/buuz135/adminui/util/MuteTracker$Mute.class(entrada = 2047) (salida = 844)(desinflado 58%)
agregando: com/buuz135/adminui/util/MuteTracker.class(entrada = 6943) (salida = 3008)(desinflado 56%)
agregando: com/buuz135/adminui/util/PermissionList.class(entrada = 3781) (salida = 1646)(desinflado 56%)
agregando: com/buuz135/adminui/util/PlayerTracker$Players.class(entrada = 1932) (salida = 801)(desinflado 58%)
agregando: com/buuz135/adminui/util/PlayerTracker.class(entrada = 6544) (salida = 2726)(desinflado 58%)
agregando: com/buuz135/adminui/util/ReflectionUtil.class(entrada = 1349) (salida = 667)(desinflado 50%)
agregando: manifest.json(entrada = 463) (salida = 267)(desinflado 42%)
[2026-02-15 01:58:34] Empaquetado: /home/handerson/Descargas/sd/out_yad/AdminUI-1.0.5 -> /home/handerson/Descargas/sd/out_yad/AdminUI-1.0.5.jar
manifiesto agregado
agregando: Common/(entrada = 0) (salida = 0)(almacenado 0%)
agregando: Common/UI/(entrada = 0) (salida = 0)(almacenado 0%)
agregando: Common/UI/Custom/(entrada = 0) (salida = 0)(almacenado 0%)
agregando: Common/UI/Custom/Pages/(entrada = 0) (salida = 0)(almacenado 0%)
agregando: Common/UI/Custom/Pages/Buuz135_AdvancedItemInfo_Gui.ui(entrada = 744) (salida = 338)(desinflado 54%)
agregando: Common/UI/Custom/Pages/Buuz135_AdvancedItemInfo_SearchItemIcon.ui(entrada = 524) (salida = 273)(desinflado 47%)
ignorando entrada META-INF/
ignorando entrada META-INF/MANIFEST.MF
agregando: Server/(entrada = 0) (salida = 0)(almacenado 0%)
agregando: Server/NPC/(entrada = 0) (salida = 0)(almacenado 0%)
agregando: Server/NPC/Roles/(entrada = 0) (salida = 0)(almacenado 0%)
agregando: com/(entrada = 0) (salida = 0)(almacenado 0%)
agregando: com/buuz135/(entrada = 0) (salida = 0)(almacenado 0%)
agregando: com/buuz135/advancediteminfo/(entrada = 0) (salida = 0)(almacenado 0%)
agregando: com/buuz135/advancediteminfo/AdvancedItemInfoGui$SearchGuiData.class(entrada = 3232) (salida = 1215)(desinflado 62%)
agregando: com/buuz135/advancediteminfo/AdvancedItemInfoGui$SearchResult.class(entrada = 1806) (salida = 787)(desinflado 56%)
agregando: com/buuz135/advancediteminfo/AdvancedItemInfoGui.class(entrada = 18311) (salida = 6369)(desinflado 65%)
agregando: com/buuz135/advancediteminfo/Main.class(entrada = 6810) (salida = 2192)(desinflado 67%)
agregando: com/buuz135/advancediteminfo/MessageHelper$ML.class(entrada = 1798) (salida = 771)(desinflado 57%)
agregando: com/buuz135/advancediteminfo/MessageHelper.class(entrada = 548) (salida = 320)(desinflado 41%)
agregando: com/buuz135/advancediteminfo/OpenAdvancedInfoCommand$1.class(entrada = 1748) (salida = 731)(desinflado 58%)
agregando: com/buuz135/advancediteminfo/OpenAdvancedInfoCommand.class(entrada = 6715) (salida = 2331)(desinflado 65%)
agregando: manifest.json(entrada = 486) (salida = 283)(desinflado 41%)
[2026-02-15 01:58:34] Empaquetado: /home/handerson/Descargas/sd/out_yad/AdvancedItemInfo-1.0.5 -> /home/handerson/Descargas/sd/out_yad/AdvancedItemInfo-1.0.5.jar
manifiesto agregado
agregando: Common/(entrada = 0) (salida = 0)(almacenado 0%)
agregando: Common/Config/(entrada = 0) (salida = 0)(almacenado 0%)
agregando: Common/Config/ore_data.json(entrada = 4294) (salida = 643)(desinflado 85%)
agregando: Common/UI/(entrada = 0) (salida = 0)(almacenado 0%)
agregando: Common/UI/Custom/(entrada = 0) (salida = 0)(almacenado 0%)
agregando: Common/UI/Custom/Pages/(entrada = 0) (salida = 0)(almacenado 0%)
agregando: Common/UI/Custom/Pages/ATK_CategoryButton.ui(entrada = 363) (salida = 215)(desinflado 40%)
agregando: Common/UI/Custom/Pages/ATK_HowToObtain.ui(entrada = 1265) (salida = 476)(desinflado 62%)
agregando: Common/UI/Custom/Pages/ATK_Ingredient.ui(entrada = 554) (salida = 298)(desinflado 46%)
agregando: Common/UI/Custom/Pages/ATK_ItemDetail.ui(entrada = 6136) (salida = 1047)(desinflado 82%)
agregando: Common/UI/Custom/Pages/ATK_ItemIcon.ui(entrada = 521) (salida = 274)(desinflado 47%)
agregando: Common/UI/Custom/Pages/ATK_Page.ui(entrada = 2529) (salida = 709)(desinflado 71%)
agregando: Common/UI/Custom/Pages/ATK_RecipeInfo.ui(entrada = 611) (salida = 285)(desinflado 53%)
agregando: Common/UI/Custom/Pages/ATK_Row.ui(entrada = 57) (salida = 55)(desinflado 3%)
agregando: Common/UI/Custom/Pages/ATK_SectionHeader.ui(entrada = 201) (salida = 147)(desinflado 26%)
agregando: Common/UI/Custom/Pages/ATK_SourceItem.ui(entrada = 749) (salida = 305)(desinflado 59%)
agregando: Common/UI/Custom/Pages/ATK_UsedInItem.ui(entrada = 673) (salida = 332)(desinflado 50%)
ignorando entrada META-INF/
ignorando entrada META-INF/MANIFEST.MF
agregando: META-INF/maven/(entrada = 0) (salida = 0)(almacenado 0%)
agregando: META-INF/maven/dev.atk.hytale/(entrada = 0) (salida = 0)(almacenado 0%)
agregando: META-INF/maven/dev.atk.hytale/ATK/(entrada = 0) (salida = 0)(almacenado 0%)
agregando: META-INF/maven/dev.atk.hytale/ATK/pom.properties(entrada = 55) (salida = 55)(desinflado 0%)
agregando: META-INF/maven/dev.atk.hytale/ATK/pom.xml(entrada = 971) (salida = 405)(desinflado 58%)
agregando: dev/(entrada = 0) (salida = 0)(almacenado 0%)
agregando: dev/jei/(entrada = 0) (salida = 0)(almacenado 0%)
agregando: dev/jei/hytale/(entrada = 0) (salida = 0)(almacenado 0%)
agregando: dev/jei/hytale/jei/(entrada = 0) (salida = 0)(almacenado 0%)
agregando: dev/jei/hytale/jei/ATKPlugin.class(entrada = 4336) (salida = 1729)(desinflado 60%)
agregando: dev/jei/hytale/jei/BookmarkManager.class(entrada = 3438) (salida = 1469)(desinflado 57%)
agregando: dev/jei/hytale/jei/ItemSourceManager$ItemSource.class(entrada = 1323) (salida = 560)(desinflado 57%)
agregando: dev/jei/hytale/jei/ItemSourceManager$SourceType.class(entrada = 2727) (salida = 1368)(desinflado 49%)
agregando: dev/jei/hytale/jei/ItemSourceManager.class(entrada = 12633) (salida = 5919)(desinflado 53%)
agregando: dev/jei/hytale/jei/KeyBindManager.class(entrada = 1091) (salida = 581)(desinflado 46%)
agregando: dev/jei/hytale/jei/ModManager$ModInfo.class(entrada = 513) (salida = 326)(desinflado 36%)
agregando: dev/jei/hytale/jei/ModManager.class(entrada = 8567) (salida = 3973)(desinflado 53%)
agregando: dev/jei/hytale/jei/commands/(entrada = 0) (salida = 0)(almacenado 0%)
agregando: dev/jei/hytale/jei/commands/ATKCommand.class(entrada = 4399) (salida = 1805)(desinflado 58%)
agregando: dev/jei/hytale/jei/commands/BindCommand.class(entrada = 2565) (salida = 1146)(desinflado 55%)
agregando: dev/jei/hytale/jei/commands/GiveCommand.class(entrada = 5306) (salida = 1977)(desinflado 62%)
agregando: dev/jei/hytale/jei/commands/ListCommand.class(entrada = 2686) (salida = 1254)(desinflado 53%)
agregando: dev/jei/hytale/jei/commands/SearchCommand.class(entrada = 4192) (salida = 1535)(desinflado 63%)
agregando: dev/jei/hytale/jei/commands/UnbindCommand.class(entrada = 2581) (salida = 1155)(desinflado 55%)
agregando: dev/jei/hytale/jei/detection/(entrada = 0) (salida = 0)(almacenado 0%)
agregando: dev/jei/hytale/jei/detection/DropTableUtility$DropInfo.class(entrada = 1856) (salida = 969)(desinflado 47%)
agregando: dev/jei/hytale/jei/detection/DropTableUtility.class(entrada = 11057) (salida = 3909)(desinflado 64%)
agregando: dev/jei/hytale/jei/detection/MobDropDetector$DropListLookup.class(entrada = 629) (salida = 362)(desinflado 42%)
agregando: dev/jei/hytale/jei/detection/MobDropDetector.class(entrada = 19272) (salida = 8483)(desinflado 55%)
agregando: dev/jei/hytale/jei/detection/OreDetector.class(entrada = 8468) (salida = 4012)(desinflado 52%)
agregando: dev/jei/hytale/jei/pages/(entrada = 0) (salida = 0)(almacenado 0%)
agregando: dev/jei/hytale/jei/pages/ATKPage$ATKPageEventData.class(entrada = 4527) (salida = 1590)(desinflado 64%)
agregando: dev/jei/hytale/jei/pages/ATKPage.class(entrada = 25802) (salida = 11227)(desinflado 56%)
agregando: dev/jei/hytale/jei/pages/HowToObtainPage$HowToObtainEventData.class(entrada = 3097) (salida = 1125)(desinflado 63%)
agregando: dev/jei/hytale/jei/pages/HowToObtainPage.class(entrada = 10199) (salida = 3713)(desinflado 63%)
agregando: dev/jei/hytale/jei/pages/ItemDetailPage$ItemDetailEventData.class(entrada = 3688) (salida = 1327)(desinflado 64%)
agregando: dev/jei/hytale/jei/pages/ItemDetailPage.class(entrada = 32185) (salida = 13682)(desinflado 57%)
agregando: dev/jei/hytale/jei/systems/(entrada = 0) (salida = 0)(almacenado 0%)
agregando: dev/jei/hytale/jei/systems/DropItemEventSystem.class(entrada = 5221) (salida = 1477)(desinflado 71%)
agregando: manifest.json(entrada = 452) (salida = 260)(desinflado 42%)
[2026-02-15 01:58:34] Empaquetado: /home/handerson/Descargas/sd/out_yad/ATK-1.4.5 -> /home/handerson/Descargas/sd/out_yad/ATK-1.4.5.jar
extracting to directory: /home/handerson/Descargas/sd/out_zenity/AdminUI-1.0.5
  creado: META-INF/
 inflado: META-INF/MANIFEST.MF
  creado: Common/
  creado: Common/UI/
  creado: Common/UI/Custom/
 inflado: Common/UI/Custom/Buuz135_AdminUI.png
  creado: Common/UI/Custom/Common/
 inflado: Common/UI/Custom/Common/DropdownDown@2x.png
  creado: Common/UI/Custom/Pages/
  creado: Common/UI/Custom/Pages/AdminStick/
 inflado: Common/UI/Custom/Pages/AdminStick/Buuz135_AdminUI_AdminStickPage.ui
  creado: Common/UI/Custom/Pages/Backup/
 inflado: Common/UI/Custom/Pages/Backup/Buuz135_AdminUI_BackupEntry.ui
 inflado: Common/UI/Custom/Pages/Backup/Buuz135_AdminUI_BackupPage.ui
  creado: Common/UI/Custom/Pages/Ban/
 inflado: Common/UI/Custom/Pages/Ban/Buuz135_AdminUI_BanEntry.ui
 inflado: Common/UI/Custom/Pages/Ban/Buuz135_AdminUI_BanPage.ui
 inflado: Common/UI/Custom/Pages/Buuz135_AdminUI_Index.ui
 inflado: Common/UI/Custom/Pages/Buuz135_AdminUI_IndexEntry.ui
  creado: Common/UI/Custom/Pages/Mute/
 inflado: Common/UI/Custom/Pages/Mute/Buuz135_AdminUI_MuteEntry.ui
 inflado: Common/UI/Custom/Pages/Mute/Buuz135_AdminUI_MutePage.ui
  creado: Common/UI/Custom/Pages/Nav/
 inflado: Common/UI/Custom/Pages/Nav/Buuz135_AdminUI_TopNavigationBar.ui
 inflado: Common/UI/Custom/Pages/Nav/Buuz135_AdminUI_TopNavigationBarButton.ui
  creado: Common/UI/Custom/Pages/Player/
 inflado: Common/UI/Custom/Pages/Player/Buuz135_AdminUI_PlayerEntry.ui
 inflado: Common/UI/Custom/Pages/Player/Buuz135_AdminUI_PlayerPage.ui
  creado: Common/UI/Custom/Pages/Stat/
 inflado: Common/UI/Custom/Pages/Stat/Buuz135_AdminUI_StatPage.ui
  creado: Common/UI/Custom/Pages/Warp/
 inflado: Common/UI/Custom/Pages/Warp/Buuz135_AdminUI_WarpEntry.ui
 inflado: Common/UI/Custom/Pages/Warp/Buuz135_AdminUI_WarpPage.ui
  creado: Common/UI/Custom/Pages/Whitelist/
 inflado: Common/UI/Custom/Pages/Whitelist/Buuz135_AdminUI_WhitelistEntry.ui
 inflado: Common/UI/Custom/Pages/Whitelist/Buuz135_AdminUI_WhitelistPage.ui
 inflado: Common/UI/Custom/admin_ui.png
  creado: Server/
  creado: Server/Item/
  creado: Server/Item/Interactions/
  creado: Server/Item/Interactions/Item/
 inflado: Server/Item/Interactions/Item/Buuz135_AdminUI_Open_AdminIndex.json
  creado: Server/Item/Items/
  creado: Server/Item/Items/Ingredient/
 inflado: Server/Item/Items/Ingredient/Buuz135_AdminUI_Admin_Stick.json
  creado: Server/Item/RootInteractions/
 inflado: Server/Item/RootInteractions/Buuz135_AdminUI_Admin_Stick.json
  creado: Server/Item/RootInteractions/Item/
  creado: Server/Languages/
  creado: Server/Languages/en-US/
 inflado: Server/Languages/en-US/adminui_items.lang
  creado: com/
  creado: com/buuz135/
  creado: com/buuz135/adminui/
 inflado: com/buuz135/adminui/AdminUI.class
 inflado: com/buuz135/adminui/AdminUIIndexRegistry$Entry.class
 inflado: com/buuz135/adminui/AdminUIIndexRegistry.class
  creado: com/buuz135/adminui/command/
 inflado: com/buuz135/adminui/command/AdminCommand.class
 inflado: com/buuz135/adminui/command/AdminShortcutCommand.class
  creado: com/buuz135/adminui/gui/
 inflado: com/buuz135/adminui/gui/AdminIndexGui$IndexGuiData.class
 inflado: com/buuz135/adminui/gui/AdminIndexGui.class
 inflado: com/buuz135/adminui/gui/AdminStickGui$SearchGuiData.class
 inflado: com/buuz135/adminui/gui/AdminStickGui.class
 inflado: com/buuz135/adminui/gui/BackupGui$SearchGuiData.class
 inflado: com/buuz135/adminui/gui/BackupGui.class
 inflado: com/buuz135/adminui/gui/BanGui$SearchGuiData.class
 inflado: com/buuz135/adminui/gui/BanGui.class
 inflado: com/buuz135/adminui/gui/MuteGui$SearchGuiData.class
 inflado: com/buuz135/adminui/gui/MuteGui.class
 inflado: com/buuz135/adminui/gui/NavBarHelper.class
 inflado: com/buuz135/adminui/gui/PlayerGui$SearchGuiData.class
 inflado: com/buuz135/adminui/gui/PlayerGui.class
 inflado: com/buuz135/adminui/gui/StatsGui$SearchGuiData.class
 inflado: com/buuz135/adminui/gui/StatsGui.class
 inflado: com/buuz135/adminui/gui/WarpGui$SearchGuiData.class
 inflado: com/buuz135/adminui/gui/WarpGui.class
 inflado: com/buuz135/adminui/gui/WhitelistGui$SearchGuiData.class
 inflado: com/buuz135/adminui/gui/WhitelistGui.class
  creado: com/buuz135/adminui/interaction/
 inflado: com/buuz135/adminui/interaction/AdminStickInteraction.class
  creado: com/buuz135/adminui/util/
 inflado: com/buuz135/adminui/util/AdminStickCustomConfig$Config.class
 inflado: com/buuz135/adminui/util/AdminStickCustomConfig.class
 inflado: com/buuz135/adminui/util/AuthUtil.class
 inflado: com/buuz135/adminui/util/BackupConfiguration.class
 inflado: com/buuz135/adminui/util/DurationParser.class
 inflado: com/buuz135/adminui/util/MessageHelper$ML.class
 inflado: com/buuz135/adminui/util/MessageHelper.class
 inflado: com/buuz135/adminui/util/MuteTracker$Mute.class
 inflado: com/buuz135/adminui/util/MuteTracker.class
 inflado: com/buuz135/adminui/util/PermissionList.class
 inflado: com/buuz135/adminui/util/PlayerTracker$Players.class
 inflado: com/buuz135/adminui/util/PlayerTracker.class
 inflado: com/buuz135/adminui/util/ReflectionUtil.class
 inflado: manifest.json
[2026-02-15 22:28:49] Desempaquetado: /home/handerson/Descargas/sd/out_yad/AdminUI-1.0.5.jar -> /home/handerson/Descargas/sd/out_zenity/AdminUI-1.0.5
extracting to directory: /home/handerson/Descargas/sd/out_zenity/AdvancedItemInfo-1.0.5
  creado: META-INF/
 inflado: META-INF/MANIFEST.MF
  creado: Common/
  creado: Common/UI/
  creado: Common/UI/Custom/
  creado: Common/UI/Custom/Pages/
 inflado: Common/UI/Custom/Pages/Buuz135_AdvancedItemInfo_Gui.ui
 inflado: Common/UI/Custom/Pages/Buuz135_AdvancedItemInfo_SearchItemIcon.ui
  creado: Server/
  creado: Server/NPC/
  creado: Server/NPC/Roles/
  creado: com/
  creado: com/buuz135/
  creado: com/buuz135/advancediteminfo/
 inflado: com/buuz135/advancediteminfo/AdvancedItemInfoGui$SearchGuiData.class
 inflado: com/buuz135/advancediteminfo/AdvancedItemInfoGui$SearchResult.class
 inflado: com/buuz135/advancediteminfo/AdvancedItemInfoGui.class
 inflado: com/buuz135/advancediteminfo/Main.class
 inflado: com/buuz135/advancediteminfo/MessageHelper$ML.class
 inflado: com/buuz135/advancediteminfo/MessageHelper.class
 inflado: com/buuz135/advancediteminfo/OpenAdvancedInfoCommand$1.class
 inflado: com/buuz135/advancediteminfo/OpenAdvancedInfoCommand.class
 inflado: manifest.json
[2026-02-15 22:28:49] Desempaquetado: /home/handerson/Descargas/sd/out_yad/AdvancedItemInfo-1.0.5.jar -> /home/handerson/Descargas/sd/out_zenity/AdvancedItemInfo-1.0.5
extracting to directory: /home/handerson/Descargas/sd/out_zenity/ATK-1.4.5
  creado: META-INF/
 inflado: META-INF/MANIFEST.MF
  creado: Common/
  creado: Common/Config/
 inflado: Common/Config/ore_data.json
  creado: Common/UI/
  creado: Common/UI/Custom/
  creado: Common/UI/Custom/Pages/
 inflado: Common/UI/Custom/Pages/ATK_CategoryButton.ui
 inflado: Common/UI/Custom/Pages/ATK_HowToObtain.ui
 inflado: Common/UI/Custom/Pages/ATK_Ingredient.ui
 inflado: Common/UI/Custom/Pages/ATK_ItemDetail.ui
 inflado: Common/UI/Custom/Pages/ATK_ItemIcon.ui
 inflado: Common/UI/Custom/Pages/ATK_Page.ui
 inflado: Common/UI/Custom/Pages/ATK_RecipeInfo.ui
 inflado: Common/UI/Custom/Pages/ATK_Row.ui
 inflado: Common/UI/Custom/Pages/ATK_SectionHeader.ui
 inflado: Common/UI/Custom/Pages/ATK_SourceItem.ui
 inflado: Common/UI/Custom/Pages/ATK_UsedInItem.ui
  creado: META-INF/maven/
  creado: META-INF/maven/dev.atk.hytale/
  creado: META-INF/maven/dev.atk.hytale/ATK/
 inflado: META-INF/maven/dev.atk.hytale/ATK/pom.properties
 inflado: META-INF/maven/dev.atk.hytale/ATK/pom.xml
  creado: dev/
  creado: dev/jei/
  creado: dev/jei/hytale/
  creado: dev/jei/hytale/jei/
 inflado: dev/jei/hytale/jei/ATKPlugin.class
 inflado: dev/jei/hytale/jei/BookmarkManager.class
 inflado: dev/jei/hytale/jei/ItemSourceManager$ItemSource.class
 inflado: dev/jei/hytale/jei/ItemSourceManager$SourceType.class
 inflado: dev/jei/hytale/jei/ItemSourceManager.class
 inflado: dev/jei/hytale/jei/KeyBindManager.class
 inflado: dev/jei/hytale/jei/ModManager$ModInfo.class
 inflado: dev/jei/hytale/jei/ModManager.class
  creado: dev/jei/hytale/jei/commands/
 inflado: dev/jei/hytale/jei/commands/ATKCommand.class
 inflado: dev/jei/hytale/jei/commands/BindCommand.class
 inflado: dev/jei/hytale/jei/commands/GiveCommand.class
 inflado: dev/jei/hytale/jei/commands/ListCommand.class
 inflado: dev/jei/hytale/jei/commands/SearchCommand.class
 inflado: dev/jei/hytale/jei/commands/UnbindCommand.class
  creado: dev/jei/hytale/jei/detection/
 inflado: dev/jei/hytale/jei/detection/DropTableUtility$DropInfo.class
 inflado: dev/jei/hytale/jei/detection/DropTableUtility.class
 inflado: dev/jei/hytale/jei/detection/MobDropDetector$DropListLookup.class
 inflado: dev/jei/hytale/jei/detection/MobDropDetector.class
 inflado: dev/jei/hytale/jei/detection/OreDetector.class
  creado: dev/jei/hytale/jei/pages/
 inflado: dev/jei/hytale/jei/pages/ATKPage$ATKPageEventData.class
 inflado: dev/jei/hytale/jei/pages/ATKPage.class
 inflado: dev/jei/hytale/jei/pages/HowToObtainPage$HowToObtainEventData.class
 inflado: dev/jei/hytale/jei/pages/HowToObtainPage.class
 inflado: dev/jei/hytale/jei/pages/ItemDetailPage$ItemDetailEventData.class
 inflado: dev/jei/hytale/jei/pages/ItemDetailPage.class
  creado: dev/jei/hytale/jei/systems/
 inflado: dev/jei/hytale/jei/systems/DropItemEventSystem.class
 inflado: manifest.json
[2026-02-15 22:28:49] Desempaquetado: /home/handerson/Descargas/sd/out_yad/ATK-1.4.5.jar -> /home/handerson/Descargas/sd/out_zenity/ATK-1.4.5
